area,severity_score,historical_area_risk,report_density,accessibility_risk,risk_score,risk_label_binary
Grand Total,0.8333349043878346,0.9521907334045265,0.32320534552496916,0.3265455029678724,0.6909473311072747,1
Grand Total,0.6249379230687926,0.9521907334045265,0.6283197232896456,0.537220165385231,0.7106324625611492,1
Grand Total,0.9366068842673461,0.9521907334045265,0.5620333662106408,0.5176472152656417,0.8035233850469036,1
Grand Total,0.844265761617571,0.9521907334045265,0.6205800646518618,0.6195287473105622,0.7981955616144645,1
Grand Total,0.6300792112076139,0.9521907334045265,0.5469544112225586,0.5165341369645566,0.693055946733218,1
Grand Total,0.8187330288114798,0.9521907334045265,0.5752024605996882,0.3151965367614466,0.7345337527395306,1
Grand Total,0.7289602248112339,0.9521907334045265,0.6231105905593979,0.3961000058837714,0.7248304176997351,1
Grand Total,0.9212883323680235,0.9521907334045265,0.3943935157627938,0.3783160720441491,0.7437342503093473,1
Grand Total,0.8041224625247387,0.9521907334045265,0.5901178316412086,0.5287296828180788,0.76443310065597,1
Grand Total,0.7097730091123378,0.9521907334045265,0.36681733995742166,0.507734246455402,0.6836013781704707,1
Grand Total,0.7022921338640893,0.9521907334045265,0.6553319157842246,0.42783203197661945,0.7267006548271271,1
Grand Total,1.0,0.9521907334045265,0.5369683447154685,0.30527050651213666,0.788841464941272,1
Grand Total,0.8566820858702913,0.9521907334045265,0.7147026509389519,0.41472154331887345,0.7906447117615814,1
Grand Total,0.7354018170868926,0.9521907334045265,0.3520568958290523,0.48290356537063567,0.6858947699731762,1
Grand Total,0.6633305541370824,0.9521907334045265,0.48155678253650536,0.5960597206614591,0.7035432285758567,1
Grand Total,0.9293486122530256,0.9521907334045265,0.7459901917417291,0.25169280546583767,0.7978811934781382,1
Grand Total,0.6683084062012715,0.9521907334045265,0.4672996837406991,0.379429284013883,0.6699394915420251,1
Grand Total,0.8290094480832936,0.9521907334045265,0.6574766876108497,0.37598217188207184,0.7637031901549913,1
Grand Total,0.6306362277716475,0.9521907334045265,0.5386110327858235,0.5564766184715835,0.6975735990693368,1
Grand Total,0.6965888035706966,0.9521907334045265,0.5125319681352296,0.5250762669510924,0.7107311349408115,1
Grand Total,0.977617797842817,0.9521907334045265,0.5484412071153123,0.24343403315776313,0.7740267956630709,1
Grand Total,0.7095121122275592,0.9521907334045265,0.5792458758638384,0.6099516800726485,0.7413283864846686,1
Grand Total,0.8392492488158451,0.9521907334045265,0.6432482931644075,0.6627110856641207,0.8074507785894033,1
Grand Total,0.7183436107058908,0.9521907334045265,0.6376919477571231,0.6268123984128958,0.7586377330817787,1
Grand Total,0.8753466086927437,0.9521907334045265,0.7881461487668258,0.6957720624353733,0.8540235721824894,1
Grand Total,0.8195669294570399,0.9521907334045265,0.9482224048060954,0.27571842599634366,0.8035078901919926,1
Grand Total,0.6472507392381874,0.9521907334045265,0.41922762652182377,0.33654333508541406,0.6465220043219003,1
Grand Total,0.46209471958784337,0.9521907334045265,0.38069316716935425,0.933190956966365,0.6635076488559287,1
Grand Total,0.8399658292013287,0.9521907334045265,0.7862107506987646,0.5920935720424603,0.8257014461879449,1
Grand Total,0.7356145561165972,0.9521907334045265,0.512002581741529,0.6233723483166046,0.7390286832579634,1
Grand Total,0.7785010207884915,0.9521907334045265,0.4056447633769868,0.8501168541318326,0.7667790580925022,1
Grand Total,0.8254942190755054,0.9521907334045265,0.34102157736427197,0.2470735152908211,0.6798455394642624,1
Grand Total,0.6936113646910461,0.9521907334045265,0.5712789141921677,0.3482711574466151,0.6949176541186498,1
Grand Total,0.7358527824202938,0.9521907334045265,0.5657452703544079,0.7860691996338253,0.7742651278844163,1
Grand Total,0.719351289869916,0.9521907334045265,0.5233031601175637,0.4738980880772182,0.7131755167109239,1
Grand Total,1.0,0.9521907334045265,0.5999817837500032,0.5232704615722491,0.8341441460071959,1
Grand Total,0.7441686396811082,0.9521907334045265,0.5109944812786851,0.3493922444468688,0.7007239768325131,1
Grand Total,1.0,0.9521907334045265,0.7225132578952544,0.3016658483861846,0.8254097488583365,1
Grand Total,0.8880628950324361,0.9521907334045265,0.26103927107735153,0.8323261124252146,0.7735360043619631,1
Grand Total,0.4937988381303274,0.9521907334045265,0.632333842063055,0.6073332238537053,0.6760535653576393,1
Grand Total,0.8271476131027476,0.9521907334045265,0.3905915450329645,0.6820596354107389,0.7555861389255234,1
Grand Total,0.6446399488457755,0.9521907334045265,0.3458897537760721,0.6126531799133776,0.6723571298596004,1
Grand Total,1.0,0.9521907334045265,0.3731678416997792,0.7587506105459586,0.8241033799432076,1
Grand Total,0.49025580135064334,0.9521907334045265,0.3624520993917388,0.4638373112651213,0.5993127670621992,1
Grand Total,0.8033692878025998,0.9521907334045265,0.5637124483845188,0.3993576087207221,0.73948260173728,1
Grand Total,0.8722959360638173,0.9521907334045265,0.40543233858660616,0.5804095785937103,0.7591087021500716,1
Grand Total,0.9133839319830303,0.9521907334045265,0.3892906867341583,0.5024286566986921,0.7585640320670539,1
Grand Total,0.7950686285501767,0.9521907334045265,0.5104607501856941,0.3245024484469464,0.7146987573181005,1
Grand Total,0.8491947743188224,0.9521907334045265,0.36736861159789946,0.7275586136500273,0.7654829054000298,1
Grand Total,0.660714840228277,0.9521907334045265,0.534625235916397,0.9182021408580207,0.7615627824132374,1
Total,0.650325485335199,0.7999852362504551,0.6478077543195807,0.7585432111116565,0.7109525232731209,1
Total,0.9037165846566542,0.7999852362504551,0.34720506699042625,0.6169923639280228,0.7182862434922541,1
Total,0.6274318050236248,0.7999852362504551,0.3495024131506009,0.5665509710170445,0.614479830916082,1
Total,0.8214441573682756,0.7999852362504551,0.526698909005169,0.6807582088062641,0.7349545390760063,1
Total,0.8145332334720682,0.7999852362504551,0.5341438678190937,0.2973730479716989,0.6765169333499341,1
Total,0.9053450171129686,0.7999852362504551,0.47658229567862925,0.6703044248204009,0.7527284497234615,1
Total,0.44088240687180785,0.7999852362504551,0.7568737634780571,0.8861972062163886,0.6786087469083391,1
Total,0.42902085277370505,0.7999852362504551,0.42633154347903546,0.6226188660494354,0.5688120079491557,1
Total,1.0,0.7999852362504551,0.27893550075606405,0.5286758619320409,0.7250840503161555,1
Total,0.7564745445107899,0.7999852362504551,0.8127974408825688,0.47587613438032694,0.7387025697874758,1
Total,0.9165996352447462,0.7999852362504551,0.24679729087817942,0.5452830020610931,0.6919573516955976,1
Total,0.7466032396242945,0.7999852362504551,0.2973804752675755,0.37493245421089094,0.6170226679287883,1
Total,0.6547183770124809,0.7999852362504551,0.4613311441374285,0.39535998809824796,0.6207172298717277,1
Total,0.7191989268520939,0.7999852362504551,0.31769420526244074,0.3517096828923879,0.6080104887597158,1
Total,0.6977569102355119,0.7999852362504551,0.4849874812092788,0.7186230815889714,0.6890014479377672,1
Total,0.27620740246872727,0.7999852362504551,0.37494069245679984,0.8774549406170067,0.543274541323102,0
Total,0.9999942630426365,0.7999852362504551,0.25164179396470887,0.5663041217777797,0.725267539999668,1
Total,0.6162874419987308,0.7999852362504551,0.8229039328900837,0.4437667870900027,0.6868419802162096,1
Total,0.8073970462575204,0.7999852362504551,0.8019222388276024,0.45606347960617577,0.7513785067717156,1
Total,0.5648055535373777,0.7999852362504551,0.2873692326564248,0.697305681567012,0.5997472133795554,1
Total,0.5984534881695543,0.7999852362504551,0.5802779287483345,0.23807551387014741,0.6012212045646695,1
Total,0.6370448885318251,0.7999852362504551,0.24860666202284787,0.27230270186781436,0.5535280195460169,1
Total,0.8358487680177846,0.7999852362504551,0.8002560677556649,0.7596235815371718,0.8065373904630699,1
Total,0.7395836828486192,0.7999852362504551,0.41981947449694024,0.2837739129481629,0.6253798417137657,1
Total,0.7419246569473541,0.7999852362504551,0.8671112808106587,0.33633359297046583,0.7235414959144121,1
Total,0.4191748552349827,0.7999852362504551,0.8971137436446808,0.7089719734570076,0.6724753149548678,1
Total,0.772876468373582,0.7999852362504551,0.758334722981865,0.4687903839311277,0.7324878369919323,1
Total,0.6316200111827915,0.7999852362504551,0.3140738256639821,0.4278003998391119,0.5880473998977768,1
Total,0.3046734440012764,0.7999852362504551,0.5964529814751274,0.2663594873387737,0.5058757956714248,0
Total,0.5244468866638972,0.7999852362504551,0.5579146039744494,0.4907682906655353,0.6087501456022207,1
Total,0.8362928129688268,0.7999852362504551,0.33430994454760027,0.26429873940671,0.6392048552347523,1
Total,0.692681147666505,0.7999852362504551,0.8283043148063949,0.6091087652826965,0.7394611503120967,1
Total,0.50847689876401,0.7999852362504551,0.47984573698966965,0.4366096903350166,0.5794230863907264,1
Total,0.4184163973221862,0.7999852362504551,0.2156897085552096,0.19908907135519793,0.4594426123522233,0
Total,0.8029269192909659,0.7999852362504551,0.40789859830519926,0.23501326935618322,0.637851702691442,1
Total,0.5442402847070618,0.7999852362504551,0.5476534682780647,0.5033991871915187,0.6155202422569489,1
Total,0.3889433529641518,0.7999852362504551,0.6242033185686511,0.7069636405722639,0.6070109542121594,1
Total,0.7121629288210334,0.7999852362504551,0.4582872844600911,0.28168955813969215,0.6231634865754703,1
Total,0.8709517554451185,0.7999852362504551,0.46092181898746454,0.3651423488719473,0.691784401409213,1
Total,0.802013282931261,0.7999852362504551,0.5354633448175443,0.6391525894132365,0.7236657772765722,1
Total,0.5149275673882538,0.7999852362504551,0.41123653024065154,0.4871225214877336,0.5755359037323158,1
Total,0.673618372142612,0.7999852362504551,0.4189904102594369,0.49597674853016005,0.6339565954564621,1
Total,0.5048961361162213,0.7999852362504551,0.5026223416437181,0.21893449657952513,0.5500738613314864,1
Total,0.928547525519835,0.7999852362504551,0.7418340647300532,0.25604338908178853,0.7517605261153577,1
Total,0.6495242958054782,0.7999852362504551,0.5663323021264483,0.27816491442333585,0.6223202719958438,1
Total,0.5826857409214413,0.7999852362504551,0.6690388001007286,0.47609353125854637,0.6491573699065687,1
Total,0.7864872178512117,0.7999852362504551,0.33241240474705885,0.5184553120680285,0.6595168748826766,1
Total,0.6047160120247647,0.7999852362504551,0.5638174420202151,0.7849923042940047,0.6821585091319479,1
Total,0.670219239111161,0.7999852362504551,0.42908656310397586,0.396953457542804,0.6199326358162587,1
Total,0.934083884469065,0.7999852362504551,0.5849386599632531,0.37839779146576186,0.7406723311518242,1
North Total,0.6729865142222413,0.29801196516539563,0.2140621168984347,0.45544042244714084,0.43607735627416117,0
North Total,0.37210804417137877,0.29801196516539563,0.7871793801851497,0.18245778788291608,0.4044459492290686,0
North Total,0.3721151982786616,0.29801196516539563,0.3536114392841676,0.6309052931664745,0.38500199077895497,0
North Total,0.5055660393273586,0.29801196516539563,0.16784881966084708,0.43170438296773617,0.364677124691524,0
North Total,0.5648037161995967,0.29801196516539563,0.48050887259545705,0.15063661868403544,0.40578215754117425,0
North Total,0.522195136227537,0.29801196516539563,0.35923530959251854,0.27299840387351126,0.384968709728787,0
North Total,0.27486820389924055,0.29801196516539563,0.2713258934903042,0.23701902871377248,0.27542549391947957,0
North Total,0.3036834678000838,0.29801196516539563,0.4742654774892539,0.250421502501606,0.32810912415273974,0
North Total,0.4649926368123643,0.29801196516539563,0.48571464056212743,0.7525608536208145,0.46217806858949384,0
North Total,0.5675119494103117,0.29801196516539563,0.12862523573277274,0.4364207684308107,0.3792209342544039,0
North Total,0.592881615929415,0.29801196516539563,0.23536638665681528,0.6610487556593082,0.4431427458051732,0
North Total,0.6221335012455919,0.29801196516539563,0.28931520401724764,0.21039991976389155,0.3965733437536091,0
North Total,0.5453431801607288,0.29801196516539563,0.36726610925482,0.21847184606750913,0.3864977013669641,0
North Total,0.2959975165988936,0.29801196516539563,0.2141561385774258,0.43623844863317396,0.3012697153696927,0
North Total,0.5950096245648309,0.29801196516539563,0.10351949344367142,0.63094360076919,0.41300239695142227,0
North Total,0.3890802096060516,0.29801196516539563,0.3929956418398594,0.37506320728765946,0.3604402723728576,0
North Total,0.5024520440515063,0.29801196516539563,0.26801222204631026,0.3470446579763607,0.37092094807336207,0
North Total,0.5038419801477496,0.29801196516539563,0.5307443216363215,0.3893201195594856,0.4302951648625182,0
North Total,0.7458344169867706,0.29801196516539563,0.3258090740731343,0.1402364495262765,0.4366429177385567,0
North Total,0.4486659585577243,0.29801196516539563,0.30569525587742297,0.27599394415305756,0.3489748178432654,0
North Total,0.45688080791008034,0.29801196516539563,0.3925777478792276,0.1386710222659551,0.3486280752338856,0
North Total,0.376809382386318,0.29801196516539563,0.3232343656267824,0.5070490768469498,0.3619911080372289,0
North Total,0.7076581837509139,0.29801196516539563,0.44584528114266825,0.3324438645571925,0.4761195897745511,0
North Total,0.7187470965298838,0.29801196516539563,0.4971007352874432,0.32429865344486847,0.4890300184092969,0
North Total,0.4190767078238078,0.29801196516539563,0.34935214930178143,0.26773329928469636,0.34611086204101216,0
North Total,0.802946807932611,0.29801196516539563,0.5910580840912267,0.22124092037699486,0.5218327272008271,0
North Total,0.7160253492017135,0.29801196516539563,0.35523954563900645,0.8914033259151882,0.5447708697852979,0
North Total,0.4867204030731904,0.29801196516539563,0.48683491626557474,0.4264710634139146,0.42109337339043745,0
North Total,0.38303843950350897,0.29801196516539563,0.44426218122280886,0.10272362282944447,0.3277280230448253,0
North Total,0.43827591376654257,0.29801196516539563,0.18546391008332108,0.694592269078649,0.3840817817463701,0
North Total,0.14064190994387998,0.29801196516539563,0.32762861834662893,0.22328354990697286,0.2376465141853484,0
North Total,0.2464173671761613,0.29801196516539563,0.40389897795438007,0.151495917822433,0.27915385132551607,0
North Total,0.45872756278443266,0.29801196516539563,0.5973298616494038,0.8187572981764786,0.4922378035805227,0
North Total,0.7513907659365211,0.29801196516539563,0.2221506489689031,0.4384813534230676,0.46259269043464185,0
North Total,0.3257936511658184,0.29801196516539563,0.5682987396089109,0.7749310098875207,0.4333307668625654,0
North Total,0.15819402192795695,0.29801196516539563,0.08932726789350197,0.4830105271622294,0.23508852987743845,0
North Total,0.5784165560791088,0.29801196516539563,0.392962842748819,0.42430010420131176,0.43408696835726734,0
North Total,0.07283768793527046,0.29801196516539563,0.4352704180796014,0.3105450081966787,0.24853261517238545,0
North Total,0.3038729264282501,0.29801196516539563,0.4769728527349138,0.32171015534003317,0.33941020764749397,0
North Total,0.658219246776127,0.29801196516539563,0.5309115340853494,0.2738589089866752,0.4670414690863343,0
North Total,0.3973035381579022,0.29801196516539563,0.4088837393367176,0.47171460505868335,0.38099376653103045,0
North Total,0.6011502053285336,0.29801196516539563,0.3046748809898117,0.4313451596405145,0.42544291155864494,0
North Total,0.7757180399689172,0.29801196516539563,0.2941878472243315,0.1060432183713175,0.43564895573930357,0
North Total,0.24535408572708925,0.29801196516539563,0.271239328031158,0.6192583922426789,0.32241414399673335,0
North Total,0.6362923438511617,0.29801196516539563,0.19305963620166472,0.7925247472347577,0.4695965492230719,0
North Total,0.6197992969124908,0.29801196516539563,0.3997217596865472,0.07966746091008473,0.3982278145428126,0
North Total,0.362584872938605,0.29801196516539563,0.2598743034804746,0.31397352362021824,0.3153791843172581,0
North Total,0.3831696347886338,0.29801196516539563,0.3148138785937731,0.4361192172144301,0.35189362002655966,0
North Total,0.1460674064505646,0.29801196516539563,0.18098011697724042,0.5752547664680563,0.26301142017297285,0
North Total,0.4456205638681397,0.29801196516539563,0.20255330466090646,0.19147403362335114,0.31460255287915156,0
West Total,0.6257307216723433,0.24636281613781258,0.2650226526727397,0.3676756397223448,0.4010704739195636,0
West Total,0.3695843167849321,0.24636281613781258,0.29567291500839815,0.13528774185024992,0.28269109999528713,0
West Total,0.2580054434258602,0.24636281613781258,0.42536280197279924,0.7342378462542478,0.35941898737309186,0
West Total,0.5264794752880029,0.24636281613781258,0.38045278467893107,0.6008742013434736,0.424398348329452,0
West Total,0.14548552417116084,0.24636281613781258,0.4612243470440375,0.14169065882871318,0.23832724653436452,0
West Total,0.5440615152839281,0.24636281613781258,0.36081338986070216,0.5790913335126626,0.4233567531897584,0
West Total,0.3563460147678104,0.24636281613781258,0.3668935325331556,0.2472374629872959,0.3090942759648029,0
West Total,0.6878319855033528,0.24636281613781258,0.3287396471138631,0.5488747575263417,0.46272918281924114,0
West Total,0.5311587745995288,0.24636281613781258,0.6485639603398352,0.4234333099494573,0.45304220451156446,0
West Total,0.29364521717851133,0.24636281613781258,0.19183504845489996,0.44677880614880966,0.28206850146712414,0
West Total,0.3412305872506521,0.24636281613781258,0.2651794435154326,0.26774336739318716,0.2865369441911366,0
West Total,0.35408363398535103,0.24636281613781258,0.28534710856549506,0.3518956580332475,0.30769188715430273,0
West Total,0.7822205782224666,0.24636281613781258,0.460702932821794,0.43319855175269384,0.50480641654647,0
West Total,0.2160167613299368,0.24636281613781258,0.1403896377113823,0.3816272798613834,0.23483673082830558,0
West Total,0.8381430423025947,0.24636281613781258,0.10281869170668351,0.4154586520045907,0.45014144578927723,0
West Total,0.3151557298613177,0.24636281613781258,0.4240092872568382,0.32529361175012417,0.3178092495066912,0
West Total,0.3972126137715597,0.24636281613781258,0.2515676834319875,0.22654899180385712,0.29722914511836573,0
West Total,0.5203154574730022,0.24636281613781258,0.556965639531755,0.6537190389043255,0.46547023869889437,0
West Total,0.6220722110585979,0.24636281613781258,0.09713301411337007,0.5958400937233155,0.40043673559302434,0
West Total,0.6550614942873686,0.24636281613781258,0.7882862813912886,0.3466839400142112,0.5128402151223121,0
West Total,0.8224392367753406,0.24636281613781258,0.1364518963399609,0.5132602660802792,0.46604199689274695,0
West Total,0.4182646788246736,0.24636281613781258,0.10380514093044374,0.16600056823033138,0.265962595850618,0
West Total,0.2131988213137364,0.24636281613781258,0.19190893694152206,0.3230024941621792,0.2353605938137828,0
West Total,0.2544334924718763,0.24636281613781258,0.2808078129678426,0.4788198467905165,0.2909451068186465,0
West Total,0.5223348306586402,0.24636281613781258,0.4653805436183529,0.4853560627983791,0.42260555371529523,0
West Total,0.4333186095448973,0.24636281613781258,0.42159556285265515,0.0961098311223015,0.3243059454209341,0
West Total,0.21130366167338088,0.24636281613781258,0.17775764804926114,0.40843038786845254,0.2446812142171472,0
West Total,0.2686963888339362,0.24636281613781258,0.22856521125621443,0.26428487167928927,0.2533083539363577,0
West Total,0.42168002244377745,0.24636281613781258,0.2889064860901171,0.3194046465212606,0.3271888468928784,0
West Total,0.14100567218332216,0.24636281613781258,0.32184844708562826,0.4630015163900452,0.257080746981139,0
West Total,0.038889646380053766,0.24636281613781258,0.4488117812725925,0.23112225384705418,0.21195091540593922,0
West Total,0.6560759962294096,0.24636281613781258,0.11582689648016073,0.4067436151302533,0.3877123650872072,0
West Total,0.19228421687687713,0.24636281613781258,0.24608104847460432,0.1704405882888977,0.2159906186865063,0
West Total,0.39144987058784664,0.24636281613781258,0.2604810403582941,0.26365197104504934,0.30256030327550637,0
West Total,0.4423840908747017,0.24636281613781258,0.22610386762817264,0.4488302527655028,0.34128858808794926,0
West Total,0.5418669884779455,0.24636281613781258,0.22445758332755322,0.42613291911301604,0.3723737453410878,0
West Total,0.36405722491773057,0.24636281613781258,0.44248171017113286,0.3129889634969821,0.33677356012132337,0
West Total,0.1778081822615763,0.24636281613781258,0.14212726965189978,0.22809340466392752,0.19878117326286457,0
West Total,0.4975172394297799,0.24636281613781258,0.16808333356314498,0.4593286283886098,0.3505558396126872,0
West Total,0.6453491720245875,0.24636281613781258,0.5961094062420504,0.32960394021967737,0.4684435273313111,0
West Total,0.36574656366122105,0.24636281613781258,0.3222166885573816,0.18062829575121267,0.29345772419692934,0
West Total,0.2915678284717967,0.24636281613781258,0.2458472777294866,0.5629387565371287,0.3095678538329392,0
West Total,0.6254955969796481,0.24636281613781258,0.18817102999912427,0.2536395085668248,0.3685124360690692,0
West Total,0.5816843093524814,0.24636281613781258,0.19852780957416788,0.5931338778707456,0.4061739967101577,0
West Total,0.35904829255810866,0.24636281613781258,0.33396477265516017,0.3124670938527172,0.31323876584562144,0
West Total,0.34744841541599514,0.24636281613781258,0.1896330600103222,0.2482500163859257,0.27067990469689535,0
West Total,0.40488526527564606,0.24636281613781258,0.3862574327883065,0.7338186580879995,0.4029429729586811,0
West Total,0.2590056789789098,0.24636281613781258,0.5334965249282768,0.14532401395374006,0.2930587395626786,0
West Total,0.1743009268585537,0.24636281613781258,0.5820794048616988,0.6913011620058995,0.3550252245150623,0
West Total,0.4019482898161113,0.24636281613781258,0.34367522903349945,0.4890678260926611,0.35668596599758173,0
South Total,0.10956870577618893,0.2340746054162702,0.3904477469091235,0.09277285848881242,0.20057690680169377,0
South Total,0.4859654222118694,0.2340746054162702,0.19865482266647824,0.24868835481701831,0.3173444971548837,0
South Total,0.571354086594438,0.2340746054162702,0.16039429682533587,0.17415348991264823,0.32839819478489873,0
South Total,0.25421460406809215,0.2340746054162702,0.3760893180028595,0.428066876983867,0.29862538819686524,0
South Total,0.4573109648722762,0.2340746054162702,0.6235460680562999,0.41143304042777484,0.41670538900560394,0
South Total,0.3398558826964092,0.2340746054162702,0.29870744604551447,0.1792334371048698,0.27579844534345765,0
South Total,0.20388040204211794,0.2340746054162702,0.29864696583490835,0.4336299294167404,0.26635440491911505,0
South Total,0.3885935019341505,0.2340746054162702,0.4173484861389985,0.36868108111196135,0.3450019666964276,0
South Total,0.7809381900122203,0.2340746054162702,0.45800665881028435,0.5780759820237158,0.5218634771947724,0
South Total,0.2638928211390724,0.2340746054162702,0.3045004104530389,0.5331471225919816,0.3034570195029614,0
South Total,0.35064666426663266,0.2340746054162702,0.1456977977288998,0.2216852077810575,0.25534105483114106,0
South Total,0.5667724757609951,0.2340746054162702,0.16136509136221927,0.3733518438025596,0.3568685429840571,0
South Total,0.0,0.2340746054162702,0.5770124168891386,0.44542673781045106,0.2524388756742765,0
South Total,0.10946275693856672,0.2340746054162702,0.6446006074983113,0.15960770117375503,0.2613956232291049,0
South Total,0.38268699110384147,0.2340746054162702,0.31102982579325467,0.43902896104904243,0.3322231378272329,0
South Total,0.22590226007453051,0.2340746054162702,0.6264329200648391,0.15106488607801788,0.29723448957563725,0
South Total,0.8155069307235492,0.2340746054162702,0.5522209994042482,0.3028977674524906,0.5115286723768464,0
South Total,0.40378766798159,0.2340746054162702,0.28828201303983314,0.27468477659697205,0.31040718451595,0
South Total,0.43938306229175145,0.2340746054162702,0.27745542281182795,0.5689603257348673,0.3648415868495898,0
South Total,0.1145627634144627,0.2340746054162702,0.31127626611349407,0.2923106205855941,0.21642119513048094,0
South Total,0.40315596165184503,0.2340746054162702,0.4404918678524244,0.3968875945335482,0.35895848095354393,0
South Total,0.47114974711185253,0.2340746054162702,0.39084206250657166,0.7654304783698216,0.428107777370817,0
South Total,0.5006673671904225,0.2340746054162702,0.22528176041000866,0.137939430622011,0.3112032268168323,0
South Total,0.4840071735266569,0.2340746054162702,0.27110871034076894,0.3474647502198929,0.34596634696034867,0
South Total,0.2153081950651654,0.2340746054162702,0.34267469062950556,0.33294429075452725,0.26405683163676913,0
South Total,0.38388908101451913,0.2340746054162702,0.3857724187794234,0.153529740485609,0.3047675048086888,0
South Total,0.8002936502496955,0.2340746054162702,0.2920312995619503,0.6033010762733471,0.4992265805656666,0
South Total,0.23488671246022433,0.2340746054162702,0.4576001717790567,0.3432630389332789,0.2954422211817628,0
South Total,0.19487274868261878,0.2340746054162702,0.5343635153557192,0.3341201729019322,0.2954185726702313,0
South Total,0.42005279882521873,0.2340746054162702,0.5050199878960675,0.37267860874633757,0.37414665010487175,0
South Total,0.06725213134663338,0.2340746054162702,0.1764336159286406,0.30627389576985803,0.17498843514740955,0
South Total,0.37109783603894897,0.2340746054162702,0.21954786418022756,0.3704741271573564,0.29958731614816214,0
South Total,0.6120816711033166,0.2340746054162702,0.144080953129863,0.09796350116579228,0.32796168231188333,0
South Total,0.3631625169598787,0.2340746054162702,0.6307302965469915,0.3273094784452762,0.37257174363702833,0
South Total,0.5434226814462353,0.2340746054162702,0.2749124247749985,0.48074754260255387,0.3875149364764462,0
South Total,0.4675143988886093,0.2340746054162702,0.18521708807937867,0.4176266819180481,0.33353984113947727,0
South Total,0.3872864999256558,0.2340746054162702,0.4080206403599258,0.3589612651643543,0.34122097444549887,0
South Total,0.3955432370663006,0.2340746054162702,0.771940843692531,0.2401284257369955,0.39906994719714184,0
South Total,0.44390201103843324,0.2340746054162702,0.5669751804796581,0.5717728047406474,0.4247490422953615,0
South Total,0.3214386055601074,0.2340746054162702,0.17642402250111514,0.5617403747554168,0.3022717542844542,0
South Total,0.3021860404084369,0.2340746054162702,0.2588834050933976,0.3152141370567347,0.27504629734502367,0
South Total,0.3881199638090228,0.2340746054162702,0.8438649376345003,0.12167110227218517,0.39308802182576685,0
South Total,0.8173002726694141,0.2340746054162702,0.5169520942593185,0.6480947050262718,0.5568821016649805,1
South Total,0.45786654735455246,0.2340746054162702,0.339355809756505,0.2719242863124706,0.33913547809714595,0
South Total,0.3732254571365572,0.2340746054162702,0.43596753841038394,0.3315496942799239,0.3377772534467414,0
South Total,0.4578352501171736,0.2340746054162702,0.3893996005005513,0.36500771196187515,0.36309579606028336,0
South Total,0.25739507018534014,0.2340746054162702,0.3063427849497021,0.5573635279533531,0.30518374237269347,0
South Total,0.7402428728565216,0.2340746054162702,0.19692021181284988,0.1496471399497785,0.39113850047970034,0
South Total,0.2044725252514107,0.2340746054162702,0.5399808532770983,0.16778715519347176,0.27495200939731523,0
South Total,0.44011999376525635,0.2340746054162702,0.32912323966918733,0.3040166555982144,0.3356915257162904,0
East Total,0.012721334445733867,0.20140805101584544,0.21593210006203858,0.5108327172431677,0.18468620995964335,0
East Total,0.35864699816326334,0.20140805101584544,0.3188727689372384,0.5560767187528353,0.33313492626226876,0
East Total,0.3422568202120224,0.20140805101584544,0.08989647796025474,0.3578268126084859,0.2518656198622853,0
East Total,0.8505711036972281,0.20140805101584544,0.41426308406012435,0.41054611484826387,0.5025568356380479,0
East Total,0.9036867616116818,0.20140805101584544,0.22832103894016104,0.24849662160746194,0.45965148289799374,0
East Total,0.35185369076606654,0.20140805101584544,0.46160526950574465,0.33984212699062966,0.3268685800226203,0
East Total,0.5299353504131119,0.20140805101584544,0.33118475100691475,0.20832626215588335,0.34338567747410825,0
East Total,0.44274257814661616,0.20140805101584544,0.11706099834479822,0.5034791783863519,0.31431639408298173,0
East Total,0.4875694121025405,0.20140805101584544,0.3010864929218234,0.3913670125087185,0.3499940600013153,0
East Total,0.40642072183499633,0.20140805101584544,0.07563186962936984,0.20478287249555915,0.2485134727472102,0
East Total,0.5579109346730431,0.20140805101584544,0.3881417414460259,0.0711373067678581,0.3439901867447026,0
East Total,0.7234740698519566,0.20140805101584544,0.5900067252080105,0.5867866858170987,0.5196576876671053,0
East Total,0.281657689349208,0.20140805101584544,0.4610756115822014,0.9105370321455337,0.3877982837152467,0
East Total,0.3148096893984237,0.20140805101584544,0.3461633647339193,0.10704915135444239,0.2558958522441521,0
East Total,0.15104841528853552,0.20140805101584544,0.4206366940429959,0.4312599735756756,0.2621056955006916,0
East Total,0.2318625515190767,0.20140805101584544,0.30405082558899504,0.2546301800348265,0.24057900045945346,0
East Total,0.284764443867319,0.20140805101584544,0.12461593274608665,0.16350613914797485,0.20953907807972882,0
East Total,0.18119047900500074,0.20140805101584544,0.5735149592808779,0.7364579545708785,0.3490107679983112,0
East Total,0.7196139248603731,0.20140805101584544,0.18373794966211143,0.14949917807902097,0.37145975565015965,0
East Total,0.6255982156568183,0.20140805101584544,0.18854726253640022,0.14495439793973908,0.3388344029828809,0
East Total,0.4532539915291094,0.20140805101584544,0.33101723821675944,0.7720006566415955,0.4010648584795331,0
East Total,0.5880723733613153,0.20140805101584544,0.20270586719898492,0.20767069484286832,0.3379395236474412,0
East Total,0.10900441979160952,0.20140805101584544,0.13359312009659496,0.2296255667708645,0.15973642126676563,0
East Total,0.6786844026312925,0.20140805101584544,0.46740568730894766,0.5330704731529264,0.4714036646604345,0
East Total,0.07494210059778561,0.20140805101584544,0.3739204587252328,0.21620790712948867,0.19386742832844844,0
East Total,0.4200556327162759,0.20140805101584544,0.22892338912372284,0.30653979725140346,0.2992075341679053,0
East Total,0.5785056044478524,0.20140805101584544,0.1216207765127533,0.060589678512986064,0.2963119839410005,0
East Total,0.48543807071863576,0.20140805101584544,0.34940686360665235,0.48221981338325826,0.37254008478509537,0
East Total,0.3323706768765094,0.20140805101584544,0.4794662408022219,0.16478459723689434,0.29736308995751043,0
East Total,0.13256845420564778,0.20140805101584544,0.2999942590934627,0.6490665335168071,0.26418020612294396,0
East Total,0.6354569703196428,0.20140805101584544,0.20184786217577397,0.2754256953756036,0.36451578165812387,0
East Total,0.14868710012769276,0.20140805101584544,0.3598823780575457,0.30458128431907083,0.23012656860881583,0
East Total,0.38449318675115846,0.20140805101584544,0.5521141223153996,0.6578559866740256,0.4040962531318429,0
East Total,0.37222677176253516,0.20140805101584544,0.06883191117927036,0.28140598842551784,0.24667906592132272,0
East Total,0.6446759894747429,0.20140805101584544,0.1631912824681488,0.35846183258635256,0.37246654300249626,0
East Total,0.47355827438029735,0.20140805101584544,0.38588883203804913,0.6923982666640541,0.4072053177450756,0
East Total,0.42498082734804665,0.20140805101584544,0.2808427238767959,0.4987736998814776,0.34015030463415075,0
East Total,0.8291922448840006,0.20140805101584544,0.592630335923193,0.8191576193896112,0.5920394111072341,1
East Total,0.3427527181736402,0.20140805101584544,0.5028038717596596,0.22648180519140076,0.3149189117961697,0
East Total,0.2010757174867021,0.20140805101584544,0.1315182445169267,0.10076624744274011,0.17221750244489573,0
East Total,0.3018121930348955,0.20140805101584544,0.6425865906265474,0.4068779558267539,0.3556056943662897,0
East Total,0.7045501304897531,0.20140805101584544,0.1944534612113368,0.2420821610726691,0.38221797737933494,0
East Total,0.5644169348848302,0.20140805101584544,0.5216817555946819,0.2658302836106238,0.40217923617497414,0
East Total,0.26840301463879407,0.20140805101584544,0.37027155263139777,0.5501059022495823,0.31093366629204844,0
East Total,0.46988615729838695,0.20140805101584544,0.510553275586721,0.4196709383138981,0.38994386622361804,0
East Total,0.25913802342776326,0.20140805101584544,0.3434135144123199,0.40553317066014893,0.2806334019859571,0
East Total,0.3225997997193139,0.20140805101584544,0.4724884432081014,0.19433422914279438,0.2969801682195529,0
East Total,0.12141900597138794,0.20140805101584544,0.406364841414249,0.2302806133765261,0.21873412768406814,0
East Total,0.3974748406362839,0.20140805101584544,0.6706526871686013,0.22392719304234585,0.3672582259175251,0
East Total,0.5297827532494781,0.20140805101584544,0.43007799390036844,0.12601002101390674,0.35076348087423065,0
Jnanabharathi,0.365838759182366,0.10568246621227045,0.32140575489743,0.3335995814746386,0.274069393778191,0
Jnanabharathi,0.3721046290469536,0.10568246621227045,0.2853049453992659,0.10558336648446262,0.23483985408263747,0
Jnanabharathi,0.4298935123359313,0.10568246621227045,0.2818062997921278,0.7640797856446302,0.3531406969863772,0
Jnanabharathi,0.7084924013885798,0.10568246621227045,0.2546223003816198,0.1853328676395564,0.3584014705719415,0
Jnanabharathi,0.5141204483466251,0.10568246621227045,0.12680269586542373,0.5254338630233237,0.31582251541158324,0
Jnanabharathi,0.208196980312009,0.10568246621227045,0.5567893695063006,0.4302897350998263,0.2804750171391184,0
Jnanabharathi,0.5325837971773417,0.10568246621227045,0.6348248560994055,0.575379285603884,0.43138093293621443,0
Jnanabharathi,0.7130336696146906,0.10568246621227045,0.322224765138493,0.34154125497041676,0.3969426655020839,0
Jnanabharathi,0.4976212754294213,0.10568246621227045,0.314744620892013,0.155771445399353,0.2921868272522841,0
Jnanabharathi,0.41456170832305655,0.10568246621227045,0.34905944764970454,0.6721484248917575,0.34743549104045546,0
Jnanabharathi,0.5956238323210218,0.10568246621227045,0.4215979834670738,0.16279164683270575,0.3489114248943594,0
Jnanabharathi,0.2208133375243771,0.10568246621227045,0.10320489064617563,0.4548074641195893,0.19785150574438662,0
Jnanabharathi,0.3319599945439582,0.10568246621227045,0.2277904171026643,0.09154319060027029,0.20718029996463988,0
Jnanabharathi,0.12022490046798695,0.10568246621227045,0.45524056384079137,0.16959826631811956,0.19027130774335277,0
Jnanabharathi,0.8464639708265598,0.10568246621227045,0.12116482080728061,0.35180157600325396,0.4049703302149213,0
Jnanabharathi,0.6128982171621661,0.10568246621227045,0.2178813066325927,0.6036946227882602,0.3803495706151968,0
Jnanabharathi,0.2858092603730157,0.10568246621227045,0.4271348980205753,0.5588892907274681,0.3009983542074719,0
Jnanabharathi,0.3364282051863393,0.10568246621227045,0.13627427258294728,0.8665697257470835,0.30669492505755186,0
Jnanabharathi,0.6728335360096348,0.10568246621227045,0.5324641925506742,0.16023122180683058,0.3977239992482128,0
Jnanabharathi,0.1595618358997809,0.10568246621227045,0.18676408666872912,0.3509660801426511,0.17754911178374794,0
Jnanabharathi,0.45218115194252223,0.10568246621227045,0.4115745234022741,0.21109611120288904,0.3039474644044521,0
Jnanabharathi,0.2826762267778912,0.10568246621227045,0.300735172718434,0.2665494536624988,0.23077087182900471,0
Jnanabharathi,0.1443869969333198,0.10568246621227045,0.49346341919593717,0.6869908922405916,0.28398150646561926,0
Jnanabharathi,0.31025895942841136,0.10568246621227045,0.8333797106502068,0.42295771456408743,0.3704149749782796,0
Jnanabharathi,0.5617445410713419,0.10568246621227045,0.2968377779472433,0.1684771015974268,0.3129544500677135,0
Jnanabharathi,0.15448125454555228,0.10568246621227045,0.1863105467196544,0.8886326491931438,0.2563301856775269,0
Jnanabharathi,0.6534499658503192,0.10568246621227045,0.14194847623545218,0.3529962163712838,0.3417513556140758,0
Jnanabharathi,0.6855656204330511,0.10568246621227045,0.2549485585226371,0.5016924392294925,0.39789628460420035,0
Jnanabharathi,0.014486592238075524,0.10568246621227045,0.14595549972225152,0.6317168800313171,0.16072367909615543,0
Jnanabharathi,0.2650279488186213,0.10568246621227045,0.1946417257894888,0.5167994636616591,0.2409127866573452,0
Jnanabharathi,0.3920232199886263,0.10568246621227045,0.18568747196463553,0.14015765982989847,0.2270740102271122,0
Jnanabharathi,0.8114966423261927,0.10568246621227045,0.2937936222501658,0.08387497466268452,0.3870685353272844,0
Jnanabharathi,0.6830377993682977,0.10568246621227045,0.26777702600738196,0.3824426054663601,0.3816897656640157,0
Jnanabharathi,0.17974759685149552,0.10568246621227045,0.6588584182100145,0.6767313121169014,0.32789777922124264,0
Jnanabharathi,0.3143032606858131,0.10568246621227045,0.07209872037607296,0.7253288427037432,0.2649299515844918,0
Jnanabharathi,0.5752616333325353,0.10568246621227045,0.15015079808744702,0.6716628148559352,0.3638258933759482,0
Jnanabharathi,0.39993971089982233,0.10568246621227045,0.5037154242748795,0.4851254572481473,0.34519554212081693,0
Jnanabharathi,0.5940421612834667,0.10568246621227045,0.37399968989637866,0.335038741097942,0.3646752454568615,0
Jnanabharathi,0.3089526338177521,0.10568246621227045,0.2771775643580097,0.3645415823461429,0.24995491192341776,0
Jnanabharathi,0.23492090941179267,0.10568246621227045,0.4017496788413784,0.28793350500254333,0.23746701967646577,0
Jnanabharathi,0.43341995722038473,0.10568246621227045,0.6694600011030106,0.2003238985828735,0.3473423098988489,0
Jnanabharathi,0.5521854002675141,0.10568246621227045,0.2561287973731976,0.4063626459293405,0.3371497863213516,0
Jnanabharathi,0.5862024337666272,0.10568246621227045,0.20603502878935737,0.398797508818477,0.33790222376264367,0
Jnanabharathi,0.425291508382318,0.10568246621227045,0.5177625386930246,0.32954246130722964,0.33354064473218176,0
Jnanabharathi,0.27938961056815137,0.10568246621227045,0.11889061935776334,0.24982521354898643,0.19074300946643477,0
Jnanabharathi,0.16472623511461404,0.10568246621227045,0.1215868963812697,0.3741322204118414,0.16979613449182618,0
Jnanabharathi,0.3699755369490431,0.10568246621227045,0.15676017522221608,0.4171125225544565,0.25511509122345793,0
Jnanabharathi,0.38987415247457585,0.10568246621227045,0.3170853446498828,0.2874806426872407,0.27469985856284534,0
Jnanabharathi,0.19506982587713384,0.10568246621227045,0.42287387684934935,0.40020825037891616,0.24458519184738528,0
Jnanabharathi,0.44349191311160463,0.10568246621227045,0.17847651309734142,0.5725156739988144,0.3084995631720332,0
K R Puram,0.47116409965684347,0.10185392497283169,0.3457590096724206,0.37219075929608275,0.3204440282006412,0
K R Puram,0.4942343321087415,0.10185392497283169,0.4477068689236838,0.2823712965613618,0.3354352619988501,0
K R Puram,0.5873919742322158,0.10185392497283169,0.38974679632086123,0.08339361779665783,0.3266017704067959,0
K R Puram,0.4642384600665246,0.10185392497283169,0.19868238811822886,0.5863079590883964,0.3207223100020383,0
K R Puram,0.3315193553897474,0.10185392497283169,0.1529998808266742,0.10456897187420722,0.19287327382472705,0
K R Puram,0.35867402972387713,0.10185392497283169,0.5136359512502743,0.24279546113052358,0.29523859731483987,0
K R Puram,0.4821785617453297,0.10185392497283169,0.39693356065717267,0.4589912213256468,0.34755406943299644,0
K R Puram,0.4797734452284492,0.10185392497283169,0.06597277892511813,0.7847414071084756,0.32938265017310164,0
K R Puram,0.44174903413397076,0.10185392497283169,0.2081787947661945,0.262989774371183,0.2662525645476556,0
K R Puram,0.667610989199431,0.10185392497283169,0.17074665593837313,0.4024213955818737,0.358732564236606,0
K R Puram,0.596293013451208,0.10185392497283169,0.15638216481223677,0.5863289720881819,0.3584845109754469,0
K R Puram,0.42928449019117904,0.10185392497283169,0.6439642032380681,0.3452888760541113,0.3613919211144925,0
K R Puram,0.2380525978847988,0.10185392497283169,0.3464124214747467,0.534340042266048,0.2633080773863856,0
K R Puram,0.3888270101505029,0.10185392497283169,0.17408658996378695,0.5920613752387724,0.29027215532309875,0
K R Puram,0.5688310937394132,0.10185392497283169,0.06464419962799409,0.3178580678818015,0.29025461040851314,0
K R Puram,0.5774722309098952,0.10185392497283169,0.13150863674081648,0.35409873341809356,0.3120879956711901,0
K R Puram,0.2908953671782421,0.10185392497283169,0.39003888783447593,0.18928130845939,0.2387695298400379,0
K R Puram,0.5715124572046256,0.10185392497283169,0.48350824527196157,0.2670755788412302,0.3673485233940453,0
K R Puram,0.5915760978644978,0.10185392497283169,0.5008201286521373,0.5019335569627416,0.4130618710192624,0
K R Puram,0.5360236153195599,0.10185392497283169,0.3671445329542368,0.2227006350108987,0.3249984446961776,0
K R Puram,0.05643114343794953,0.10185392497283169,0.25316796862423857,0.6585085686133169,0.1997169567119771,0
K R Puram,0.5333748592280964,0.10185392497283169,0.7209937514431027,0.3166303617116006,0.40893068276704386,0
K R Puram,0.4075240219969079,0.10185392497283169,0.44559279430058796,0.027221546769477245,0.2663913760663065,0
K R Puram,0.21230905476763448,0.10185392497283169,0.619797182165727,0.31916179827987123,0.27669805283564763,0
K R Puram,0.3448648670382032,0.10185392497283169,0.36104090237276015,0.11789116492851766,0.24115073616905028,0
K R Puram,0.508372413742078,0.10185392497283169,0.2710079271888335,0.47663120344680415,0.3341827882563641,0
K R Puram,0.472536576665271,0.10185392497283169,0.4686516291788923,0.2319938258587977,0.32447337903929246,0
K R Puram,0.5009158443905048,0.10185392497283169,0.40916936559995964,0.18825990459294978,0.3159495818374606,0
K R Puram,0.5851681411327277,0.10185392497283169,0.08114096173276544,0.2288583553679997,0.28592197254005725,0
K R Puram,0.1176100175333335,0.10185392497283169,0.5407521481925955,0.26758763298095745,0.22000825821417896,0
K R Puram,0.5658291225750233,0.10185392497283169,0.30852429616218924,0.24198713574870234,0.32659929998785087,0
K R Puram,0.4643835317485554,0.10185392497283169,0.2955279659478644,0.5413049485431214,0.33339174907488495,0
K R Puram,0.49055062950007544,0.10185392497283169,0.21583932143201084,0.623436056173489,0.3389321705293014,0
K R Puram,0.5949153987082757,0.10185392497283169,0.17762253336906758,0.25817699329259886,0.3130276227074493,0
K R Puram,0.5256548333417368,0.10185392497283169,0.4814775214803351,0.28481566548846216,0.3535532232807937,0
K R Puram,0.15912902724097863,0.10185392497283169,0.0653098594634083,0.05738206582314673,0.10792061879234568,0
K R Puram,0.34125797522988466,0.10185392497283169,0.6228516743121143,0.04359937497659136,0.28110670993122067,0
K R Puram,0.30602550724462396,0.10185392497283169,0.3019809285786618,0.4741807899692583,0.26918840923858894,0
K R Puram,0.3531275168002419,0.10185392497283169,0.14231907462859195,0.44041112778893715,0.2486762924659931,0
K R Puram,0.35417384265379187,0.10185392497283169,0.26448268534674274,0.08654536841540941,0.2203953647523366,0
K R Puram,0.4764229716548865,0.10185392497283169,0.3224672051722525,0.20313065734203445,0.29226725720681546,0
K R Puram,0.47619725006190794,0.10185392497283169,0.22870772516853144,0.5730723655666456,0.3289276148822204,0
K R Puram,0.678111426709264,0.10185392497283169,0.5426245212983665,0.42471448978778636,0.44012725456793317,0
K R Puram,0.48065934865003507,0.10185392497283169,0.13080413054529766,0.17814715063893644,0.25166984822426175,0
K R Puram,0.4686524009932824,0.10185392497283169,0.1547377405798659,0.2835898513739098,0.268070543661558,0
K R Puram,0.5819199656895899,0.10185392497283169,0.09146931600350787,0.5151620091453641,0.3297963300557122,0
K R Puram,0.41624096308231445,0.10185392497283169,0.08358627922349321,0.39216396633601686,0.2517823653657607,0
K R Puram,0.5264617032351442,0.10185392497283169,0.4166643321730174,0.5571715862319098,0.38172637799353987,0
K R Puram,0.7656523832695141,0.10185392497283169,0.2734846015865825,0.24141574662413298,0.38944379394711587,0
K R Puram,0.38690801081902515,0.10185392497283169,0.44258097923039635,0.7546427095430964,0.367686583556052,0
VV Puram,0.646477901294932,0.10040315295750712,0.6150522227748211,0.5895132792708341,0.4678256477860676,0
VV Puram,0.5367544340706076,0.10040315295750712,0.36073327674400746,0.24462748748506047,0.3268257762835253,0
VV Puram,0.5502979477874843,0.10040315295750712,0.43077228810697377,0.5092230409088775,0.38526314137059803,0
VV Puram,0.38368471350846955,0.10040315295750712,0.6917919031843669,0.3089602511257752,0.34911301392095617,0
VV Puram,0.3722758232135264,0.10040315295750712,0.28608029385480954,0.6036745554992197,0.30818472610783126,0
VV Puram,0.3789239969849548,0.10040315295750712,0.3346492489485371,0.26307186621656603,0.2691349745541787,0
VV Puram,0.4413864286586336,0.10040315295750712,0.35518525129345485,0.40730772622742434,0.31673940511057846,0
VV Puram,0.3978608763682454,0.10040315295750712,0.3192500357684285,0.17124571647857545,0.2589091172416101,0
VV Puram,0.4198186165549675,0.10040315295750712,0.3089654091143565,0.20496916847130053,0.2695959187750571,0
VV Puram,0.2715326469310259,0.10040315295750712,0.25342045640135247,0.23522747973124813,0.2111255855530689,0
VV Puram,0.47212800641262914,0.10040315295750712,0.5769407073728486,0.050081359358845084,0.31826609351006885,0
VV Puram,0.2693160411613498,0.10040315295750712,0.3953366238532843,0.26335811192545366,0.24295260185319945,0
VV Puram,0.3533987945417139,0.10040315295750712,0.27395207259431953,0.42941201598809386,0.27301274089392996,0
VV Puram,0.25445917747887914,0.10040315295750712,0.14612271688587947,0.3046896332626123,0.19410964637142758,0
VV Puram,0.5592024597651948,0.10040315295750712,0.25433318396253407,0.4785817963094177,0.3484957130439898,0
VV Puram,0.9073344099142532,0.10040315295750712,0.2709356548740042,0.6370558772452001,0.4974335019188215,0
VV Puram,0.2588113084132737,0.10040315295750712,0.045891630101837125,0.1320481241369285,0.14969044847280463,0
VV Puram,0.3444161902286882,0.10040315295750712,0.15570368647791524,0.26541924409723927,0.22162023637746192,0
VV Puram,0.46664710724379466,0.10040315295750712,0.06359503386737905,0.30526627797594974,0.2519563818924485,0
VV Puram,0.47548679959545964,0.10040315295750712,0.48149728467987624,0.28887321223077356,0.3361717645162543,0
VV Puram,0.23202382816098882,0.10040315295750712,0.608955310160418,0.05318761848695135,0.24109849054872454,0
VV Puram,0.17636327250592512,0.10040315295750712,0.14172888730917904,0.2929236136201624,0.16413241076918608,0
VV Puram,0.12929568511064127,0.10040315295750712,0.3721588365335773,0.4193754367673146,0.21271251849778922,0
VV Puram,0.44938178890900304,0.10040315295750712,0.540338086811797,0.2885125060844109,0.33874906528042426,0
VV Puram,0.30034784355318633,0.10040315295750712,0.28951234324158037,0.1939589513484981,0.22223900248145814,0
VV Puram,0.5677666169128511,0.10040315295750712,0.4996502318200088,0.2676266438070642,0.3689133047418114,0
VV Puram,0.19264118696250793,0.10040315295750712,0.16593029121133715,0.48693226879187296,0.20377125988517827,0
VV Puram,0.33782026252705344,0.10040315295750712,0.27056304601863745,0.8952507137582058,0.33675825403917914,0
VV Puram,0.8882921627903733,0.10040315295750712,0.3600564078113693,0.12666084935958655,0.4320336118300946,0
VV Puram,0.18833274653392376,0.10040315295750712,0.2567476211039309,0.2821356363117152,0.1897072768416689,0
VV Puram,0.19852165016186396,0.10040315295750712,0.32139872108674755,0.3958946472073359,0.22326746474235443,0
VV Puram,0.16501362463104133,0.10040315295750712,0.3187090070915734,0.2472594083435879,0.18870642717796948,0
VV Puram,0.6176223395698237,0.10040315295750712,0.2586623650813511,0.4491961756950442,0.3654006641072173,0
VV Puram,0.0,0.10040315295750712,0.08707508147814488,0.31388036072151776,0.09461801629110878,0
VV Puram,0.35359067644896996,0.10040315295750712,0.16633165804351543,0.10623670755122627,0.20307952038577864,0
VV Puram,0.3095465773546071,0.10040315295750712,0.1280182457188223,0.19655764266819606,0.1935495435053585,0
VV Puram,0.3382789418765505,0.10040315295750712,0.14022193595551408,0.6726138439459688,0.2774550393270429,0
VV Puram,0.205053645338558,0.10040315295750712,0.30094440914261206,0.3159940668824831,0.2094777136166423,0
VV Puram,0.6616629649384016,0.10040315295750712,0.3964575183756543,0.3807891118203819,0.3981128540638808,0
VV Puram,0.38519981136545356,0.10040315295750712,0.14424783424955256,0.18828809886655604,0.2220336615450548,0
VV Puram,0.2584051922687935,0.10040315295750712,0.5400053231442341,0.6068659738554594,0.3195937238884956,0
VV Puram,0.2504344257473856,0.10040315295750712,0.19037351338872036,0.09880506296501781,0.17066845702133385,0
VV Puram,0.2748805125270317,0.10040315295750712,0.35941451227290533,0.4939745821962895,0.2723082150557377,0
VV Puram,0.14898571704740757,0.10040315295750712,0.2641117658766201,0.48881477853592054,0.20841051680955688,0
VV Puram,0.340295428061829,0.10040315295750712,0.2415249426790066,0.4587079997498085,0.2663355342071649,0
VV Puram,0.5563207312315906,0.10040315295750712,0.2192734856293127,0.3807517509282658,0.32580066158341126,0
VV Puram,0.46026951276272327,0.10040315295750712,0.20098694552021018,0.22688421738968295,0.2654452970666998,0
VV Puram,0.3961149795895018,0.10040315295750712,0.480877684354665,0.24933399581605276,0.30233682498691866,0
VV Puram,0.3647741706924253,0.10040315295750712,0.3659454631257681,0.41110403140728136,0.29264660296584677,0
VV Puram,0.3920137915648633,0.10040315295750712,0.18437847054158868,0.45480133662142525,0.2724216675364858,0
Chikkabanavara,0.36528939525333703,0.10008362190527922,0.20274122646387874,0.38143101801346685,0.2556392729050475,0
Chikkabanavara,0.4626690834275998,0.10008362190527922,0.3601231749711285,0.45955787368540874,0.3329175818182807,0
Chikkabanavara,0.42769528148844077,0.10008362190527922,0.3592230853455252,0.057310170564142886,0.26015957774626447,0
Chikkabanavara,0.6499021992812839,0.10008362190527922,0.37661861138073244,0.18238718456895067,0.3601726562815222,0
Chikkabanavara,0.40905184022549035,0.10008362190527922,0.2354709600288041,0.07143250496733558,0.23100229840136652,0
Chikkabanavara,0.40612749217148125,0.10008362190527922,0.15118364794265732,0.3721996775972601,0.25823639005972265,0
Chikkabanavara,0.49672694749580226,0.10008362190527922,0.18565049719113788,0.32097963084801107,0.28915656226054376,0
Chikkabanavara,0.4004077115401705,0.10008362190527922,0.44766059876462894,0.1362687069379238,0.2801402114042578,0
Chikkabanavara,0.26789003947653295,0.10008362190527922,0.1462436738739904,0.4028121111051535,0.21345715182894143,0
Chikkabanavara,0.34026179934921297,0.10008362190527922,0.18784114309675623,0.5395707999478082,0.26762056495533076,0
Chikkabanavara,0.6439546328847077,0.10008362190527922,0.29093398876569315,0.5350920180842754,0.3938598085470114,0
Chikkabanavara,0.7540347588999687,0.10008362190527922,0.3075616869455301,0.4877169866046517,0.4286071375663766,0
Chikkabanavara,0.46005324898709493,0.10008362190527922,0.44003555642885456,0.24314756587565745,0.3155229698841865,0
Chikkabanavara,0.44978471017088745,0.10008362190527922,0.14121409177942817,0.49503785881316437,0.2899482323092546,0
Chikkabanavara,0.2361495122483345,0.10008362190527922,0.21884622151411895,0.49573421081237445,0.2308067917831808,0
Chikkabanavara,0.4092963384621207,0.10008362190527922,0.10952263331761036,0.4981162309720582,0.2699007663426568,0
Chikkabanavara,0.5756146863885707,0.10008362190527922,0.5381051436738716,0.3935766305371004,0.39814775012292286,0
Chikkabanavara,0.4523300463349363,0.10008362190527922,0.14708721546114212,0.5516481829852241,0.3005052733288235,0
Chikkabanavara,0.5970206734276589,0.10008362190527922,0.2159016928730313,0.3049996352204779,0.3279126061289423,0
Chikkabanavara,0.6127513562970951,0.10008362190527922,0.40339612149872633,0.5951528187982282,0.41444020839504647,0
Chikkabanavara,0.4704212389334742,0.10008362190527922,0.4238948462638131,0.6537290588701291,0.3775108482815817,0
Chikkabanavara,0.61631611749415,0.10008362190527922,0.3566802225657363,0.5575328636289191,0.4007017017520214,0
Chikkabanavara,0.25967110419996303,0.10008362190527922,0.30182416265107254,0.2558962499532191,0.21965924306476822,0
Chikkabanavara,0.481867152577217,0.10008362190527922,0.3287662595400837,0.18478378626658895,0.2921494098216148,0
Chikkabanavara,0.23282182640668123,0.10008362190527922,0.4768096987562305,0.4126132694711491,0.2687666559858407,0
Chikkabanavara,0.2001504018457488,0.10008362190527922,0.31089876621781537,0.5093758311653462,0.23866385513596083,0
Chikkabanavara,0.6485584218217197,0.10008362190527922,0.13331824663482267,0.19131909560932678,0.31238204787754925,0
Chikkabanavara,0.11174302236091627,0.10008362190527922,0.16409539859453748,0.16596378947771967,0.12684879253846992,0
Chikkabanavara,0.31523105154249276,0.10008362190527922,0.5267220707940514,0.17191867242263575,0.2714881696336619,0
Chikkabanavara,0.0,0.10008362190527922,0.33355101602859344,0.2669661449964873,0.13678021152677555,0
Chikkabanavara,0.224454089442324,0.10008362190527922,0.6832606947200143,0.4072130034986697,0.3063181073452005,0
Chikkabanavara,0.4799993521654289,0.10008362190527922,0.22805784923206157,0.5005830407282077,0.31872388578512734,0
Chikkabanavara,0.4223238019248897,0.10008362190527922,0.23908624753896116,0.5795193646774164,0.31258357145469984,0
Chikkabanavara,0.45956035360339387,0.10008362190527922,0.14427795497879745,0.29027581117177903,0.26326817300429795,0
Chikkabanavara,0.21013612245359695,0.10008362190527922,0.2069601286689418,0.5859590446296853,0.23285861185858384,0
Chikkabanavara,0.2876907296827556,0.10008362190527922,0.04858337287932723,0.532534902082622,0.22031375184880697,0
Chikkabanavara,0.19050311453672014,0.10008362190527922,0.8185548203079166,0.4934057475033673,0.33442300284652426,0
Chikkabanavara,0.45129481437423985,0.10008362190527922,0.2940253239222923,0.5160308438044554,0.3241879629576945,0
Chikkabanavara,0.42786768850767326,0.10008362190527922,0.5966745008448616,0.4339599895147796,0.3642076761454587,0
Chikkabanavara,0.167050301305824,0.10008362190527922,0.34978498010101955,0.3834145439089943,0.21596186963517522,0
Chikkabanavara,0.38505194693123534,0.10008362190527922,0.08817830720712228,0.29983115752083744,0.2274036030670662,0
Chikkabanavara,0.45109131239849726,0.10008362190527922,0.24763084000886748,0.19017471588530024,0.26595942129562633,0
Chikkabanavara,0.4257549793723849,0.10008362190527922,0.19614136328595416,0.08585772065538366,0.23114626010741685,0
Chikkabanavara,0.5476548219668973,0.10008362190527922,0.3685159012228382,0.39253299653894336,0.354287403985407,0
Chikkabanavara,0.41327289978496307,0.10008362190527922,0.14246425946584104,0.36267714828229847,0.2575650256318338,0
Chikkabanavara,0.4681423357043548,0.10008362190527922,0.4501563556332626,0.2078306316372129,0.3150807699403424,0
Chikkabanavara,0.5905762948945215,0.10008362190527922,0.1681362218315432,0.37833648740862225,0.32710450726226825,0
Chikkabanavara,0.2599981972137918,0.10008362190527922,0.6331682454549028,0.29547350191636773,0.29197912997484665,0
Chikkabanavara,0.433863398356847,0.10008362190527922,0.26248790826380736,0.34621189256098156,0.2863066415333889,0
Chikkabanavara,0.3373942962431177,0.10008362190527922,0.636906971414902,0.44878255342062806,0.34281186755274956,0
JP Nagar,0.4381510994476687,0.0997227904546943,0.15401034028585067,0.2958500462393037,0.25844929693615804,0
JP Nagar,0.21342663894728733,0.0997227904546943,0.17727908142104615,0.5240372840726603,0.21867756966306712,0
JP Nagar,0.5405164036140204,0.0997227904546943,0.4704725976177392,0.42212742047822244,0.3765112109965967,0
JP Nagar,0.40836212984653314,0.0997227904546943,0.47382621711057527,0.15806835437855937,0.29131907916159383,0
JP Nagar,0.717836975983758,0.0997227904546943,0.09013418322968539,0.30803518920008044,0.3453918937566727,0
JP Nagar,0.4438952679077115,0.0997227904546943,0.06288173224367713,0.2579524474007703,0.23654939446295828,0
JP Nagar,0.2709538745358538,0.0997227904546943,0.217277675570952,0.5921142110144142,0.2570233599903097,0
JP Nagar,0.33966691250480197,0.0997227904546943,0.35409177634034283,0.8868000490681156,0.35263861914137484,0
JP Nagar,0.5104627871184797,0.0997227904546943,0.5236413408739817,0.36273491543452435,0.3677173181178512,0
JP Nagar,0.0,0.0997227904546943,0.24660287413565413,0.3934668747878536,0.13825744318171715,0
JP Nagar,0.48593456732097706,0.0997227904546943,0.5681798544046708,0.6128589135690964,0.40555874361504884,0
JP Nagar,0.4603157794156392,0.0997227904546943,0.44495613848442767,0.43211505893951674,0.3448358464696951,0
JP Nagar,0.3851417240177889,0.0997227904546943,0.3539187941471497,0.597491259775515,0.32512388833839156,0
JP Nagar,0.7532528940845673,0.0997227904546943,0.2728313221081894,0.8305817003267336,0.47270886953665475,0
JP Nagar,0.4070170775968275,0.0997227904546943,0.37664465074544884,0.6093419264535458,0.3391030334124195,0
JP Nagar,0.11315214469454027,0.0997227904546943,0.1482877232850902,0.15207157304019836,0.12198836839254518,0
JP Nagar,0.553441479080468,0.0997227904546943,0.3723602629514826,0.2303111503708598,0.3326400799604976,0
JP Nagar,0.5734162368507195,0.0997227904546943,0.33869525794738714,0.2503381550099026,0.33590229487512296,0
JP Nagar,0.10277713625663792,0.0997227904546943,0.2976300267043077,0.3835869711955555,0.18295288584642644,0
JP Nagar,0.2532148986795548,0.0997227904546943,0.3456288082008505,0.5273367068391681,0.26676831934029777,0
JP Nagar,0.6854157618490202,0.0997227904546943,0.36790404415472583,0.40057897644260937,0.40348000908090187,0
JP Nagar,0.2881485990469405,0.0997227904546943,0.42727903208534407,0.24504610238392005,0.25298156857749426,0
JP Nagar,0.58911753598297,0.0997227904546943,0.3376037371031841,0.31440331079314254,0.350789218770056,0
JP Nagar,0.33212960183271467,0.0997227904546943,0.1526223205655352,0.5915867528893244,0.2654246748243641,0
JP Nagar,0.5512200044967167,0.0997227904546943,0.2241133182854489,0.218378841051655,0.3004233285250971,0
JP Nagar,0.598182072035238,0.0997227904546943,0.21704059025963277,0.15001842670294854,0.3051914444061104,0
JP Nagar,0.3249751531407361,0.0997227904546943,0.21919673624893748,0.33715244929502597,0.2380703553797073,0
JP Nagar,0.38076811064197513,0.0997227904546943,0.20605505899515406,0.12341170129602189,0.22290844285453365,0
JP Nagar,0.4858234085725111,0.0997227904546943,0.13253549741838822,0.5472611190003608,0.3085512974705189,0
JP Nagar,0.9092204092882594,0.0997227904546943,0.2362733492881695,0.3371359411907552,0.4459690414235463,0
JP Nagar,0.43087621118389835,0.0997227904546943,0.03328354577285834,0.640887036956997,0.28351327574889396,0
JP Nagar,0.40055707581679706,0.0997227904546943,0.3159367793453837,0.531523695699332,0.31302772389626377,0
JP Nagar,0.7514912554682659,0.0997227904546943,0.8190729917270161,0.4297785588414668,0.5212201587219246,0
JP Nagar,0.5471864790496277,0.0997227904546943,0.2212267787547417,0.3862521030323322,0.3236152760095761,0
JP Nagar,0.7507308219649848,0.0997227904546943,0.20613305863863668,0.2728506660145412,0.3748268364540615,0
JP Nagar,0.0,0.0997227904546943,0.5000781741828275,0.15454441888974865,0.1531141348064361,0
JP Nagar,0.5313296533538289,0.0997227904546943,0.21259075423594018,0.10784371972167703,0.27457692461568795,0
JP Nagar,0.262728661313972,0.0997227904546943,0.04807553958935952,0.5911590291170054,0.22016083088172117,0
JP Nagar,0.38709748686332973,0.0997227904546943,0.3564276573417948,0.3601117524773296,0.29070325187853213,0
JP Nagar,0.07771521304396217,0.0997227904546943,0.41480387449250733,0.45711973238789283,0.20864589645848045,0
JP Nagar,0.5148069665569783,0.0997227904546943,0.35687599476408494,0.268302651827817,0.3217198721583403,0
JP Nagar,0.4273356170241169,0.0997227904546943,0.16774289200482462,0.421288085356233,0.27622609429924905,0
JP Nagar,0.29743867172619565,0.0997227904546943,0.3580101930418906,0.16110184699496394,0.22978768789819948,0
JP Nagar,0.6071560614540695,0.0997227904546943,0.5085154423743151,0.15681244822782586,0.3676464143543695,0
JP Nagar,0.4503467716751272,0.0997227904546943,0.21820504082837586,0.2449715422354784,0.26792494672369976,0
JP Nagar,0.22170137229172446,0.0997227904546943,0.27965319909091485,0.2712346989415515,0.20412816209792756,0
JP Nagar,0.08364244929100717,0.0997227904546943,0.20897021428170573,0.34235177443246817,0.15233850340947216,0
JP Nagar,0.45299891717746255,0.0997227904546943,0.4381194709058965,0.6491275823437281,0.3734594896812587,0
JP Nagar,0.44109633637710666,0.0997227904546943,0.12060644905460191,0.3302768717205899,0.25796337543740444,0
JP Nagar,0.734963573987736,0.0997227904546943,0.4997804057321886,0.5250116299668318,0.4658619136735784,0
Kodigehalli,0.5960863715160107,0.09761775926455496,0.8335478133671441,0.15002441980736958,0.4271287834545045,0
Kodigehalli,0.3060684121081014,0.09761775926455496,0.22467457134099086,0.2957390077539177,0.2257050374484878,0
Kodigehalli,0.5719596235166468,0.09761775926455496,0.16595098411659037,0.20212424787027727,0.2929800300140525,0
Kodigehalli,0.7360252376471894,0.09761775926455496,0.09366369774947936,0.45796198293913165,0.37432119794664837,0
Kodigehalli,0.29243054988960715,0.09761775926455496,0.13668127667542562,0.5864017385176012,0.2469325363534543,0
Kodigehalli,0.340020531326559,0.09761775926455496,0.1748358433898326,0.1390568131941931,0.20411820440075762,0
Kodigehalli,0.5344956757287036,0.09761775926455496,0.07595472168611651,0.3183289153020192,0.2792990959169389,0
Kodigehalli,0.5529421830053559,0.09761775926455496,0.20538744800754233,0.27406135598539133,0.30500178483055823,0
Kodigehalli,0.5423816860476839,0.09761775926455496,0.057014789631929526,0.5340228663786781,0.31062530577924347,0
Kodigehalli,0.2551186944910595,0.09761775926455496,0.2568483778617335,0.0456814743249062,0.17679876757231994,0
Kodigehalli,0.39338805584435255,0.09761775926455496,0.42657447104607205,0.21633240358118605,0.2847359020712822,0
Kodigehalli,0.32376299961331434,0.09761775926455496,0.4151234338101244,0.20170877345610425,0.255883380424467,0
Kodigehalli,0.012489282429929804,0.09761775926455496,0.3081556237822809,0.3562126403482165,0.14871959743853058,0
Kodigehalli,0.4009561070706705,0.09761775926455496,0.27549619847078477,0.17145985518132906,0.25043818322545747,0
Kodigehalli,0.5217774694338615,0.09761775926455496,0.574727467570244,0.5780977679797388,0.4135676007922276,0
Kodigehalli,0.3937173936478123,0.09761775926455496,0.27046780358348343,0.26326821128821376,0.2606702079660295,0
Kodigehalli,0.5815519487343929,0.09761775926455496,0.3490572408807776,0.2172815517979304,0.3352321907822491,0
Kodigehalli,0.35163411283943735,0.09761775926455496,0.17879181680797507,0.562283055050929,0.2724580888924039,0
Kodigehalli,0.42475134009715254,0.09761775926455496,0.11033437654492864,0.4066027480331353,0.2610055843273259,0
Kodigehalli,0.40857780222556367,0.09761775926455496,0.15838725614072707,0.20998427094160274,0.2354626504276996,0
Kodigehalli,0.2892906649153128,0.09761775926455496,0.7685558767678894,0.4921867677531563,0.35807625101627727,0
Kodigehalli,0.25701766012716315,0.09761775926455496,0.17887048235321157,0.2731205905530585,0.1959836938774747,0
Kodigehalli,0.27741796533333285,0.09761775926455496,0.6510481895330281,0.10866940752667474,0.27289166468163983,0
Kodigehalli,0.268174157029808,0.09761775926455496,0.05446539423102654,0.5099615188221256,0.21053358940932343,0
Kodigehalli,0.764685853550203,0.09761775926455496,0.17071954751428461,0.2315915145201249,0.3658080132028132,0
Kodigehalli,0.9332510288407154,0.09761775926455496,0.11719699766925036,0.6053182138441401,0.470160319484088,0
Kodigehalli,0.48597981098043663,0.09761775926455496,0.22580221977321752,0.4201653669803607,0.3075635106242169,0
Kodigehalli,0.4393502413105102,0.09761775926455496,0.33070248629435706,0.4203296426683082,0.3122478558971627,0
Kodigehalli,0.1534628759785916,0.09761775926455496,0.40589174175649145,0.5297248007573634,0.24363440283677634,0
Kodigehalli,0.5530817846373514,0.09761775926455496,0.6458001734004066,0.3524806188281278,0.40489607990674,0
Kodigehalli,0.34437233344387985,0.09761775926455496,0.26765385028714567,0.30977554261167534,0.24981274593390487,0
Kodigehalli,0.23506342366603597,0.09761775926455496,0.3577780954452793,0.16300602738793904,0.20756404925972577,0
Kodigehalli,0.41922537075429694,0.09761775926455496,0.6809326031824208,0.18115659104163698,0.3393742168361001,0
Kodigehalli,0.5352626068803812,0.09761775926455496,0.19700327115142846,0.2793520558890656,0.2979307028011455,0
Kodigehalli,0.4896134691027444,0.09761775926455496,0.2712327425438675,0.35407225237812334,0.308007428330819,0
Kodigehalli,0.2824508732368741,0.09761775926455496,0.6234889504366518,0.13216985799695852,0.27266640219914656,0
Kodigehalli,0.46284479603591444,0.09761775926455496,0.13792391166548335,0.1309362611159846,0.2385062278924309,0
Kodigehalli,0.4803833987694034,0.09761775926455496,0.08310501463354153,0.5679450116546809,0.2992322720235681,0
Kodigehalli,0.4654470871563652,0.09761775926455496,0.13186927373258706,0.5522014949613887,0.30139588727482003,0
Kodigehalli,0.637106360649174,0.09761775926455496,0.524058401463248,0.2106735474483649,0.3886852664164817,0
Kodigehalli,0.6333051763843673,0.09761775926455496,0.05648567270532971,0.2244993067992386,0.29591417007484677,0
Kodigehalli,0.7579940845087318,0.09761775926455496,0.14510079895271466,0.23929656884929654,0.35949790247536006,0
Kodigehalli,0.2031002901013616,0.09761775926455496,0.37613997420343037,0.3493744624682568,0.22800459352576763,0
Kodigehalli,0.37945628076599236,0.09761775926455496,0.12438038397524769,0.2959078386507863,0.23135727864013128,0
Kodigehalli,0.24507413983060033,0.09761775926455496,0.532211645076371,0.31544774078396315,0.26882076685294526,0
Kodigehalli,0.7401808913451389,0.09761775926455496,0.133824795172947,0.40980025812067944,0.3765836375028564,0
Kodigehalli,0.44920749693388556,0.09761775926455496,0.27120053845745984,0.20984182487120573,0.2722243331283992,0
Kodigehalli,0.34878713551705054,0.09761775926455496,0.5195792246582528,0.2780166507147394,0.29697916774919564,0
Kodigehalli,0.3463943170705145,0.09761775926455496,0.09903647854247179,0.09136988014812929,0.1840361164847603,0
Kodigehalli,0.47266870994412563,0.09761775926455496,0.347538618200665,0.45193176485459163,0.33201686462813224,0
Yalahanka,0.6019310574775893,0.09754637939527577,0.13751159829638693,0.5328782218190877,0.3473738368678796,0
Yalahanka,0.6388581564737437,0.09754637939527577,0.06749999194776626,0.24913593752445898,0.3037346576026151,0
Yalahanka,0.38667354032327483,0.09754637939527577,0.47799488142759455,0.7132476721813307,0.3671857800444474,0
Yalahanka,0.19831956600570155,0.09754637939527577,0.524577597485391,0.27101444296375626,0.2442434478622199,0
Yalahanka,0.15451548668856946,0.09754637939527577,0.2918198802455254,0.06691077875943899,0.15174492702260298,0
Yalahanka,0.3579553068767599,0.09754637939527577,0.24292717663183594,0.2928581045349409,0.24706242223205702,0
Yalahanka,0.5557574636538738,0.09754637939527577,0.502350685818859,0.13326082741186035,0.3442382873729894,0
Yalahanka,0.46081404602738946,0.09754637939527577,0.48512293385349176,0.39913872799823297,0.3474442258986023,0
Yalahanka,0.5082695449111663,0.09754637939527577,0.35474628816603926,0.2563150609387407,0.3165547713115099,0
Yalahanka,0.7374781352501281,0.09754637939527577,0.24245876874236774,0.05512486937742474,0.3441417453112148,0
Yalahanka,0.4573313589496813,0.09754637939527577,0.15995052542355156,0.3818315478778197,0.2785947267173544,0
Yalahanka,0.407245782516958,0.09754637939527577,0.24875039383359496,0.40127871494629463,0.2817418237081812,0
Yalahanka,0.628688788175976,0.09754637939527577,0.11090552903056335,0.26411091036461865,0.31110273204097977,0
Yalahanka,0.5160083882812682,0.09754637939527577,0.3053112683954682,0.11420748302146551,0.28806022584934005,0
Yalahanka,0.3871543154308802,0.09754637939527577,0.18882116234003765,0.5154629714380431,0.2798516024031048,0
Yalahanka,0.49554947725614734,0.09754637939527577,0.11363530078021801,0.08420668951019646,0.23806429444080737,0
Yalahanka,0.5716140276527253,0.09754637939527577,0.2751696775992089,0.4472051583193596,0.3514435327647823,0
Yalahanka,0.43822592719676856,0.09754637939527577,0.531176779351628,0.3490444170557019,0.3412350067661326,0
Yalahanka,0.25472074969615627,0.09754637939527577,0.5150195795131715,0.40759335157734405,0.28255909485147335,0
Yalahanka,0.5057114314293965,0.09754637939527577,0.41453891612862154,0.17093812502194367,0.3148114167978874,0
Yalahanka,0.6642765973669045,0.09754637939527577,0.13786482272432038,0.6020131253021873,0.3796356562371914,0
Yalahanka,0.4245568494730959,0.09754637939527577,0.3816466049515259,0.2720538216417464,0.29499620537073346,0
Yalahanka,0.6980639424072568,0.09754637939527577,0.44817185671541476,0.1363351532336941,0.38367093798925966,0
Yalahanka,0.47841241679072277,0.09754637939527577,0.5105739907842879,0.47281849250594654,0.3697458317280853,0
Yalahanka,0.39957921273852304,0.09754637939527577,0.3407064817711804,0.06323304062094359,0.2467428907244434,0
Yalahanka,0.0,0.09754637939527577,0.6599393284693678,0.28462484026211077,0.2039455055517729,0
Yalahanka,0.45939553141575723,0.09754637939527577,0.6249997540138641,0.19448143946524038,0.34422451653665664,0
Yalahanka,0.13645027974424795,0.09754637939527577,0.47062154801714884,0.07203766138942241,0.18195147054091265,0
Yalahanka,0.4620937148915054,0.09754637939527577,0.2981131237684451,0.33717454728545676,0.30119552087711715,0
Yalahanka,0.48801421077304286,0.09754637939527577,0.20578841579315438,0.5091741592129924,0.31760269462972746,0
Yalahanka,0.43557429927797175,0.09754637939527577,0.25510951492581146,0.4020178357696436,0.2930394969164817,0
Yalahanka,0.6406880010662332,0.09754637939527577,0.23248923466689672,0.2286363426149596,0.3342980125173876,0
Yalahanka,0.4386658775852976,0.09754637939527577,0.4383316004489941,0.5139399524193813,0.34755428392614296,0
Yalahanka,0.4347330139701668,0.09754637939527577,0.4235613948478866,0.42663241677786395,0.330127610194398,0
Yalahanka,0.12238866100814161,0.09754637939527577,0.2932292325513748,0.3225103811714673,0.17912234885742734,0
Yalahanka,0.9662714787161066,0.09754637939527577,0.5255553033020974,0.8221341050116311,0.5958901077813842,1
Yalahanka,0.6406298820733701,0.09754637939527577,0.5286086098243636,0.31763311611162676,0.406851061925879,0
Yalahanka,0.5977127403863962,0.09754637939527577,0.3258265535877168,0.11234291962730501,0.3204801216154605,0
Yalahanka,0.46376051692334636,0.09754637939527577,0.2423510551460747,0.3948974291414164,0.29928492014218133,0
Yalahanka,0.0,0.09754637939527577,0.6951630900235628,0.32855238408204784,0.21757938943560245,0
Yalahanka,0.3749986235928156,0.09754637939527577,0.2602783303970321,0.4712708728128155,0.28325972907739694,0
Yalahanka,0.42460874577930874,0.09754637939527577,0.5184820306827771,0.15496702552126224,0.3048184348060855,0
Yalahanka,0.49037457561441444,0.09754637939527577,0.10662288440058018,0.23312916702260442,0.25718896721713447,0
Yalahanka,0.4644613423782282,0.09754637939527577,0.7009321630485874,0.1986744052204932,0.3618129770437541,0
Yalahanka,0.337932669754811,0.09754637939527577,0.244186861262362,0.14623179709597023,0.2183124900496345,0
Yalahanka,0.5529077931357109,0.09754637939527577,0.37677883772521203,0.4548958189868226,0.3663717818091473,0
Yalahanka,0.42021854098166544,0.09754637939527577,0.21929555501183698,0.7533898661252862,0.3332079940833259,0
Yalahanka,0.4314514138955354,0.09754637939527577,0.3355318092933097,0.48781896970445676,0.32055111599635056,0
Yalahanka,0.28907222282479084,0.09754637939527577,0.21153559809730396,0.29995681748455333,0.2177398340494033,0
Yalahanka,0.3872885755164549,0.09754637939527577,0.3739159198758602,0.1490389987534234,0.2619539490375275,0
Kengeri,0.5947573007511704,0.08915765940015331,0.3620571248201323,0.6586607615219391,0.40612289227527293,0
Kengeri,0.6285736005429743,0.08915765940015331,0.3380438676786787,0.5432669257407422,0.39584687040693406,0
Kengeri,0.2997384235207828,0.08915765940015331,0.13420649563703965,0.27675227049783463,0.20000988575440307,0
Kengeri,0.6697625870590304,0.08915765940015331,0.2634764619843002,0.46301728575824086,0.3833120885513028,0
Kengeri,0.4938134573711193,0.08915765940015331,0.4835416531682719,0.3386625432528513,0.3470897200215198,0
Kengeri,0.4144976240742644,0.08915765940015331,0.5341792115668096,0.28164253248658405,0.32090368843238803,0
Kengeri,0.4935047177203314,0.08915765940015331,0.2376504514567743,0.38930078103082083,0.30539915646814,0
Kengeri,0.6974461091909485,0.08915765940015331,0.7926416669996722,0.25587345488644225,0.46776278766977875,0
Kengeri,0.48532934518249077,0.08915765940015331,0.18875471908291863,0.1147030217564162,0.2515689657139639,0
Kengeri,0.5001119627433788,0.08915765940015331,0.059438183188163934,0.42512590729288585,0.2774430075117942,0
Kengeri,0.5789236154609538,0.08915765940015331,0.6388182364064148,0.24964670326383917,0.39458121600223867,0
Kengeri,0.22601741699098632,0.08915765940015331,0.29031116228203696,0.21258613083287772,0.19580354584823023,0
Kengeri,0.3748227825614542,0.08915765940015331,0.26584446081481794,0.1912797576761629,0.23979612753094298,0
Kengeri,0.31902143789639753,0.08915765940015331,0.3385824175055732,0.5757073280810867,0.2924773837970628,0
Kengeri,0.0,0.08915765940015331,0.4266613707993121,0.17946930790439036,0.13899996816556698,0
Kengeri,0.33361130487545565,0.08915765940015331,0.14228938532640042,0.33856734482560413,0.22275423331557617,0
Kengeri,0.5456487994234305,0.08915765940015331,0.32480310617254565,0.10347514105873601,0.2982062700115662,0
Kengeri,0.5169447018004283,0.08915765940015331,0.5076074856378535,0.3736682754637245,0.3652496818973252,0
Kengeri,0.3728707367943547,0.08915765940015331,0.13130005011192547,0.12651894980674758,0.20248990819146734,0
Kengeri,0.5439621022985037,0.08915765940015331,0.03675984614177146,0.48068265524595327,0.2965884011397696,0
Kengeri,0.4880062513552921,0.08915765940015331,0.09243496027031804,0.09742160736571184,0.2306497189533186,0
Kengeri,0.5479505080215985,0.08915765940015331,0.22007713541976187,0.13615110960987,0.28296806915303835,0
Kengeri,0.5061334826928643,0.08915765940015331,0.22539325063812948,0.23170295282382397,0.28372810981374796,0
Kengeri,0.40633038334185867,0.08915765940015331,0.326893059936484,0.5857223089657629,0.32219989032185775,0
Kengeri,0.15033471070557278,0.08915765940015331,0.3984695828206176,0.4125658524351761,0.2209432409963964,0
Kengeri,0.24388873818989232,0.08915765940015331,0.23321822557457675,0.5425154530510266,0.2401293192590776,0
Kengeri,0.1580406111977177,0.08915765940015331,0.20342079967686938,0.37545696560951874,0.17906421651604887,0
Kengeri,0.33169350546860626,0.08915765940015331,0.10935065744598785,0.1696585854629882,0.19015894404270398,0
Kengeri,0.26032976606628633,0.08915765940015331,0.23374120423282133,0.5953179632732892,0.25390865128080387,0
Kengeri,0.30315240677655375,0.08915765940015331,0.16174931269300716,0.4862101448668359,0.2381320244604666,0
Kengeri,0.47851077559565036,0.08915765940015331,0.4965327072748158,0.3887212821453255,0.35184080305528553,0
Kengeri,0.19956623849840363,0.08915765940015331,0.46330599490332386,0.37757277129088723,0.2458925959687851,0
Kengeri,0.26816930569155445,0.08915765940015331,0.06994718751063894,0.08189219309117537,0.14687982127789412,0
Kengeri,0.09116490908569402,0.08915765940015331,0.1711747095052423,0.27383633414991904,0.1339654080235752,0
Kengeri,0.4885736594329559,0.08915765940015331,0.39514585792426365,0.5832658487748865,0.36426712752266627,0
Kengeri,0.6981192275953856,0.08915765940015331,0.29129924606573754,0.4843459616511148,0.4020007709392457,0
Kengeri,0.542342513051667,0.08915765940015331,0.05018719226548214,0.21573224568404498,0.2589644526938326,0
Kengeri,0.3592328390225563,0.08915765940015331,0.4412134689709465,0.25390744629061063,0.2788076022157216,0
Kengeri,0.21267391986808573,0.08915765940015331,0.11382258102377159,0.36195259307314726,0.1782405749396024,0
Kengeri,0.6440582605062657,0.08915765940015331,0.22067234054983295,0.20639644887081726,0.32726162443782814,0
Kengeri,0.4276808085435859,0.08915765940015331,0.4027789787039584,0.31749449954643544,0.304615551483058,0
Kengeri,0.39381248825300913,0.08915765940015331,0.4352498430868947,0.49314021714846795,0.3256026698982484,0
Kengeri,0.5457462819250471,0.08915765940015331,0.28447864153987484,0.43683243192989946,0.3401790895912723,0
Kengeri,0.5945703195230922,0.08915765940015331,0.19374034971281917,0.5982027878966352,0.3633253977801874,0
Kengeri,0.4335260912900729,0.08915765940015331,0.17966983501476189,0.5312643774264928,0.2941050533884978,0
Kengeri,0.18953080918094023,0.08915765940015331,0.1292990705091268,0.3563328122873799,0.1723928169783074,0
Kengeri,0.5937705638825648,0.08915765940015331,0.243318621014451,0.4350300187913522,0.3484852222005367,0
Kengeri,0.523970206748012,0.08915765940015331,0.7988438119770657,0.821989588286558,0.49320407082024703,0
Kengeri,0.15959724148867693,0.08915765940015331,0.4638715153559515,0.23228503144124799,0.21022339012846042,0
Kengeri,0.18397991197045888,0.08915765940015331,0.06700378403247591,0.31578766451056606,0.15190917349278668,0
Chikkajala,0.19517419869826397,0.08777335190882071,0.6480307463615985,0.05650341239802054,0.23272463624906137,0
Chikkajala,0.49150111161376486,0.08777335190882071,0.4374176851729076,0.6086276115601118,0.37713507340606217,0
Chikkajala,0.22390158836570395,0.08777335190882071,0.4633308780997361,0.10759887003081033,0.21350356762521133,0
Chikkajala,0.3111249954220392,0.08777335190882071,0.3042902517655406,0.5191433070423679,0.2739553003798232,0
Chikkajala,0.45777905829013243,0.08777335190882071,0.10949213231323668,0.2723720767210981,0.2493089139450046,0
Chikkajala,0.6034009940679321,0.08777335190882071,0.28118329452273577,0.2108240955492895,0.325382626733363,0
Chikkajala,0.6695809472099652,0.08777335190882071,0.20413461162460098,0.10393620742977899,0.31710269053552104,0
Chikkajala,0.39574510044455136,0.08777335190882071,0.12458068035813943,0.1438346217691031,0.21133412006523253,0
Chikkajala,0.30841905355031574,0.08777335190882071,0.29108611617353986,0.4505321719099169,0.2600757233364522,0
Chikkajala,0.2284422906327114,0.08777335190882071,0.3446981620162381,0.6352546024487336,0.2705146300646528,0
Chikkajala,0.3768472623963863,0.08777335190882071,0.10742797390846909,0.45692205392833074,0.24825245028232484,0
Chikkajala,0.5193971611246775,0.08777335190882071,0.4473564507421818,0.3502520401934367,0.35013010814373513,0
Chikkajala,0.18613483666567998,0.08777335190882071,0.14428182429905115,0.34729000203325855,0.17242906357043322,0
Chikkajala,0.634359161387331,0.08777335190882071,0.27213285625296463,0.4106727456687409,0.3643851951591161,0
Chikkajala,0.6569850091916958,0.08777335190882071,0.3133716925860974,0.20320498346225532,0.3494318448262975,0
Chikkajala,0.4508099734873871,0.08777335190882071,0.22913976041756315,0.5330520820619211,0.3099012606860325,0
Chikkajala,0.37313670314418435,0.08777335190882071,0.17982812732319733,0.1921441252308847,0.22171709592238292,0
Chikkajala,0.33156092052477926,0.08777335190882071,0.4092514583786502,0.2810341417621284,0.2663837406963683,0
Chikkajala,0.5640795932169436,0.08777335190882071,0.23822145604340356,0.21131990485514715,0.3031021401355293,0
Chikkajala,0.5175050366071836,0.08777335190882071,0.43829619231570244,0.47152133274075847,0.36584620675941476,0
Chikkajala,0.34492766239657263,0.08777335190882071,0.283305516492602,0.4482377337914162,0.27095345077867944,0
Chikkajala,0.2512660302857421,0.08777335190882071,0.2054361489692013,0.6258128961565425,0.24923428038997758,0
Chikkajala,0.5457343965416561,0.08777335190882071,0.2483796019796466,0.6988503833364669,0.3718425222586252,0
Chikkajala,0.28883545034787045,0.08777335190882071,0.2668174619996267,0.2314860338906604,0.21551081067792527,0
Chikkajala,0.1274977625227932,0.08777335190882071,0.11562766063702756,0.3781563055948668,0.15080520042225937,0
Chikkajala,0.42724028399543745,0.08777335190882071,0.41148007114833884,0.16426885290667403,0.2828024471367182,0
Chikkajala,0.6435080997058389,0.08777335190882071,0.1411705472859287,0.08243007124955173,0.29215846061430834,0
Chikkajala,0.3114760489989536,0.08777335190882071,0.16937658614166792,0.2842429547857901,0.21186038316848205,0
Chikkajala,0.3668044118123856,0.08777335190882071,0.15601018261786823,0.25660185020485304,0.22440586376128274,0
Chikkajala,0.47257771359199946,0.08777335190882071,0.18132003172664543,0.2934598003501798,0.27201718172770206,0
Chikkajala,0.6148769847705158,0.08777335190882071,0.5632186761397158,0.6667505023757635,0.4541952608266344,0
Chikkajala,0.03867106595374292,0.08777335190882071,0.19219442845685647,0.2434875824791127,0.11482890171969445,0
Chikkajala,0.3962881297617722,0.08777335190882071,0.27353320926357605,0.25302914502570695,0.2576938645958377,0
Chikkajala,0.20805351595444904,0.08777335190882071,0.5128892247572198,0.5622320548310162,0.2860633893327998,0
Chikkajala,0.37905107333592614,0.08777335190882071,0.728835062134972,0.1845246462515422,0.3324455906049461,0
Chikkajala,0.40417345862063736,0.08777335190882071,0.33876873217249376,0.07326802712351632,0.2465366665928955,0
Chikkajala,0.262143815078259,0.08777335190882071,0.29063958845991494,0.2579484588586187,0.21490252737081267,0
Chikkajala,0.1490068924489963,0.08777335190882071,0.32826811102404474,0.3870678227922658,0.20219821355344372,0
Chikkajala,0.2874383078895458,0.08777335190882071,0.14316248533840617,0.5941680981163556,0.24469312511912178,0
Chikkajala,0.3041033811931173,0.08777335190882071,0.1465159712015182,0.18120842365652295,0.18925264677901935,0
Chikkajala,0.7435343640832494,0.08777335190882071,0.6405306624339643,0.21577990335418892,0.44704215099170463,0
Chikkajala,0.22553470980297713,0.08777335190882071,0.3852646385060127,0.6469090063271047,0.27935843265395643,0
Chikkajala,0.4881537950937549,0.08777335190882071,0.11045497779263339,0.14498836483166033,0.24102508413873613,0
Chikkajala,0.717211875855999,0.08777335190882071,0.37723803370734693,0.2774535383274659,0.39442179961283513,0
Chikkajala,0.33096931581829353,0.08777335190882071,0.27481110912426,0.5816781806883082,0.2843852150371472,0
Chikkajala,0.3276268474821555,0.08777335190882071,0.2965507076396511,0.4974157371043424,0.2749239042849822,0
Chikkajala,0.31073481310182605,0.08777335190882071,0.32755504428461385,0.7097800162496589,0.3070672014526569,0
Chikkajala,0.0,0.08777335190882071,0.28694605141957047,0.524512489199696,0.16239808923651472,0
Chikkajala,0.49673263156707825,0.08777335190882071,0.2947140061177091,0.10277839923584663,0.2745479877300424,0
Chikkajala,0.6559393847738046,0.08777335190882071,0.3988540273836083,0.25922319126015747,0.37456507440922315,0
Thalagattapura,0.24565360006582762,0.08745302275292553,0.32851174380550346,0.08494702143733154,0.19065906882561776,0
Thalagattapura,0.3195479368714473,0.08745302275292553,0.2709803855112269,0.41626665836488996,0.2547137605878631,0
Thalagattapura,0.48262713914002675,0.08745302275292553,0.6157978079572056,0.5176860386751144,0.3959678729175953,0
Thalagattapura,0.6695948882563543,0.08745302275292553,0.6064577924335517,0.5207076023625852,0.4599918165566998,0
Thalagattapura,0.12751899818342732,0.08745302275292553,0.22342418365312047,0.26078923722761765,0.15467077850484395,0
Thalagattapura,0.3266263661939751,0.08745302275292553,0.22321817672316646,0.4255564735198674,0.2490322413663823,0
Thalagattapura,0.3079145991265274,0.08745302275292553,0.3705972166540862,0.3821476931239774,0.2654476138195761,0
Thalagattapura,0.4339141174827994,0.08745302275292553,0.2967430222167746,0.34242618242391937,0.28881837975180025,0
Thalagattapura,0.5799952190762898,0.08745302275292553,0.5884831760113358,0.28865983996245637,0.3902298446992147,0
Thalagattapura,0.5550284699401264,0.08745302275292553,0.13289335912956413,0.2550279698763489,0.2853287386122871,0
Thalagattapura,0.2470839025760162,0.08745302275292553,0.4358408407946124,0.7957891815958376,0.3192518181257814,0
Thalagattapura,0.6108003826571617,0.08745302275292553,0.7179400630899677,0.19453288993912313,0.41278398686474627,0
Thalagattapura,0.47544438637024844,0.08745302275292553,0.1789534722855008,0.3496075145214735,0.2808732636907858,0
Thalagattapura,0.5065549291590893,0.08745302275292553,0.10667801888208017,0.45843279208257454,0.2936306546203611,0
Thalagattapura,0.23170266851465998,0.08745302275292553,0.20610829627267802,0.33431592172460084,0.19870088831923438,0
Thalagattapura,0.4185869493905072,0.08745302275292553,0.26937311628200594,0.3038624365067872,0.2721953278449744,0
Thalagattapura,0.3727293830079983,0.08745302275292553,0.1908289831390525,0.2665989677018159,0.23484683266175993,0
Thalagattapura,0.2573925606079492,0.08745302275292553,0.2866780461894579,0.1619415256905598,0.19795014113013543,0
Thalagattapura,0.2826311376595473,0.08745302275292553,0.6031026905403883,0.3277736072273234,0.2949433841988954,0
Thalagattapura,0.6420659498778186,0.08745302275292553,0.07645231678209549,0.19395962746073198,0.2953433967586431,0
Thalagattapura,0.4262954567453525,0.08745302275292553,0.10276202508719294,0.6552741285864384,0.29428284099215535,0
Thalagattapura,0.35469907772463005,0.08745302275292553,0.5272916490787978,0.2689472894838417,0.296181007267834,0
Thalagattapura,0.5260339391013408,0.08745302275292553,0.32840466598391554,0.5123684079637219,0.3528839799026883,0
Thalagattapura,0.3285431405957693,0.08745302275292553,0.40092964625655403,0.5391537853622695,0.30228500309004813,0
Thalagattapura,0.44340667897822883,0.08745302275292553,0.2862976373506486,0.5304122385470932,0.3182496077204514,0
Thalagattapura,0.6493189315912448,0.08745302275292553,0.05954613164048535,0.38591589862880465,0.32329414400523104,0
Thalagattapura,0.4619878827805225,0.08745302275292553,0.17353568310198791,0.27108747378463105,0.26330192348715276,0
Thalagattapura,0.5146712033693116,0.08745302275292553,0.5807954531509073,0.5327310844811612,0.40243958130749236,0
Thalagattapura,0.3519458662691487,0.08745302275292553,0.3250483458925071,0.4718772819357312,0.2852082214889408,0
Thalagattapura,0.3171659731033804,0.08745302275292553,0.28536762971616825,0.3994465234139329,0.25423450186738433,0
Thalagattapura,0.608003725648417,0.08745302275292553,0.34388603539048235,0.5394165408514853,0.3887268990086429,0
Thalagattapura,0.4805429239811185,0.08745302275292553,0.25176556934131167,0.20828515221224153,0.27602181691936767,0
Thalagattapura,0.587020545632611,0.08745302275292553,0.08260788884849544,0.6154757961399091,0.3405360449879769,0
Thalagattapura,0.5200570903396161,0.08745302275292553,0.2799799107024236,0.317754780538994,0.31191508766607706,0
Thalagattapura,0.8593523423486279,0.08745302275292553,0.20080378804965038,0.24185423581089724,0.40344811962946214,0
Thalagattapura,0.46831413037387815,0.08745302275292553,0.4375762755253009,0.41338119395642076,0.3396682866552583,0
Thalagattapura,0.601974677833515,0.08745302275292553,0.05023116248985348,0.27916365232103585,0.28884782441373397,0
Thalagattapura,0.5469872337157872,0.08745302275292553,0.5009759477792326,0.616699928325777,0.41038161743111623,0
Thalagattapura,0.5390835216161648,0.08745302275292553,0.1398836652636236,0.2833641064478757,0.2853964884114414,0
Thalagattapura,0.15005253359958304,0.08745302275292553,0.3923073280880489,0.3338944845364759,0.2072999318838129,0
Thalagattapura,0.21259884522799927,0.08745302275292553,0.41563142418023674,0.4646720738165076,0.2534725985642009,0
Thalagattapura,0.13566737047827893,0.08745302275292553,0.5929401829843907,0.36709501591840604,0.24737177547791434,0
Thalagattapura,0.25060182747641124,0.08745302275292553,0.19750394830162493,0.11524644094010761,0.17073430224396272,0
Thalagattapura,0.2889188987005018,0.08745302275292553,0.15227878056042796,0.17230258596994613,0.1836586653786308,0
Thalagattapura,0.5644919589796737,0.08745302275292553,0.29460050681832367,0.26721910499459,0.3228110595816167,0
Thalagattapura,0.43462143582202367,0.08745302275292553,0.31438492216388103,0.25971470003482267,0.2801875988015855,0
Thalagattapura,0.5087140888306481,0.08745302275292553,0.18503861282820833,0.37522504532163026,0.29757731728049064,0
Thalagattapura,0.6388418379083108,0.08745302275292553,0.2952571403500273,0.3493403688730223,0.3612830334947453,0
Thalagattapura,0.42611362685071086,0.08745302275292553,0.3093760891006879,0.36076979735829084,0.2913663636475076,0
Thalagattapura,0.21492441452465297,0.08745302275292553,0.22770636153787574,0.12566201580131584,0.16585002658727874,0
Sheshadripuram/Chickpet,0.4859592828098309,0.08711980829982462,0.38302207450915576,0.45068706384926965,0.3404291659526098,0
Sheshadripuram/Chickpet,0.186125986707886,0.08711980829982462,0.41873743995763596,0.108954917509193,0.19137076345561366,0
Sheshadripuram/Chickpet,0.506337010713222,0.08711980829982462,0.2917179809416085,0.292185106656402,0.3055252584263571,0
Sheshadripuram/Chickpet,0.5544857685109418,0.08711980829982462,0.3462532515345587,0.23647323079558763,0.32492759639502683,0
Sheshadripuram/Chickpet,0.719998127276537,0.08711980829982462,0.3336211566620923,0.35766619624945134,0.3985094478065715,0
Sheshadripuram/Chickpet,0.298966279045631,0.08711980829982462,0.2181295522571564,0.2031926061035776,0.20487894152288616,0
Sheshadripuram/Chickpet,0.6396618860008773,0.08711980829982462,0.09962063965266611,0.22406297926734955,0.30355117741089005,0
Sheshadripuram/Chickpet,0.5000749024215744,0.08711980829982462,0.4960463064298266,0.18197121794082136,0.3276671023145869,0
Sheshadripuram/Chickpet,0.7783534343488515,0.08711980829982462,0.173192010186207,0.2526585268395463,0.3710968255752187,0
Sheshadripuram/Chickpet,0.48712204431299244,0.08711980829982462,0.2792829637272338,0.6272002271017083,0.3465652848101977,0
Sheshadripuram/Chickpet,0.23488167827516962,0.08711980829982462,0.35102802128019384,0.4178952636424585,0.24123442368866427,0
Sheshadripuram/Chickpet,0.36785814774645154,0.08711980829982462,0.2513363040524633,0.30008028374163165,0.2501655975729428,0
Sheshadripuram/Chickpet,0.39259904614541236,0.08711980829982462,0.31321720355113364,0.33293388279251224,0.27612913176994525,0
Sheshadripuram/Chickpet,0.1861633362150864,0.08711980829982462,0.37075750336997654,0.5893225629384542,0.25384299527999105,0
Sheshadripuram/Chickpet,0.4008261491246513,0.08711980829982462,0.4386605042588214,0.6831593878150757,0.356631103707601,0
Sheshadripuram/Chickpet,0.2032676531091855,0.08711980829982462,0.13249321652820137,0.28789654628854905,0.16696274632708494,0
Sheshadripuram/Chickpet,0.4850361488577354,0.08711980829982462,0.3911939681669438,0.4802366880448848,0.3461728914302762,0
Sheshadripuram/Chickpet,0.3242205954841885,0.08711980829982462,0.13748391986736028,0.25816963633322954,0.20583538033286983,0
Sheshadripuram/Chickpet,0.30988940594536957,0.08711980829982462,0.29531064629796405,0.5534235892753193,0.2766729022217174,0
Sheshadripuram/Chickpet,0.2585483860861404,0.08711980829982462,0.23677502961737257,0.3098439965414214,0.21045948302478426,0
Sheshadripuram/Chickpet,0.5855071594622137,0.08711980829982462,0.24445819744512465,0.32691209058285314,0.328991901378175,0
Sheshadripuram/Chickpet,0.4579572597621865,0.08711980829982462,0.3132435973300512,0.4759932857298539,0.320468695732201,0
Sheshadripuram/Chickpet,0.6676866440526192,0.08711980829982462,0.04958059077396868,0.05682164376838537,0.2782656326284157,0
Sheshadripuram/Chickpet,0.3044736077296498,0.08711980829982462,0.150585514461868,0.14816766255909303,0.18504395747156238,0
Sheshadripuram/Chickpet,0.4252758238213737,0.08711980829982462,0.2727549471109329,0.390521168497798,0.2881116455242845,0
Sheshadripuram/Chickpet,0.6492094676220778,0.08711980829982462,0.6982875621549105,0.23821384655951514,0.4287488455725839,0
Sheshadripuram/Chickpet,0.31285596725335135,0.08711980829982462,0.37676028525311867,0.25436441566772144,0.24914225042940233,0
Sheshadripuram/Chickpet,0.0,0.08711980829982462,0.2500711891421637,0.46247351384195534,0.14552120739467342,0
Sheshadripuram/Chickpet,0.37976367576573095,0.08711980829982462,0.24978591886892904,0.39964234278041827,0.26895676419880177,0
Sheshadripuram/Chickpet,0.41601645115854397,0.08711980829982462,0.3663847173257514,0.180359985049571,0.2720726416180237,0
Sheshadripuram/Chickpet,0.42175933017279066,0.08711980829982462,0.4185940877507582,0.22453027917720092,0.2911500674771559,0
Sheshadripuram/Chickpet,0.35135751841570395,0.08711980829982462,0.2782190015796314,0.04869651728575795,0.21205935184423372,0
Sheshadripuram/Chickpet,0.42878183907912687,0.08711980829982462,0.156355980842116,0.3032872151013551,0.25297386460126825,0
Sheshadripuram/Chickpet,0.25843938491972446,0.08711980829982462,0.09144440840110839,0.4500596449076478,0.2023875556282198,0
Sheshadripuram/Chickpet,0.5620858276798216,0.08711980829982462,0.2802844184664432,0.0966603174482196,0.2934219134884065,0
Sheshadripuram/Chickpet,0.4747943337022599,0.08711980829982462,0.24521716660028517,0.47015101687562477,0.3118800451371391,0
Sheshadripuram/Chickpet,0.11953774454016286,0.08711980829982462,0.46671232755088643,0.40854666043704563,0.2225986176547385,0
Sheshadripuram/Chickpet,0.317947602710022,0.08711980829982462,0.36867374136378434,0.29890481641346184,0.2559880741732312,0
Sheshadripuram/Chickpet,0.4388282456284896,0.08711980829982462,0.32409636907419626,0.2194715677457745,0.2774658374366242,0
Sheshadripuram/Chickpet,0.45964036181184326,0.08711980829982462,0.441087769085326,0.3199907127351669,0.32322622985143273,0
Sheshadripuram/Chickpet,0.6170737588816688,0.08711980829982462,0.3085027177668812,0.4297871768166199,0.3682803781744007,0
Sheshadripuram/Chickpet,0.38516753824636063,0.08711980829982462,0.37605437963832056,0.3179874126813037,0.2838535687060333,0
Sheshadripuram/Chickpet,0.5180348243283801,0.08711980829982462,0.08501216914629003,0.5714745590204288,0.3101717486872027,0
Sheshadripuram/Chickpet,0.15500690435928502,0.08711980829982462,0.3209161484116502,0.2839332425851536,0.1871615750858002,0
Sheshadripuram/Chickpet,0.2916105654212401,0.08711980829982462,0.5452948375779085,0.37578405096213124,0.2936262155472828,0
Sheshadripuram/Chickpet,0.2947257822693538,0.08711980829982462,0.06425571043189302,0.2216676455581038,0.1753912552043154,0
Sheshadripuram/Chickpet,0.3593401398167267,0.08711980829982462,0.33461836185634847,0.10515208676883608,0.23460147681239682,0
Sheshadripuram/Chickpet,0.05719445484893493,0.08711980829982462,0.16917810084178764,0.6577576771783971,0.17865327343219167,0
Sheshadripuram/Chickpet,0.32547152804841856,0.08711980829982462,0.5166274413221096,0.3701433381189999,0.29889796628916576,0
Sheshadripuram/Chickpet,0.05010642058623166,0.08711980829982462,0.23183618988001267,0.15722131840294237,0.11362362543157234,0
Int. Aiport,0.24621733273410581,0.08503773022919749,0.52886738929141,0.5994670481868472,0.30738092061200534,0
Int. Aiport,0.7739617157939132,0.08503773022919749,0.23268251817048888,0.12571838326393547,0.36179218072031694,0
Int. Aiport,0.35137737065804453,0.08503773022919749,0.2545583596249521,0.7015970936679239,0.30464463477425385,0
Int. Aiport,0.11477509514265344,0.08503773022919749,0.29758594325723436,0.5318458523180685,0.2049766688678451,0
Int. Aiport,0.5355119742734178,0.08503773022919749,0.3157287111897341,0.4668311372378168,0.3461109228880748,0
Int. Aiport,0.33392260000809404,0.08503773022919749,0.1784533630688126,0.295824227698272,0.22244853584009547,0
Int. Aiport,0.6543127015819923,0.08503773022919749,0.28272230478955035,0.7090030845676872,0.4174156882655197,0
Int. Aiport,0.4189802796723656,0.08503773022919749,0.4037124810286925,0.23404915332362813,0.2880042861583699,0
Int. Aiport,0.3355861457998048,0.08503773022919749,0.36545244411571426,0.21106467395510015,0.24771666001509876,0
Int. Aiport,0.4893989738860819,0.08503773022919749,0.4238024082796757,0.031105975184432227,0.2862273378624879,0
Int. Aiport,0.1545530923899895,0.08503773022919749,0.12161862384408212,0.36064166341715215,0.1580248756866448,0
Int. Aiport,0.42853732710185555,0.08503773022919749,0.1974008316804146,0.14318321688848368,0.23645703242376417,0
Int. Aiport,0.4879986491633955,0.08503773022919749,0.10427910679614805,0.1654540109970119,0.24198476928472906,0
Int. Aiport,0.18867552997143053,0.08503773022919749,0.6481305280965433,0.39691613808748183,0.28071128089119085,0
Int. Aiport,0.1873988840566919,0.08503773022919749,0.5289668303251376,0.4837110002636732,0.2694509445931799,0
Int. Aiport,0.31500560082564144,0.08503773022919749,0.5320143465136736,0.28339988747441497,0.2846761317816307,0
Int. Aiport,0.48948095065384345,0.08503773022919749,0.6096873333781284,0.42191438547366583,0.38205427629428,0
Int. Aiport,0.45615082577912375,0.08503773022919749,0.4725401713506397,0.1792761996879067,0.3065635723147665,0
Int. Aiport,0.4723514366260845,0.08503773022919749,0.39019521910980853,0.5782814277246167,0.35561557986854303,0
Int. Aiport,0.35399286234133065,0.08503773022919749,0.27483618927683895,0.2587645066769741,0.2431907347451389,0
Int. Aiport,0.15210697597913655,0.08503773022919749,0.5012701898439809,0.054738054203086146,0.18721350676071613,0
Int. Aiport,0.5673725187122599,0.08503773022919749,0.5648886087940802,0.4853867097806409,0.40987742884396233,0
Int. Aiport,0.41931827251245224,0.08503773022919749,0.20960487298478786,0.19450521196460924,0.24336947083976648,0
Int. Aiport,0.37952411061927016,0.08503773022919749,0.1977856369479188,0.5049026105043507,0.2736372767507402,0
Int. Aiport,0.3869986013067516,0.08503773022919749,0.34119959412076445,0.3563370384243054,0.28265130411392103,0
Int. Aiport,0.6620386506135303,0.08503773022919749,0.32500293988765155,0.37536899868075546,0.3785307845631385,0
Int. Aiport,0.6853334288105668,0.08503773022919749,0.13952035463966356,0.5340381973035746,0.37338781967592655,0
Int. Aiport,0.2944265288067782,0.08503773022919749,0.1487300936574548,0.1244117180520004,0.17696838059042266,0
Int. Aiport,0.3590799028275881,0.08503773022919749,0.09560567259676002,0.17181043935773033,0.19608198548142666,0
Int. Aiport,0.5890394579605891,0.08503773022919749,0.19128183686467334,0.632466967218204,0.3648015418106306,0
Int. Aiport,0.2915058702441704,0.08503773022919749,0.11068355579506194,0.18594991581297227,0.1775675721851771,0
Int. Aiport,0.5265940513244466,0.08503773022919749,0.2148796226362483,0.24871605771830313,0.2901025702173107,0
Int. Aiport,0.3138161251800115,0.08503773022919749,0.3201642850748419,0.6338684200142732,0.2944600828988726,0
Int. Aiport,0.4485210618438415,0.08503773022919749,0.22354519923074487,0.5790454371808325,0.31405954613737763,0
Int. Aiport,0.2406319782185816,0.08503773022919749,0.4707863794119407,0.4553525789115628,0.27219267416438536,0
Int. Aiport,0.27817973309489763,0.08503773022919749,0.5340366064010461,0.2930609336416937,0.2736406869784367,0
Int. Aiport,0.37520132808783985,0.08503773022919749,0.3086720045452188,0.20019712518568483,0.24859575358639968,0
Int. Aiport,0.28301448470093626,0.08503773022919749,0.33858907182931847,0.2508491289357681,0.22991157242031585,0
Int. Aiport,0.30709474982951773,0.08503773022919749,0.3044883116265466,0.2591925655769012,0.23277102867093494,0
Int. Aiport,0.4149582078256244,0.08503773022919749,0.08639589612666299,0.6215730593047321,0.2812618299287702,0
Int. Aiport,0.12447596049093662,0.08503773022919749,0.5122021335060871,0.45639315043522904,0.23997730450708885,0
Int. Aiport,0.48310296402912134,0.08503773022919749,0.311117418865033,0.18547505367569367,0.2846420983033124,0
Int. Aiport,0.6838144102568045,0.08503773022919749,0.16898522085075568,0.724346624584987,0.4072954005165399,0
Int. Aiport,0.5864214138117709,0.08503773022919749,0.3482992880675668,0.4072455313121391,0.36150550121321334,0
Int. Aiport,0.6156939805559553,0.08503773022919749,0.5610741847520613,0.2406828171424531,0.38932147178512383,0
Int. Aiport,0.4474121600773945,0.08503773022919749,0.28711627081381386,0.4613159810554247,0.3087262264169238,0
Int. Aiport,0.4237864021734227,0.08503773022919749,0.5999575112922692,0.5331378550098071,0.3737987403393821,0
Int. Aiport,0.6086095570534702,0.08503773022919749,0.12968319516193672,0.48482095182135326,0.3371844458430642,0
Int. Aiport,1.0,0.08503773022919749,0.5545852358127685,0.29582581788267054,0.5308022389137135,0
Int. Aiport,0.612757023729601,0.08503773022919749,0.17337960338053202,0.06214335892083938,0.2839737018883519,0
Kamakshipalya,0.23979073165229334,0.08491237163603546,0.3169736536705323,0.3845253853501944,0.23047400610574892,0
Kamakshipalya,0.14479062377366422,0.08491237163603546,0.3114332714636257,0.38198993641192913,0.19573557456610763,0
Kamakshipalya,0.6259014145830449,0.08491237163603546,0.5152353082155883,0.10575884142725503,0.36345009445208226,0
Kamakshipalya,0.19928709845992382,0.08491237163603546,0.2571433132457836,0.3860843791981087,0.204565515480657,0
Kamakshipalya,0.3662965649562515,0.08491237163603546,0.24242299248981386,0.4950255372958996,0.2764159383178464,0
Kamakshipalya,0.45116247422670624,0.08491237163603546,0.28916233999821345,0.4911963332976097,0.3148924954644419,0
Kamakshipalya,0.18010282571863573,0.08491237163603546,0.29247112304611345,0.18428955122097299,0.17464735778470178,0
Kamakshipalya,0.25869212362375216,0.08491237163603546,0.20212745329885842,0.2369409768959107,0.1919825919532822,0
Kamakshipalya,0.4300149539265103,0.08491237163603546,0.07393178911849302,0.23152801246078297,0.2254945050579053,0
Kamakshipalya,0.4242196624677243,0.08491237163603546,0.32143384765151467,0.48724706287311637,0.3113244223157845,0
Kamakshipalya,0.2022199463156005,0.08491237163603546,0.5022724981815347,0.22914579987223443,0.23107706231841293,0
Kamakshipalya,0.40185538766888135,0.08491237163603546,0.15831844827226768,0.6157986313879886,0.2901565815375709,0
Kamakshipalya,0.19026983979463033,0.08491237163603546,0.11523638300147335,0.12421684183382946,0.13374795829430033,0
Kamakshipalya,0.3124584949552666,0.08491237163603546,0.45050796526350445,0.3750065459550601,0.28118675967111384,0
Kamakshipalya,0.35876663487219884,0.08491237163603546,0.2232432276997473,0.5006062008351576,0.2707816093613033,0
Kamakshipalya,0.6531117613569739,0.08491237163603546,0.2870519290325738,0.11304360673410557,0.32842975478238207,0
Kamakshipalya,0.2677082688583172,0.08491237163603546,0.1737922878665608,0.45325793162548333,0.2219187529083563,0
Kamakshipalya,0.4376089697271737,0.08491237163603546,0.09384619692047988,0.21657345064450406,0.22989210787609302,0
Kamakshipalya,0.3266231468461403,0.08491237163603546,0.34016952389172356,0.4715848791730203,0.2785634495412575,0
Kamakshipalya,0.33163342997416184,0.08491237163603546,0.3520537494199586,0.20709687405173005,0.2430206929735185,0
Kamakshipalya,0.20708707029539497,0.08491237163603546,0.35300706759615597,0.5514952334068952,0.2512798846244644,0
Kamakshipalya,0.23089797421409716,0.08491237163603546,0.3230191137292301,0.4392819804592566,0.23678412228047913,0
Kamakshipalya,0.13675414639668432,0.08491237163603546,0.3042043604860533,0.3174181836993685,0.18179126238176607,0
Kamakshipalya,0.2429567901921442,0.08491237163603546,0.16860123440558367,0.7234080093016653,0.25274003633442765,0
Kamakshipalya,0.2864767221546564,0.08491237163603546,0.3434486619022226,0.2531250585755249,0.23239905541171366,0
Kamakshipalya,0.6820964926201878,0.08491237163603546,0.35924390337231193,0.6848383757658689,0.4387820209472191,0
Kamakshipalya,0.0604043619564642,0.08491237163603546,0.3977116982204655,0.13753201606710017,0.14678738022973123,0
Kamakshipalya,0.1600416188650487,0.08491237163603546,0.10551331428657368,0.5932863829604893,0.1915838983949658,0
Kamakshipalya,0.3344897606479967,0.08491237163603546,0.3923352234980672,0.2125273318096041,0.25289127218866353,0
Kamakshipalya,0.4695218494484488,0.08491237163603546,0.1404541669751156,0.5437280537416858,0.29945640025404363,0
Kamakshipalya,0.7344100894933785,0.08491237163603546,0.04411825936787731,0.27565757975298044,0.33268953165001564,0
Kamakshipalya,0.46893585304939767,0.08491237163603546,0.5756940368223643,0.1785259302101884,0.3315189569541009,0
Kamakshipalya,0.47796908096799623,0.08491237163603546,0.15715145375073253,0.24818001133910492,0.2614201822806216,0
Kamakshipalya,0.40800100782278886,0.08491237163603546,0.08584905929049774,0.5727311824548862,0.2713535534551192,0
Kamakshipalya,0.3336257419423235,0.08491237163603546,0.32702694868802135,0.3505071002906557,0.2602241759518265,0
Kamakshipalya,0.3784517846768184,0.08491237163603546,0.35277863132941795,0.49507709240942543,0.30274912625499445,0
Kamakshipalya,0.35707568890852437,0.08491237163603546,0.2658971896503833,0.6280809356873931,0.29784178089197977,0
Kamakshipalya,0.6516007866490474,0.08491237163603546,0.2584939068217175,0.25353278653383426,0.3432626861623959,0
Kamakshipalya,0.2964962102871183,0.08491237163603546,0.16005343661452986,0.6123979371270315,0.2531177629832628,0
Kamakshipalya,0.2922007532863607,0.08491237163603546,0.3313677654240615,0.5986689608840966,0.2838178723584637,0
Kamakshipalya,0.4891964706997095,0.08491237163603546,0.31733234464562626,0.34044541960995756,0.31122575810632785,0
Kamakshipalya,0.15648022087540875,0.08491237163603546,0.2803105914428085,0.3675005546652499,0.19142899028555288,0
Kamakshipalya,0.325185947920782,0.08491237163603546,0.17262303421278435,0.4599468462301981,0.2428054270401709,0
Kamakshipalya,0.5654460351362032,0.08491237163603546,0.48939058213756986,0.5769861463642532,0.4078058621706337,0
Kamakshipalya,0.3971745734501647,0.08491237163603546,0.2443702030123556,0.1716893431567385,0.2391122542743502,0
Kamakshipalya,0.5550111968958851,0.08491237163603546,0.06605901744715673,0.5248999087777517,0.3116744202104645,0
Kamakshipalya,0.3087265028735766,0.08491237163603546,0.5226175234418935,0.23742418377309057,0.27366511975090474,0
Kamakshipalya,0.44031827501024134,0.08491237163603546,0.3746862419687646,0.5964267923788116,0.34398637499496976,0
Kamakshipalya,0.23175890366469856,0.08491237163603546,0.1561317583052118,0.2416914127923842,0.1740693913533551,0
Kamakshipalya,0.4254448843458586,0.08491237163603546,0.24356331590245306,0.11994898867516259,0.24108443249362616,0
Hebbala,0.29882788456355863,0.08363837533230337,0.4911971365259066,0.13862053965002902,0.2487137804496222,0
Hebbala,0.21359957238802227,0.08363837533230337,0.1572052364755457,0.14595512518329012,0.15318567900810146,0
Hebbala,0.3933485246359337,0.08363837533230337,0.7537903870559787,0.18288153863364598,0.3409538044285105,0
Hebbala,0.4955758662592009,0.08363837533230337,0.4301485022334267,0.2148354993248479,0.31679809113582386,0
Hebbala,0.3561877534804315,0.08363837533230337,0.2742916214470321,0.4701227229238764,0.27513395904582993,0
Hebbala,0.596780450247922,0.08363837533230337,0.228338788004778,0.22132403860178168,0.31283103357768655,0
Hebbala,0.320902495710351,0.08363837533230337,0.3111305934947034,0.24063141612942138,0.23572821721666773,0
Hebbala,0.3538498178490129,0.08363837533230337,0.33273321871662104,0.08994322551776543,0.22897707641783457,0
Hebbala,0.6570051354816449,0.08363837533230337,0.22581258621072037,0.33682808446331247,0.35073003992990764,0
Hebbala,0.5460925202761979,0.08363837533230337,0.7670043671092602,0.2252484337293636,0.40341203317761687,0
Hebbala,0.3392439140576756,0.08363837533230337,0.26653544795777706,0.2412356202198067,0.23331931514440388,0
Hebbala,0.5020337472676584,0.08363837533230337,0.3584371017360361,0.8280340090855162,0.39669584585340606,0
Hebbala,0.48086002277160045,0.08363837533230337,0.17609333233771435,0.08914214675328144,0.24198250905028623,0
Hebbala,0.3519889581690763,0.08363837533230337,0.0340114952163354,0.22667938949311858,0.18909185542610257,0
Hebbala,0.7981122050457117,0.08363837533230337,0.379246443078598,0.4664341249087633,0.45024519171772415,0
Hebbala,0.3069755235215386,0.08363837533230337,0.29868192495371687,0.7178660976522239,0.2999492454708065,0
Hebbala,0.38929537357331256,0.08363837533230337,0.5235849623401647,0.4961684510865523,0.34048715348136616,0
Hebbala,0.28472746888765466,0.08363837533230337,0.5534630002319836,0.14284738387382187,0.25686583433784016,0
Hebbala,0.11789835397263271,0.08363837533230337,0.6474847297412364,0.5364661398605706,0.2763228034174453,0
Hebbala,0.17418062745544785,0.08363837533230337,0.29659305731712854,0.4150560841566366,0.20763175629601896,0
Hebbala,0.6557839955129953,0.08363837533230337,0.17684253792663582,0.12372931564186018,0.30854381596084557,0
Hebbala,0.3822442801876946,0.08363837533230337,0.049398802617460005,0.2620861100096707,0.20806968769032672,0
Hebbala,0.6062803617002641,0.08363837533230337,0.150570848495908,0.34834530686791565,0.3196556049241524,0
Hebbala,0.465899041618175,0.08363837533230337,0.30412349035022423,0.7026135217626135,0.3543729035004891,0
Hebbala,0.07682800148186009,0.08363837533230337,0.3480181884534862,0.3015721710454101,0.1668207764658508,0
Hebbala,0.32938472554680825,0.08363837533230337,0.21697677997825174,0.16145242115524722,0.20798938571001133,0
Hebbala,0.4507430885349079,0.08363837533230337,0.2159305890635437,0.3203520335271833,0.274090516428695,0
Hebbala,0.3533225243729837,0.08363837533230337,0.14006113466150497,0.24052666935956166,0.21284562346647054,0
Hebbala,0.7266709823614643,0.08363837533230337,0.2125099011718712,0.33399350152123725,0.37202736188876334,0
Hebbala,0.5222501526543074,0.08363837533230337,0.35853367078768217,0.11879514112260808,0.29740507135462624,0
Hebbala,0.5109261099258999,0.08363837533230337,0.1267251009899879,0.14436092372719866,0.25091480983083336,0
Hebbala,0.11680832774002853,0.08363837533230337,0.4896968393225337,0.33743247400868615,0.21452866627451064,0
Hebbala,0.0,0.08363837533230337,0.24119576616906827,0.0762715311958171,0.08477139551287724,0
Hebbala,0.18102584783246703,0.08363837533230337,0.5776157973150184,0.5706052730558362,0.2895645097624336,0
Hebbala,0.3832359415251471,0.08363837533230337,0.557331863321741,0.8109086594132251,0.39232676370982444,0
Hebbala,0.36581860404928496,0.08363837533230337,0.24186231776787273,0.20772638829944842,0.23265944581543255,0
Hebbala,0.67080949409673,0.08363837533230337,0.37641256766447495,0.6223927440652092,0.4285162606762229,0
Hebbala,0.16484662340602638,0.08363837533230337,0.27814328683770084,0.6550214039415585,0.2366696987505742,0
Hebbala,0.11283205810558244,0.08363837533230337,0.06489295507387499,0.559890767462326,0.16154493907076878,0
Hebbala,0.5281112413806952,0.08363837533230337,0.07885584757450724,0.25130133115737346,0.2633968162714418,0
Hebbala,0.1905902819800117,0.08363837533230337,0.28811345804108696,0.1508398780553479,0.1720467846092147,0
Hebbala,0.3346028182046683,0.08363837533230337,0.3145783438463856,0.19036248286931706,0.2336725401709996,0
Hebbala,0.630879744874984,0.08363837533230337,0.8143016588307228,0.6316862114087732,0.5035126867833959,0
Hebbala,0.0,0.08363837533230337,0.16032550349658634,0.38318651247462937,0.11463459017020268,0
Hebbala,0.08681507954921014,0.08363837533230337,0.058821096450121034,0.3036007830462274,0.11278112718887287,0
Hebbala,0.7270375115410763,0.08363837533230337,0.4715285958014577,0.27933758075651977,0.4157609979128372,0
Hebbala,0.1772943989253019,0.08363837533230337,0.132079762480566,0.055225409731506546,0.12184431617938585,0
Hebbala,0.0,0.08363837533230337,0.21627801448001832,0.076965001709031,0.07989186575204932,0
Hebbala,0.0,0.08363837533230337,0.2183999685323517,0.05930899721986014,0.07766785588914038,0
Hebbala,0.4062266540971824,0.08363837533230337,0.20817488401394743,0.7785025083904377,0.32568119459505995,0
Electronic City,0.08344129877177325,0.08143297642087705,0.5601991743384092,0.6156601033213464,0.2580231978622675,0
Electronic City,0.2736700323943355,0.08143297642087705,0.1890037621888695,0.5543964110120638,0.241174618353864,0
Electronic City,0.25650819700120403,0.08143297642087705,0.33879866752054777,0.46111378137160636,0.25113456258653505,0
Electronic City,0.12799036584493578,0.08143297642087705,0.5583992050524343,0.5959047734493759,0.27029207799988386,0
Electronic City,0.3530989585441661,0.08143297642087705,0.370162623315063,0.20246333769911046,0.2524165537346004,0
Electronic City,0.4680087338305554,0.08143297642087705,0.2795144160075494,0.2986726976542673,0.28893673761660743,0
Electronic City,0.5758091255312341,0.08143297642087705,0.14094265569625583,0.06940264327664951,0.26456201449294364,0
Electronic City,0.47520595067129767,0.08143297642087705,0.4958964708387108,0.31724793374511284,0.3375184598907264,0
Electronic City,0.3378639781094838,0.08143297642087705,0.2759359897080701,0.4623898508351862,0.2672279608314744,0
Electronic City,0.16938514905185473,0.08143297642087705,0.5395988843099011,0.08482751219586368,0.20435859878577203,0
Electronic City,0.37809178439344926,0.08143297642087705,0.5951942992316885,0.16216069295513524,0.30012498125357834,0
Electronic City,0.41817173451883394,0.08143297642087705,0.20515447765608796,0.3848332781972163,0.269545887268655,0
Electronic City,0.0,0.08143297642087705,0.24079145013381725,0.3383518976177933,0.12334096759569554,0
Electronic City,0.2863807722771473,0.08143297642087705,0.20781177828418484,0.15671316259698526,0.18973249326964942,0
Electronic City,0.35459285199415763,0.08143297642087705,0.3226064114820183,0.6870857809593041,0.3161215405645175,0
Electronic City,0.5816177640615264,0.08143297642087705,0.4883376109573833,0.3922223738197954,0.3844969886122433,0
Electronic City,0.46272873182498797,0.08143297642087705,0.34415777095279027,0.3041620884095407,0.300840816516998,0
Electronic City,0.6086509984038925,0.08143297642087705,0.20649854540502888,0.19278110392794667,0.30767461703782323,0
Electronic City,0.36157852319510514,0.08143297642087705,0.1613793773197506,0.36160911985758004,0.237499619487137,0
Electronic City,0.08645300818445739,0.08143297642087705,0.13398460925548328,0.24296212364097988,0.11792968618806683,0
Electronic City,0.5443977438420831,0.08143297642087705,0.3279297031833009,0.1436748160276748,0.30210626631180354,0
Electronic City,0.7763705064472157,0.08143297642087705,0.20191317453821267,0.64148501026111,0.43276495662959763,0
Electronic City,0.5929589273690701,0.08143297642087705,0.21180476636580464,0.23132671800362795,0.30902547847914275,0
Electronic City,0.4136138251258196,0.08143297642087705,0.21313898477236354,0.2531258854416693,0.24979141149102307,0
Electronic City,0.23952873294697316,0.08143297642087705,0.11312740122009016,0.569043310077418,0.21624692621333447,0
Electronic City,0.5334655010163487,0.08143297642087705,0.37486414955568415,0.3419850023631496,0.3374133985475944,0
Electronic City,0.2989736725797987,0.08143297642087705,0.16680035977215502,0.44696106882817443,0.2294749106078498,0
Electronic City,0.220115909348895,0.08143297642087705,0.09188285424647488,0.2096892178012889,0.15130041471786465,0
Electronic City,0.13259869765565285,0.08143297642087705,0.8410183638073383,0.159417795562888,0.2629557792016425,0
Electronic City,0.23501085359397442,0.08143297642087705,0.25474654264293783,0.1904311129439742,0.18619766715433786,0
Electronic City,0.1436517056685346,0.08143297642087705,0.2451460266221363,0.24822865534391322,0.16097149353626447,0
Electronic City,0.2631474436960503,0.08143297642087705,0.5187857493083857,0.27890586842473863,0.26212452834526867,0
Electronic City,0.49008505067603614,0.08143297642087705,0.23580382256833327,0.23867226702930822,0.27892126523093863,0
Electronic City,0.31237807240545074,0.08143297642087705,0.15441239417317648,0.27048424029448775,0.20521733314697932,0
Electronic City,0.2838025489731803,0.08143297642087705,0.3049675813141665,0.058803517811190406,0.1935748290013881,0
Electronic City,0.513812635432879,0.08143297642087705,0.3224985987019914,0.24034015724577548,0.30481505865503533,0
Electronic City,0.038172981219114555,0.08143297642087705,0.33550012650501226,0.1712025317246173,0.13057084141264824,0
Electronic City,0.3019417919074291,0.08143297642087705,0.2599222631263098,0.19675767296461147,0.21160762366381697,0
Electronic City,0.4128997169378422,0.08143297642087705,0.16198692344147353,0.43919162856559396,0.26722092282764165,0
Electronic City,0.9192811457051525,0.08143297642087705,0.34293258854204167,0.3933228963254881,0.4737632460802981,0
Electronic City,0.35253841581189865,0.08143297642087705,0.18564533369411362,0.11132484848024005,0.20164613247128635,0
Electronic City,0.17105732500831947,0.08143297642087705,0.3871357396704633,0.44233289523131025,0.2280770388979641,0
Electronic City,0.45604542438811957,0.08143297642087705,0.12754032294553777,0.46823336053662157,0.27978886013170573,0
Electronic City,0.21341842032106334,0.08143297642087705,0.10977519679622126,0.3949749330955969,0.18032761936221908,0
Electronic City,0.06141516900163407,0.08143297642087705,0.15694907241206618,0.21392918083933504,0.10940439368514854,0
Electronic City,0.7538383882023474,0.08143297642087705,0.1587259905951513,0.4432197797364835,0.38650149387658744,0
Electronic City,0.32799594024959944,0.08143297642087705,0.37141670214139666,0.3335599411250086,0.2635458036106535,0
Electronic City,0.22924772575542232,0.08143297642087705,0.21758362412877835,0.23839150388589264,0.1839420473493005,0
Electronic City,0.4253225506392665,0.08143297642087705,0.39182801618180246,0.4425225037504108,0.3180367644489284,0
Electronic City,0.2271898204408671,0.08143297642087705,0.19861803378270326,0.594288702113971,0.2328132421542029,0
Peenya,0.3232930695404298,0.08018434345686273,0.49638166968129455,0.3916877808746218,0.29523737844366144,0
Peenya,0.13297613890877102,0.08018434345686273,0.1428942549119574,0.4446920937601477,0.1658796167015423,0
Peenya,0.1514769647707054,0.08018434345686273,0.1762564844347489,0.21844373840465936,0.14509009835445438,0
Peenya,0.4814936097943915,0.08018434345686273,0.13469880352142313,0.722442256400865,0.3278841656295102,0
Peenya,0.08275656212956922,0.08018434345686273,0.520204869033911,0.10992933485419,0.17355047381731875,0
Peenya,0.5540983393085582,0.08018434345686273,0.24381990636209652,0.22976545468034446,0.30121852126952514,0
Peenya,0.3040893322577915,0.08018434345686273,0.33872285149916165,0.21293399268240898,0.23017123852947952,0
Peenya,0.5568917035326049,0.08018434345686273,0.2547576464387335,0.5105231266800097,0.3464973975632187,0
Peenya,0.3464687746826368,0.08018434345686273,0.2672212668766865,0.7595280404360374,0.3126928336167246,0
Peenya,0.3862014320357294,0.08018434345686273,0.14035965048146096,0.11604577928349405,0.20470460123838038,0
Peenya,0.5918365604866064,0.08018434345686273,0.7007484935332285,0.2574818368252747,0.40997007343780795,0
Peenya,0.40826493598286645,0.08018434345686273,0.2556651564102873,0.44522354564343886,0.28486459375963535,0
Peenya,0.34156167536392884,0.08018434345686273,0.4519040275371014,0.4066669329308611,0.29498273486148335,0
Peenya,0.3198272748840063,0.08018434345686273,0.620249724360814,0.1057995443762969,0.2759147257750683,0
Peenya,0.3753830408637081,0.08018434345686273,0.3601283837780658,0.46097125528104693,0.2966107323871269,0
Peenya,0.6731036659664875,0.08018434345686273,0.40308919202351134,0.42350447953409276,0.4037850964601456,0
Peenya,0.5177044268940317,0.08018434345686273,0.3044719693396827,0.09700501555907556,0.2806969986517678,0
Peenya,0.6167152186661353,0.08018434345686273,0.541861771297212,0.3551393125019016,0.40154888070493383,0
Peenya,0.47099500054861254,0.08018434345686273,0.6493423499742218,0.43255973267605574,0.3836559831253259,0
Peenya,0.41649143379216186,0.08018434345686273,0.28392119674781907,0.20135866019007645,0.25681534324239075,0
Peenya,0.3212314535391307,0.08018434345686273,0.15646797233852872,0.07766669090625357,0.17942990987939833,0
Peenya,0.4846305846436354,0.08018434345686273,0.44402687867973495,0.714376589735839,0.38963787185865406,0
Peenya,0.32537129314403596,0.08018434345686273,0.4561843944128062,0.22001727359321588,0.26217472555901505,0
Peenya,0.5576598335840199,0.08018434345686273,0.5230850583938877,0.21555907241137323,0.35618711733194935,0
Peenya,0.4624951387532296,0.08018434345686273,0.2719789324575268,0.2131248297649257,0.2722931125569334,0
Peenya,0.07882835369438684,0.08018434345686273,0.3637982126983023,0.35273104380516623,0.1773145259405296,0
Peenya,0.2801998215773615,0.08018434345686273,0.260683741094304,0.4308997406464732,0.23889694990496713,0
Peenya,0.3802399621199317,0.08018434345686273,0.33075845920044966,0.42994000739559723,0.28778198272846445,0
Peenya,0.16375343956400187,0.08018434345686273,0.19247452168742593,0.3076624564530729,0.1660132796899056,0
Peenya,0.2381577125709598,0.08018434345686273,0.06617175887299567,0.4739346012692838,0.19173504440188643,0
Peenya,0.23526426753898907,0.08018434345686273,0.29250803913340073,0.13796290476778625,0.18559384021755307,0
Peenya,0.560509412839246,0.08018434345686273,0.2670443333559006,0.09677300294989932,0.28815841464445996,0
Peenya,0.3391147223444308,0.08018434345686273,0.4403736070409142,0.3959628079723725,0.2902145984616483,0
Peenya,0.47836113038106776,0.08018434345686273,0.4629765956689919,0.518836845487874,0.361902544627412,0
Peenya,0.46042166578668386,0.08018434345686273,0.04849733129493377,0.3857656142103917,0.2527671944529437,0
Peenya,0.49813162673877187,0.08018434345686273,0.08751142165804121,0.2081682298319046,0.24712889120202292,0
Peenya,0.4280016746885088,0.08018434345686273,0.2630908554863499,0.7168640066150058,0.33400366126755776,0
Peenya,0.35050165567284586,0.08018434345686273,0.31550066115838243,0.28649298096456605,0.25280496189891627,0
Peenya,0.5466340590228465,0.08018434345686273,0.3770800846601415,0.5884035072454238,0.37905376671389696,0
Peenya,0.4072623262597036,0.08018434345686273,0.3109458176653289,0.33273973886908204,0.27869724159138315,0
Peenya,0.23395315967274274,0.08018434345686273,0.3084722247353529,0.19599908120745327,0.19703321605070734,0
Peenya,0.3516454265454796,0.08018434345686273,0.27643883828868404,0.3688436449724777,0.25774551673158513,0
Peenya,0.07633658602791871,0.08018434345686273,0.2958147450392241,0.2991782668085347,0.1548127971759554,0
Peenya,0.32928935433117845,0.08018434345686273,0.17143790283874574,0.1321938216342989,0.19342323086586527,0
Peenya,0.4132912562578149,0.08018434345686273,0.05682015812746832,0.23001224574563645,0.21457311121463316,0
Peenya,0.1694854752689023,0.08018434345686273,0.13809152043093564,0.6127851062214335,0.20291128940057676,0
Peenya,0.22455002883904346,0.08018434345686273,0.4826875166702562,0.5128982591936796,0.2761200553438272,0
Peenya,0.6443637079566331,0.08018434345686273,0.14138008701379776,0.18148757458585896,0.30508175441251884,0
Peenya,0.36335896625732766,0.08018434345686273,0.3308968792332566,0.32960655831398533,0.26685130082087266,0
Peenya,0.884219525806488,0.08018434345686273,0.06943997873842253,0.37133537792390614,0.40312043950560006,0
Bytarayanapura,0.4652874157759922,0.07887216077757966,0.5614241828967474,0.12886575337188633,0.3181269433400036,0
Bytarayanapura,0.21627251016366245,0.07887216077757966,0.298577388759204,0.516160042399831,0.2364965109023712,0
Bytarayanapura,0.5015501668730488,0.07887216077757966,0.22635068271517325,0.34352675723115567,0.296003356766549,0
Bytarayanapura,0.4879044814972189,0.07887216077757966,0.24808260517040764,0.3572319212905465,0.297629525984964,0
Bytarayanapura,0.3042592515819026,0.07887216077757966,0.2009608412752568,0.02332445426632607,0.1738432226819401,0
Bytarayanapura,0.2446737868105397,0.07887216077757966,0.08140360172613162,0.5344605880564084,0.20574728217065036,0
Bytarayanapura,0.3393533125252612,0.07887216077757966,0.15698789990786305,0.31662131016925876,0.22132608412407673,0
Bytarayanapura,0.36214196892800493,0.07887216077757966,0.27396105529403697,0.5243911986371514,0.28386222821245577,0
Bytarayanapura,0.5500672150712339,0.07887216077757966,0.332461263959163,0.46927736967734374,0.3530690317516399,0
Bytarayanapura,0.272615204282218,0.07887216077757966,0.5146113672334262,0.2184291301804569,0.25476361270580394,0
Bytarayanapura,0.3341388031201519,0.07887216077757966,0.27704118571027403,0.06648327598451949,0.20599095786505978,0
Bytarayanapura,0.45756346435814116,0.07887216077757966,0.48099056112522526,0.5023148818521967,0.35535420526149786,0
Bytarayanapura,0.46072511125760834,0.07887216077757966,0.19266015894722907,0.3642473748749919,0.27808457519413143,0
Bytarayanapura,0.44320082449378556,0.07887216077757966,0.21194417692859469,0.13279020193342195,0.24108930248183108,0
Bytarayanapura,0.4023514249259845,0.07887216077757966,0.41773342285151954,0.18613844601160956,0.2759520984294138,0
Bytarayanapura,0.24959192826394605,0.07887216077757966,0.38283293015101966,0.3242520201674989,0.23622321218098377,0
Bytarayanapura,0.1609355494423913,0.07887216077757966,0.15117778357553502,0.09157289171851472,0.12396058101099505,0
Bytarayanapura,0.5095237185726618,0.07887216077757966,0.16760346896844777,0.4075570827073628,0.29664920593349947,0
Bytarayanapura,0.18347120561445066,0.07887216077757966,0.49618650805880027,0.27862948874122045,0.22890829512127475,0
Bytarayanapura,0.0690397535492604,0.07887216077757966,0.7167915662601272,0.12529678990830567,0.20997839371378635,0
Bytarayanapura,0.5253608597175495,0.07887216077757966,0.3299335333483055,0.3541340148560332,0.3266447580324823,0
Bytarayanapura,0.07597597599406974,0.07887216077757966,0.31214347302073003,0.1237962541219076,0.13125137255363045,0
Bytarayanapura,0.35843533145316026,0.07887216077757966,0.23396112580200573,0.21323087609378624,0.22789087081634907,0
Bytarayanapura,0.3194855395637969,0.07887216077757966,0.3189397402375651,0.14942591758584078,0.2216834227659919,0
Bytarayanapura,0.48085674594046623,0.07887216077757966,0.3945408093805354,0.40902184473961406,0.33222294789948625,0
Bytarayanapura,0.4301539930020042,0.07887216077757966,0.40479443348422506,0.36971811974457874,0.3106321504425072,0
Bytarayanapura,0.4182866185089481,0.07887216077757966,0.2623657851898695,0.3381686888870353,0.2732604250824349,0
Bytarayanapura,0.4364502778327839,0.07887216077757966,0.35844341661864715,0.2412922121718521,0.2843017606242555,0
Bytarayanapura,0.2961652679941308,0.07887216077757966,0.16318680064560678,0.2777151005498392,0.20161411724281691,0
Bytarayanapura,0.24631746997493306,0.07887216077757966,0.47135470595159673,0.4641172661192945,0.27376129383271397,0
Bytarayanapura,0.5781057222165935,0.07887216077757966,0.38601041450273366,0.14621714755489837,0.3251333060428631,0
Bytarayanapura,0.8707277932537154,0.07887216077757966,0.4575800225958757,0.49546295786926403,0.494251824071639,0
Bytarayanapura,0.2243421137695536,0.07887216077757966,0.160082082997207,0.6310968561655653,0.22886233307689385,0
Bytarayanapura,0.3599788953961356,0.07887216077757966,0.4485095121621528,0.4517933522459104,0.3071251668912385,0
Bytarayanapura,0.05479467319087672,0.07887216077757966,0.20358463384909856,0.20593954085577365,0.11444764174826652,0
Bytarayanapura,0.3903330434604443,0.07887216077757966,0.10843077432175272,0.24463493390997637,0.21865960839527637,0
Bytarayanapura,0.2388840045348573,0.07887216077757966,0.26613685206482013,0.2641381535380173,0.20011914326414054,0
Bytarayanapura,0.5957249692321354,0.07887216077757966,0.041877286386888805,0.48677853863724474,0.3135576255374858,0
Bytarayanapura,0.5672877292669408,0.07887216077757966,0.3884941229259807,0.6646974077668552,0.3996157892269276,0
Bytarayanapura,0.37543602897179074,0.07887216077757966,0.11221366187830828,0.3305349051881794,0.22708722652728922,0
Bytarayanapura,0.307573735177336,0.07887216077757966,0.22716762275136929,0.9384040990227134,0.31750659494902234,0
Bytarayanapura,0.3239375308250854,0.07887216077757966,0.1890138471800335,0.3018188859845389,0.22011538635574132,0
Bytarayanapura,0.3152281757722445,0.07887216077757966,0.2784456578838517,0.40556593636703425,0.250515531785385,0
Bytarayanapura,0.2403636803435286,0.07887216077757966,0.1671383690354999,0.1729077635072134,0.16715277468669087,0
Bytarayanapura,0.30814065205936586,0.07887216077757966,0.10966004002006657,0.4123697200084542,0.21529834245933338,0
Bytarayanapura,0.6108979128937225,0.07887216077757966,0.25985486613309194,0.18043373412963692,0.3165119510921407,0
Bytarayanapura,0.1721075782933277,0.07887216077757966,0.5727935450452719,0.4985824651889233,0.2732453794233315,0
Bytarayanapura,0.4106673768866091,0.07887216077757966,0.1749619982899597,0.1524991221129275,0.22526249811851817,0
Bytarayanapura,0.1329542750220628,0.07887216077757966,0.35517504210869466,0.7027197450829713,0.2466386146751805,0
Bytarayanapura,0.07564721400732727,0.07887216077757966,0.2221184186602095,0.3622727560037573,0.14890277026844395,0
Mahadevapura,0.67739404176044,0.07840581607752194,0.2597970358485802,0.1997417994321543,0.3425303365239497,0
Mahadevapura,0.4573372304046488,0.07840581607752194,0.22071508928617428,0.571586727707781,0.3134708024782856,0
Mahadevapura,0.14089782785840238,0.07840581607752194,0.05265565889603728,0.47791545929121165,0.15505443524658663,0
Mahadevapura,0.4144449125927463,0.07840581607752194,0.4256790571104428,0.2635903779908326,0.2932518323514312,0
Mahadevapura,0.45341285578625057,0.07840581607752194,0.48358435959570895,0.32894210390495743,0.3282744318533297,0
Mahadevapura,0.6210256988348897,0.07840581607752194,0.2773522518155252,0.23788101667763095,0.33203334228021764,0
Mahadevapura,0.08873070134135491,0.07840581607752194,0.21026412054924837,0.5865714210972495,0.18461602756716788,0
Mahadevapura,0.18482792921770383,0.07840581607752194,0.13911048592364214,0.5198095685363701,0.19400505251463684,0
Mahadevapura,0.26450268671913996,0.07840581607752194,0.09293939477732473,0.14025209711330044,0.1557233786974156,0
Mahadevapura,0.07472025186826065,0.07840581607752194,0.1079246351828589,0.554847433522351,0.15448587504207223,0
Mahadevapura,0.5574328651764392,0.07840581607752194,0.257042106321562,0.208919966941253,0.3013696639405106,0
Mahadevapura,0.5717087759750182,0.07840581607752194,0.5455204806629778,0.3687514822327443,0.38803663488202017,0
Mahadevapura,0.4375589176681705,0.07840581607752194,0.24393531208689592,0.5769200166572795,0.31199243092308737,0
Mahadevapura,0.1471539675123123,0.07840581607752194,0.42663062721542844,0.48585282094923204,0.23322968203803637,0
Mahadevapura,0.6964063872197734,0.07840581607752194,0.19852912759071822,0.5649498927317144,0.39171228977807804,0
Mahadevapura,0.4910338034779458,0.07840581607752194,0.22350190343182116,0.08625271835039909,0.2530218644794617,0
Mahadevapura,0.3352649899467571,0.07840581607752194,0.3653969110368897,0.6050634552785845,0.3047033918037872,0
Mahadevapura,0.47513873587982736,0.07840581607752194,0.37015201545416937,0.27148324748860514,0.3045731925953208,0
Mahadevapura,0.6281840879196483,0.07840581607752194,0.2963807539629275,0.23022931041240957,0.3371967229495804,0
Mahadevapura,0.5870423965858885,0.07840581607752194,0.4768517077748917,0.5749625592997983,0.41060130907826564,0
Mahadevapura,0.2622044416474739,0.07840581607752194,0.3308978467860737,0.20495757642972015,0.2122165052215452,0
Mahadevapura,0.1978689264002114,0.07840581607752194,0.09602320364097128,0.588909070141471,0.20031687031274548,0
Mahadevapura,0.2856618848136753,0.07840581607752194,0.3711139843818847,0.5554883211728371,0.28104944956034544,0
Mahadevapura,0.35443878097682097,0.07840581607752194,0.46713275557181966,0.2011132287031862,0.27116885358498577,0
Mahadevapura,0.30336403909984067,0.07840581607752194,0.4941789240716603,0.49979420246485856,0.3035040736922617,0
Mahadevapura,0.6222252934517238,0.07840581607752194,0.5115321500999829,0.28667705103750396,0.38660858520698205,0
Mahadevapura,0.48904796240444276,0.07840581607752194,0.16881146148519344,0.2874682851553175,0.27157106673514786,0
Mahadevapura,0.425174027847761,0.07840581607752194,0.17395143727227655,0.564124310270594,0.2917415885650173,0
Mahadevapura,0.07302671680384448,0.07840581607752194,0.42962110559273065,0.08059104419222546,0.1470939734519821,0
Mahadevapura,0.28077719766115194,0.07840581607752194,0.1971344089300588,0.6019049585722981,0.2515063895765162,0
Mahadevapura,0.5750041724458514,0.07840581607752194,0.380337372784969,0.4666984018941164,0.3708454400204158,0
Mahadevapura,0.5378793253588686,0.07840581607752194,0.3670336967679594,0.22783342153395247,0.31936126128254533,0
Mahadevapura,0.27269050372236614,0.07840581607752194,0.6061534477909439,0.19824872549228229,0.26993141950811583,0
Mahadevapura,0.48149044910384975,0.07840581607752194,0.531022351416337,0.4327895735107202,0.36316630831947944,0
Mahadevapura,0.3894100803370551,0.07840581607752194,0.09807322421448987,0.3657103298112301,0.23428646725580832,0
Mahadevapura,0.3403289761609992,0.07840581607752194,0.05341543017705007,0.16541259374308237,0.17813186157647867,0
Mahadevapura,0.5148037469225131,0.07840581607752194,0.3477621868297609,0.09146314289026715,0.2869749650456284,0
Mahadevapura,0.51456871982022,0.07840581607752194,0.40518605301796207,0.19321386355696085,0.31364008689747014,0
Mahadevapura,0.21262645520319137,0.07840581607752194,0.10078791678221916,0.04593589851843488,0.12498897227858262,0
Mahadevapura,0.4177452116508509,0.07840581607752194,0.18481454735427755,0.30511993246853747,0.2524634682421905,0
Mahadevapura,0.4524339744024079,0.07840581607752194,0.36068996124720776,0.18492404004585455,0.28175023412041905,0
Mahadevapura,0.18301084542132035,0.07840581607752194,0.06783192655192988,0.3302338025785487,0.15067699641788698,0
Mahadevapura,0.1697375496614165,0.07840581607752194,0.22969916113488134,0.4103373594917499,0.19042032335549108,0
Mahadevapura,0.11546759494618908,0.07840581607752194,0.6319961928259324,0.17846868220558218,0.2171049439504466,0
Mahadevapura,0.5812959621641826,0.07840581607752194,0.12631167588877326,0.3262948492648826,0.3011818941482075,0
Mahadevapura,0.44818383742603013,0.07840581607752194,0.3860518467734882,0.44618096834012366,0.3245236025280833,0
Mahadevapura,0.5530546428505849,0.07840581607752194,0.17992611113091597,0.08633130926245125,0.26602578843651215,0
Mahadevapura,0.5693011163738515,0.07840581607752194,0.026477723979578174,0.6011578317528219,0.3182463551129435,0
Mahadevapura,0.3968409701879203,0.07840581607752194,0.6014237562239457,0.16569201765189354,0.3075546382816019,0
Mahadevapura,0.29207035502922846,0.07840581607752194,0.3190492101695783,0.2542839097633476,0.2276987975819043,0
Bellanduru,0.2838157707522164,0.07558282072160848,0.13887910053508962,0.1239057720913979,0.1683720519004859,0
Bellanduru,0.42715363317205773,0.07558282072160848,0.49579498907852,0.29219199803063295,0.31516641534700174,0
Bellanduru,0.18808446107190127,0.07558282072160848,0.41140584881529996,0.20924864177255878,0.20217287362059178,0
Bellanduru,0.3014731326280605,0.07558282072160848,0.32677993183812987,0.13664490390140585,0.21404316458914058,0
Bellanduru,0.6149094028350871,0.07558282072160848,0.44915396602945784,0.12648182086484944,0.3466962035443821,0
Bellanduru,0.4280526326585045,0.07558282072160848,0.12155054937282433,0.10737450735792875,0.2129095536252133,0
Bellanduru,0.5136921856514562,0.07558282072160848,0.03544227777865959,0.09533136948054025,0.2238552721723052,0
Bellanduru,0.31930592521190876,0.07558282072160848,0.18004434531444122,0.19320607635172504,0.1994217005562976,0
Bellanduru,0.3359395724157678,0.07558282072160848,0.4448533894530093,0.5613634904443231,0.3134288980192516,0
Bellanduru,0.7832777203729064,0.07558282072160848,0.3436023884710283,0.3535172573338477,0.4185701146412826,0
Bellanduru,0.23994664832818477,0.07558282072160848,0.3683718905853433,0.6510726465497519,0.2779914482308786,0
Bellanduru,0.4508989042308783,0.07558282072160848,0.42158373277266953,0.42010218257505927,0.3278215366380827,0
Bellanduru,0.5160094849527836,0.07558282072160848,0.43744381742905775,0.4873132843568621,0.3638639220892977,0
Bellanduru,0.41366137791932966,0.07558282072160848,0.4325623088208292,0.3810044034590903,0.3111194507712773,0
Bellanduru,0.47252694392102423,0.07558282072160848,0.3525163883476242,0.2819944633353292,0.30086172375866527,0
Bellanduru,0.3729481353108321,0.07558282072160848,0.04882698120764831,0.6043890771724588,0.25363045139267226,0
Bellanduru,0.3921653629032386,0.07558282072160848,0.2832907528067334,0.17174085116510662,0.24235200146872873,0
Bellanduru,0.5373611691667296,0.07558282072160848,0.3080918082893893,0.14819796886844436,0.29459931241298243,0
Bellanduru,0.6826710930146977,0.07558282072160848,0.43434966721336987,0.34793820958727834,0.40067039365239243,0
Bellanduru,0.21047102230142575,0.07558282072160848,0.0824876068048548,0.3049797407659292,0.1585841864978419,0
Bellanduru,0.10875072893467896,0.07558282072160848,0.3028278528516732,0.551666983600736,0.2040532194540652,0
Bellanduru,0.27023151659557854,0.07558282072160848,0.30270759169044487,0.3480061155005644,0.22999831268810866,0
Bellanduru,0.45927244665747774,0.07558282072160848,0.5005981691803963,0.31965197480529756,0.33148763260347364,0
Bellanduru,0.5949378318534291,0.07558282072160848,0.5593275797831064,0.31381902609934603,0.38984145723670593,0
Bellanduru,0.6379388818986819,0.07558282072160848,0.4401597376688626,0.7232037487034824,0.442465964720316,0
Bellanduru,0.38445592632267106,0.07558282072160848,0.10196948382520883,0.23986324424796485,0.2136078038316539,0
Bellanduru,0.5837818065279294,0.07558282072160848,0.38389146061477825,0.31842516603742643,0.35154054552982744,0
Bellanduru,0.5214079209151726,0.07558282072160848,0.1492354038374195,0.8226595043831648,0.3584136249617516,0
Bellanduru,0.29093873573863993,0.07558282072160848,0.10659197934225963,0.1543143765232575,0.16896895607194704,0
Bellanduru,0.0,0.07558282072160848,0.5865230316221868,0.4607925635118367,0.2090983370676954,0
Bellanduru,0.43445416998989916,0.07558282072160848,0.5863605129600472,0.29122129372529704,0.33568910236375127,0
Bellanduru,0.10075741206235678,0.07558282072160848,0.18953595073926274,0.4986547056053285,0.17064533642695923,0
Bellanduru,0.27185983673248537,0.07558282072160848,0.22086653416876154,0.20067743132741792,0.1921007106057174,0
Bellanduru,0.37824991939531194,0.07558282072160848,0.21296243433075254,0.48137566520643643,0.2698611546519577,0
Bellanduru,0.2220698855071553,0.07558282072160848,0.4308335133381749,0.42376217363892527,0.25013033485746067,0
Bellanduru,0.24683603632770562,0.07558282072160848,0.0943631411027573,0.45357402778672457,0.19597619131973965,0
Bellanduru,0.767827089093573,0.07558282072160848,0.36063805094894785,0.6888826701034984,0.46687433810454737,0
Bellanduru,0.4025695551764885,0.07558282072160848,0.14574428784148583,0.4582921066734663,0.26146686409757064,0
Bellanduru,0.167443414269789,0.07558282072160848,0.16294499058757683,0.6290351296978947,0.20822430878310827,0
Bellanduru,0.3401061729480932,0.07558282072160848,0.10687674248205437,0.4629862438447799,0.232535291821443,0
Bellanduru,0.11703245172341081,0.07558282072160848,0.14321098512096628,0.40062076714368333,0.15237151641542207,0
Bellanduru,0.33053110605906727,0.07558282072160848,0.2020930172502387,0.7026515216816674,0.28417706503945395,0
Bellanduru,0.17677655943139825,0.07558282072160848,0.532267846096867,0.22271236344599352,0.22440706575374436,0
Bellanduru,0.3067531279157571,0.07558282072160848,0.14190826130502165,0.08799942107163461,0.17162000640874706,0
Bellanduru,0.43799230457803134,0.07558282072160848,0.41306239107683335,0.057946519899277835,0.26727660901905187,0
Bellanduru,0.25309452304258356,0.07558282072160848,0.3669989283405986,0.593596294085827,0.27369715906238057,0
Bellanduru,0.467853555593968,0.07558282072160848,0.09028429821245754,0.3103598853585368,0.2510344331206434,0
Bellanduru,0.20475172266731428,0.07558282072160848,0.0765160247167074,0.2834266532012635,0.15215515207357352,0
Bellanduru,0.0,0.07558282072160848,0.37974726842423073,0.2175277565444608,0.13125346338299781,0
Bellanduru,0.44348165835660697,0.07558282072160848,0.376274704848555,0.490135430071471,0.3266686821217267,0
U.Gate,0.5914065273823645,0.07338888562629713,0.4637468950777757,0.05260660323416831,0.3296493197723971,0
U.Gate,0.5444539618337045,0.07338888562629713,0.19346442159597482,0.5475957102864615,0.3334077931918499,0
U.Gate,0.3369733562449132,0.07338888562629713,0.3161708644466938,0.1256408750362695,0.22203764451838792,0
U.Gate,0.08975409400727957,0.07338888562629713,0.7044793787979173,0.5680751952193641,0.2795377536329251,0
U.Gate,0.13535667141290775,0.07338888562629713,0.32228375082098176,0.026099053700150712,0.13776310890162582,0
U.Gate,0.28243344448477087,0.07338888562629713,0.11460700292584224,0.3854117626245758,0.20160153623641378,0
U.Gate,0.0,0.07338888562629713,0.04700207924563029,0.07443774451140384,0.04258274321372577,0
U.Gate,0.5094105319465818,0.07338888562629713,0.22568672333596076,0.3451019853831182,0.2972129943438526,0
U.Gate,0.34437524218367827,0.07338888562629713,0.057708782627955826,0.3770697864961768,0.2106502249521942,0
U.Gate,0.4010038043036534,0.07338888562629713,0.4426891990796048,0.4537654515492473,0.3189706547424759,0
U.Gate,0.21184695713593127,0.07338888562629713,0.37722857350736894,0.5266452729452061,0.25060560632871975,0
U.Gate,0.477744355163252,0.07338888562629713,0.24414174416199502,0.18713808190431874,0.26612625111307414,0
U.Gate,0.26442777251182437,0.07338888562629713,0.1077331385743129,0.03756617292239356,0.1417479397202493,0
U.Gate,0.6526188965958869,0.07338888562629713,0.1158989042658944,0.08007557656713116,0.28562439683469815,0
U.Gate,0.5586467710342305,0.07338888562629713,0.3588652654657419,0.18191994834992198,0.31660408089550646,0
U.Gate,0.2947309479751526,0.07338888562629713,0.22674107325015583,0.26242765169754684,0.20988485988385575,0
U.Gate,0.08457568950149835,0.07338888562629713,0.13453212125807493,0.5066869023324516,0.15452761661489628,0
U.Gate,0.5630123033691974,0.07338888562629713,0.057159364975385485,0.26524363033306736,0.27028938941214536,0
U.Gate,0.4307855082957615,0.07338888562629713,0.2911502015021788,0.40089318236589566,0.29115561124672573,0
U.Gate,0.5899716794660417,0.07338888562629713,0.2341810517377694,0.3993146637784075,0.3352401634153187,0
U.Gate,0.2061641101942421,0.07338888562629713,0.3968419039752879,0.2647743851655992,0.21325864282577134,0
U.Gate,0.22763508593414988,0.07338888562629713,0.11512425712556609,0.18187980376031118,0.1519957677540015,0
U.Gate,0.16277989454071323,0.07338888562629713,0.6581988799221558,0.3952376454501657,0.2699150515790948,0
U.Gate,0.21759049743594006,0.07338888562629713,0.23502163481886582,0.3644888952853624,0.19985100104704567,0
U.Gate,0.4050909403396975,0.07338888562629713,0.7751528014602643,0.3568500606015648,0.3723565641890708,0
U.Gate,0.44492835978005657,0.07338888562629713,0.34719064172712133,0.27297667688390675,0.2881262214889192,0
U.Gate,0.37166417409247415,0.07338888562629713,0.265823666583363,0.5214835878291062,0.2834863981112936,0
U.Gate,0.37604909672781583,0.07338888562629713,0.6234715576647637,0.4471472730480158,0.3454002520327798,0
U.Gate,0.3651881416951851,0.07338888562629713,0.24277138599879383,0.587753140055638,0.2865497634893084,0
U.Gate,0.24006820984389055,0.07338888562629713,0.32397508796334884,0.21514963665364698,0.20310800222396763,0
U.Gate,0.6229859305383725,0.07338888562629713,0.21998608493973845,0.0922845029008447,0.29790163379939383,0
U.Gate,0.564732308158399,0.07338888562629713,0.4202626487075873,0.5191017996541485,0.38159077323296847,0
U.Gate,0.6455760310452969,0.07338888562629713,0.21509348488759997,0.15778122077152779,0.3146541566469922,0
U.Gate,0.2732024911503819,0.07338888562629713,0.5030285714583347,0.2520892545647677,0.2560566400669049,0
U.Gate,0.4211307752363998,0.07338888562629713,0.35143048007775946,0.6663575981300996,0.33965217275569587,0
U.Gate,0.3090827062997364,0.07338888562629713,0.3801683342156435,0.06983396005909803,0.21670437374479026,0
U.Gate,0.07042941829385019,0.07338888562629713,0.057454334111681646,0.6138692410638718,0.15023821507265378,0
U.Gate,0.18480767785438645,0.07338888562629713,0.08912833724091933,0.5004300546709843,0.17958952858575591,0
U.Gate,0.27134828140621226,0.07338888562629713,0.15608606549151657,0.47558386662049773,0.21954335727144142,0
U.Gate,0.20648767694974096,0.07338888562629713,0.2527480295291985,0.46652288400241826,0.21481539112650092,0
U.Gate,0.36651986572092543,0.07338888562629713,0.07923639102346518,0.4264753719706076,0.23011720269049718,0
U.Gate,0.2623183211876132,0.07338888562629713,0.2161548890414784,0.7378832112935954,0.2677415376058887,0
U.Gate,0.40937558896345416,0.07338888562629713,0.44162827996594356,0.16211402797014102,0.2779408820138079,0
U.Gate,0.12747586956007623,0.07338888562629713,0.19350391765854372,0.2042574145796645,0.13597261575257424,0
U.Gate,0.4193773071071006,0.07338888562629713,0.4263408672656756,0.4382731084316211,0.3198078628932526,0
U.Gate,0.4007130693517217,0.07338888562629713,0.2628824182502342,0.4948173101375027,0.28906532013166397,0
U.Gate,0.3741124404200011,0.07338888562629713,0.3788278939784812,0.5440843408483174,0.3103342497578333,0
U.Gate,0.04224678395208875,0.07338888562629713,0.17975220984614593,0.3476877865235533,0.12490665001888238,0
U.Gate,0.7173079220615928,0.07338888562629713,0.1426200059247021,0.44177812588102844,0.3678651584765412,0
U.Gate,0.18504999804424913,0.07338888562629713,0.5922038492474939,0.2545516719086668,0.24340768563917514,0
Whitefield,0.12029684498414339,0.0726074872030987,0.5577903179795759,0.48351174686484544,0.24797096753102177,0
Whitefield,0.1646026688419736,0.0726074872030987,0.31426878933721214,0.18806987159852628,0.17045741886284174,0
Whitefield,0.33992620559772374,0.0726074872030987,0.15353523001109481,0.4127494108758508,0.2333758757537295,0
Whitefield,0.40859109391747733,0.0726074872030987,0.30677247477383124,0.1595653327611263,0.2500784239009819,0
Whitefield,0.40759158272437007,0.0726074872030987,0.23558968289649304,0.4229923679881409,0.2750060918919789,0
Whitefield,0.5573053429669607,0.0726074872030987,0.24529583269881958,0.09419527505979339,0.28002757399809874,0
Whitefield,0.3663642383623825,0.0726074872030987,0.3055414957253183,0.1573229519245769,0.23471647152151368,0
Whitefield,0.3925391440095887,0.0726074872030987,0.6870218665054184,0.3277650654456943,0.3457400796822235,0
Whitefield,0.6459489909411462,0.0726074872030987,0.4264268679072961,0.4510267020725079,0.4008037718826662,0
Whitefield,0.6124968633864,0.0726074872030987,0.2415838722938358,0.18074980255036618,0.3115853931874917,0
Whitefield,0.38435397845915864,0.0726074872030987,0.2560793281332842,0.652371396434109,0.30537771371340827,0
Whitefield,0.4176098625519666,0.0726074872030987,0.17032410219118105,0.4220791803623317,0.2653223955467039,0
Whitefield,0.6244362691534955,0.0726074872030987,0.1620774402385666,0.32933002887351953,0.32214993274339426,0
Whitefield,0.507837575417396,0.0726074872030987,0.2759081695653102,0.3944007301347245,0.3138671409902889,0
Whitefield,0.5259844838592969,0.0726074872030987,0.5508479632736994,0.15934357864586793,0.33994794496330355,0
Whitefield,0.2603590798723057,0.0726074872030987,0.20237434626191064,0.4719827603265238,0.2241802074175973,0
Whitefield,0.07791555099002362,0.0726074872030987,0.2627333883392193,0.32620494993834737,0.15053010916603385,0
Whitefield,0.32666647175511027,0.0726074872030987,0.22056868108205707,0.6953640185337997,0.28453385027169953,0
Whitefield,0.32479246724777605,0.0726074872030987,0.4878824145998887,0.5192852101806918,0.31092887414473275,0
Whitefield,0.23093384251050975,0.0726074872030987,0.3268040043751986,0.6239785901455736,0.2615666804364838,0
Whitefield,0.2923303799791362,0.0726074872030987,0.3773765285801508,0.30919730264294387,0.245952780266099,0
Whitefield,0.486122020122273,0.0726074872030987,0.25152061285530514,0.27585876233050866,0.2836078901243625,0
Whitefield,0.4265206478094354,0.0726074872030987,0.3040162411499713,0.4477366282295259,0.2990282153586551,0
Whitefield,0.42973484715587607,0.0726074872030987,0.2687623002970542,0.20096704259100975,0.2560869591135485,0
Whitefield,0.2804427027817989,0.0726074872030987,0.3878381721508654,0.30369588634926814,0.2430592095171225,0
Whitefield,0.47698703509072243,0.0726074872030987,0.5505526161297946,0.6549425560511254,0.3970796150763102,0
Whitefield,0.23574660325112934,0.0726074872030987,0.3832045969181627,0.13470115538831626,0.20113964999070488,0
Whitefield,0.41072188177663177,0.0726074872030987,0.12902851650898262,0.1569082519039576,0.21487684587014086,0
Whitefield,0.38622844539207946,0.0726074872030987,0.275348139455572,0.617594764017395,0.3046710445418811,0
Whitefield,0.5183539166136938,0.0726074872030987,0.05431675179735158,0.16146668866360006,0.23828947063473271,0
Whitefield,0.4376689508175492,0.0726074872030987,0.12672518391326174,0.18354301330300593,0.22784286772517506,0
Whitefield,0.43355195148277653,0.0726074872030987,0.35785661544534314,0.4379861179545231,0.31079466996214844,0
Whitefield,0.4154869700622318,0.0726074872030987,0.12730979403411027,0.474932859490009,0.26390457341303414,0
Whitefield,0.0,0.0726074872030987,0.11469445962223554,0.2933344428862799,0.08872130451831871,0
Whitefield,0.5165036576787176,0.0726074872030987,0.3558224959316693,0.7727787010019104,0.3896398306851012,0
Whitefield,0.5181632041163731,0.0726074872030987,0.6381615695760466,0.6035930019156602,0.42131063180421857,0
Whitefield,0.28124295899532165,0.0726074872030987,0.3322304306373812,0.26783241593303037,0.22683823032672298,0
Whitefield,0.409759035202945,0.0726074872030987,0.05567826739836602,0.5417311053965913,0.25759322777112226,0
Whitefield,0.4820674766196318,0.0726074872030987,0.13131879207571354,0.5843411248959063,0.30442079012732937,0
Whitefield,0.7685829181238979,0.0726074872030987,0.2270872067106804,0.3051027200197987,0.38196911684939977,0
Whitefield,0.22221858507793443,0.0726074872030987,0.6028744887316642,0.15205388803371975,0.24294173188959745,0
Whitefield,0.31281746892321105,0.0726074872030987,0.10809990709234948,0.2048072075302709,0.18360942283206402,0
Whitefield,0.24224734409547657,0.0726074872030987,0.3773463340342559,0.30259403215371716,0.22742718822425517,0
Whitefield,0.4825885341686848,0.0726074872030987,0.08070012131023016,0.5569244549440119,0.2903669256236171,0
Whitefield,0.29570698574839394,0.0726074872030987,0.544075409398982,0.3970985807300817,0.29365956016217615,0
Whitefield,0.45548831471362233,0.0726074872030987,0.3536752792192435,0.3389126827213554,0.30277511456274947,0
Whitefield,0.30430929577164983,0.0726074872030987,0.32731087662044456,0.3704281094962847,0.24931689142953867,0
Whitefield,0.4889402471713793,0.0726074872030987,0.23636671926011027,0.8223229549000676,0.36353311975794456,0
Whitefield,0.3095587429850259,0.0726074872030987,0.21034526045926152,0.08261534668691277,0.1845891603005779,0
Whitefield,0.1795571063832348,0.0726074872030987,0.38481893910930876,0.3070735603886047,0.20765205527521424,0
Hennuru,0.42493374404360185,0.07239454066840686,0.12766904245090738,0.4680988816498035,0.2661938133534347,0
Hennuru,0.2844322789406224,0.07239454066840686,0.08990284419821609,0.12619337628607774,0.15817923511229476,0
Hennuru,0.4935180950381649,0.07239454066840686,0.28206285165623474,0.6481167307910904,0.34807977541379026,0
Hennuru,0.7860520233453234,0.07239454066840686,0.2877806743720109,0.10644009252261964,0.3703587191241804,0
Hennuru,0.05947698301418014,0.07239454066840686,0.2601575803026783,0.4235618993834224,0.15810110722353415,0
Hennuru,0.2044936333806009,0.07239454066840686,0.347940282247862,0.4614510308415474,0.2320968449595369,0
Hennuru,0.5747245222284131,0.07239454066840686,0.31248590556442424,0.42387877773581173,0.3489509427537233,0
Hennuru,0.30873533302364664,0.07239454066840686,0.5476827677667705,0.23346268236903103,0.2743316846675071,0
Hennuru,0.4791048137165972,0.07239454066840686,0.19601981784167563,0.3372295865137618,0.27919344854673045,0
Hennuru,0.2700153006019092,0.07239454066840686,0.2397908309553421,0.3943233410144537,0.22333038475442676,0
Hennuru,0.4453933235012138,0.07239454066840686,0.49912864997535694,0.44372110686571836,0.34398992145087604,0
Hennuru,0.3306040283152931,0.07239454066840686,0.15125546337367518,0.3926183019002189,0.2265736100706425,0
Hennuru,0.42065340039557664,0.07239454066840686,0.12940483288521076,0.28449856067461166,0.23750280301720778,0
Hennuru,0.002210462759146825,0.07239454066840686,0.6648081040997893,0.5132310848781961,0.23243830771791074,0
Hennuru,0.38029211882926905,0.07239454066840686,0.3755536587200137,0.322248913118,0.27826867250246895,0
Hennuru,0.3050839736868349,0.07239454066840686,0.3530277625692113,0.3417181436279851,0.2503610270489543,0
Hennuru,0.4507632722652133,0.07239454066840686,0.5678001459271064,0.4471827576869647,0.3601229503318127,0
Hennuru,0.3172668471867553,0.07239454066840686,0.42538727335155335,0.09960137254686169,0.23277941926822637,0
Hennuru,0.5448073564215246,0.07239454066840686,0.36771665503915557,0.4217514970711956,0.3492069925165661,0
Hennuru,0.31210271144347557,0.07239454066840686,0.6553279885582409,0.0836517518224172,0.27456767169074925,0
Hennuru,0.46766707622716275,0.07239454066840686,0.3308503428660257,0.16486946055124574,0.276302326535921,0
Hennuru,0.4105042063815406,0.07239454066840686,0.37692409923562314,0.2972104780814387,0.28536122599340175,0
Hennuru,0.48410633904462586,0.07239454066840686,0.17415236764838768,0.09709798078466515,0.24055075151351843,0
Hennuru,0.21546722507875254,0.07239454066840686,0.3464900064987911,0.3655545575918311,0.2212630759166183,0
Hennuru,0.28755584438213044,0.07239454066840686,0.14946272962143425,0.8335954792008778,0.2772947755386862,0
Hennuru,0.24364750382437145,0.07239454066840686,0.3278314735821775,0.24740074153401279,0.2096713944855895,0
Hennuru,0.5044206709823904,0.07239454066840686,0.08053652451656887,0.432920603890297,0.27931099253121705,0
Hennuru,0.3497543889463477,0.07239454066840686,0.5900379215335664,0.17714785316302292,0.28871216061291044,0
Hennuru,0.37562880604294235,0.07239454066840686,0.2695964689604463,0.20585729630195712,0.2379863325529347,0
Hennuru,0.4423112141211668,0.07239454066840686,0.5702997571838115,0.3971658071570844,0.35016210965325534,0
Hennuru,0.4261488979491358,0.07239454066840686,0.12380866503245214,0.3304273858524722,0.24519631736708083,0
Hennuru,0.15189305169601008,0.07239454066840686,0.16243888117369998,0.2031664081964648,0.1378436677583353,0
Hennuru,0.21460387148856253,0.07239454066840686,0.11944715544594611,0.2580351622237248,0.15942442264426687,0
Hennuru,0.8657653325241235,0.07239454066840686,0.4422198610139461,0.5109395524975612,0.48982113366138863,0
Hennuru,0.38637679230009836,0.07239454066840686,0.41955287975104977,0.36300610946737727,0.295311731875873,0
Hennuru,0.1876850845364625,0.07239454066840686,0.5521392333426384,0.6315283816325015,0.29256524570168685,0
Hennuru,0.7665770747785781,0.07239454066840686,0.16997911686065448,0.39832850446697443,0.3837654374152014,0
Hennuru,0.3781790210248452,0.07239454066840686,0.3133697103632021,0.375808626723471,0.27312625564037896,0
Hennuru,0.3345033430830844,0.07239454066840686,0.25790971528011414,0.084985764671676,0.2031243400363758,0
Hennuru,0.4801346948017903,0.07239454066840686,0.4377081202564788,0.174418704242361,0.30346993506879855,0
Hennuru,0.28671203002880163,0.07239454066840686,0.2116506405887985,0.35940440549693087,0.21830836165290196,0
Hennuru,0.5765168085063094,0.07239454066840686,0.32867948018632825,0.2398810268086033,0.3252172952362865,0
Hennuru,0.0,0.07239454066840686,0.6306277212652355,0.3576556952231403,0.20149226073704019,0
Hennuru,0.4779312516315511,0.07239454066840686,0.4573023415272298,0.429660204811722,0.3449037992987692,0
Hennuru,0.5363968958007369,0.07239454066840686,0.5988987298651519,0.10434101578410986,0.34488817407142686,0
Hennuru,0.4260855633297599,0.07239454066840686,0.4911895526914887,0.42999362407072406,0.33358526351484435,0
Hennuru,0.5406448874470713,0.07239454066840686,0.17303186937796022,0.4862629796486472,0.3184898936298861,0
Hennuru,0.520871451259301,0.07239454066840686,0.39435278608213004,0.4211091628335596,0.34606030178273733,0
Hennuru,0.5602034309190751,0.07239454066840686,0.27378755979996877,0.5234270998970244,0.35106113996674576,0
Hennuru,0.3217560676939569,0.07239454066840686,0.46930086822823186,0.4491162844668352,0.29556060220907865,0
Yashawanthapura,0.3663370730319989,0.07221630660625784,0.27120626153180494,0.2963911396633399,0.24858279079893894,0
Yashawanthapura,0.7294289336916919,0.07221630660625784,0.0758213929585861,0.6386659754388264,0.38792919368151074,0
Yashawanthapura,0.7186426530470469,0.07221630660625784,0.13898598176990537,0.43345270961083143,0.3660049233439496,0
Yashawanthapura,0.33517043407880587,0.07221630660625784,0.14800966342760924,0.26612296908339367,0.2084949219574903,0
Yashawanthapura,0.40511496330009594,0.07221630660625784,0.30046858049304037,0.34421271515396235,0.27518075250861335,0
Yashawanthapura,0.21167952709801732,0.07221630660625784,0.23129905112531274,0.41230647559611816,0.2038585080306637,0
Yashawanthapura,0.29046637572108175,0.07221630660625784,0.15744761214046205,0.6416251550906784,0.25106141917595015,0
Yashawanthapura,0.27851684871869264,0.07221630660625784,0.5819868840366003,0.48932899355004195,0.3089425148732461,0
Yashawanthapura,0.6158238523014414,0.07221630660625784,0.09288090879273889,0.2048370037764953,0.28650497261240393,0
Yashawanthapura,0.15202299564236252,0.07221630660625784,0.25962303171945644,0.05062683240780083,0.13439157166176563,0
Yashawanthapura,0.36685138930793015,0.07221630660625784,0.1978705889210424,0.44358308828785326,0.25617445926703936,0
Yashawanthapura,0.25476506223587475,0.07221630660625784,0.27315594200714166,0.127436135474954,0.18457927248710496,0
Yashawanthapura,0.04485619707892802,0.07221630660625784,0.1038531553717856,0.6159200067138435,0.1505231930409358,0
Yashawanthapura,0.2777289351926422,0.07221630660625784,0.1695757899399664,0.42593115705529416,0.21667485084558952,0
Yashawanthapura,0.1005837192071301,0.07221630660625784,0.5878519357220237,0.17643547768223472,0.20090490250111284,0
Yashawanthapura,0.05509688680246244,0.07221630660625784,0.21290079033594853,0.10798804502381633,0.09972716718350136,0
Yashawanthapura,0.5122454953761573,0.07221630660625784,0.36473918252151144,0.29108780651970956,0.3175618228457911,0
Yashawanthapura,0.7735845302244018,0.07221630660625784,0.22942426430793078,0.30753586784784587,0.384434710599181,0
Yashawanthapura,0.5041746045565277,0.07221630660625784,0.4420680933802162,0.4554018117595269,0.3548498940166343,0
Yashawanthapura,0.3686998124003912,0.07221630660625784,0.35172305180394414,0.35450097612497183,0.2742295831015489,0
Yashawanthapura,0.30583916591889465,0.07221630660625784,0.04472288458928454,0.5389404176720196,0.2184942396221503,0
Yashawanthapura,0.14632256084295567,0.07221630660625784,0.14926981497850006,0.33991548390013027,0.1537190738576314,0
Yashawanthapura,0.45482987844448214,0.07221630660625784,0.41405477127432144,0.16037694343726838,0.28772284520790065,0
Yashawanthapura,0.13404650702510557,0.07221630660625784,0.5615631735576851,0.8253602482562297,0.30469784139063577,0
Yashawanthapura,0.2479047150117168,0.07221630660625784,0.39271903796217855,0.3536253287401911,0.2400191491394426,0
Yashawanthapura,0.47081606514733443,0.07221630660625784,0.22812865573312485,0.3175804219187277,0.2797133092178785,0
Yashawanthapura,0.329704143975842,0.07221630660625784,0.3849182061977196,0.5854526551710485,0.30186288188862326,0
Yashawanthapura,0.3735415914057461,0.07221630660625784,0.3977299173585846,0.41443763950023194,0.2941160783706402,0
Yashawanthapura,0.3735408940783171,0.07221630660625784,0.05472110470025124,0.5053402943559122,0.2391494700027254,0
Yashawanthapura,0.6125652248981021,0.07221630660625784,0.560154105695164,0.14515092617776948,0.3698661807619113,0
Yashawanthapura,0.2680327781223807,0.07221630660625784,0.1802958642914467,0.6508817564542647,0.24916780065113964,0
Yashawanthapura,0.3828116743938752,0.07221630660625784,0.17584672249216302,0.33126306308151804,0.24050778198039396,0
Yashawanthapura,0.519692726501441,0.07221630660625784,0.06899691247896081,0.5757499012250947,0.30371921393693807,0
Yashawanthapura,0.3380250926036701,0.07221630660625784,0.3279279826596847,0.2809523508188398,0.2477021235479248,0
Yashawanthapura,0.2642655579880485,0.07221630660625784,0.49746516291316323,0.07541515525521968,0.22496314314860993,0
Yashawanthapura,0.2689943074896364,0.07221630660625784,0.5324534247794162,0.3244200665348986,0.27096659453936806,0
Yashawanthapura,0.392919681741665,0.07221630660625784,0.25937605058880586,0.3286355721937275,0.26035732653828036,0
Yashawanthapura,0.30708232101762456,0.07221630660625784,0.23257207464596755,0.5291002803395138,0.25502316131816655,0
Yashawanthapura,0.26233173182050423,0.07221630660625784,0.37209713964296426,0.16730053845681692,0.21299550681616922,0
Yashawanthapura,0.09324478123299573,0.07221630660625784,0.2689792250196525,0.5147451021140824,0.18530817573446873,0
Yashawanthapura,0.4185253738887506,0.07221630660625784,0.24571245193498684,0.11317663719049528,0.2342677588085117,0
Yashawanthapura,0.29508420192945417,0.07221630660625784,0.31688192149868366,0.5131186484867599,0.26528854422993703,0
Yashawanthapura,0.34599809523517633,0.07221630660625784,0.35183896896105993,0.16268277225387767,0.2375344349444827,0
Yashawanthapura,0.4066478989994343,0.07221630660625784,0.3694483370397483,0.22616477452490727,0.27180604021836513,0
Yashawanthapura,0.3896543106425497,0.07221630660625784,0.17415461702500248,0.21486471443457653,0.2251045312769567,0
Yashawanthapura,0.17166439187461016,0.07221630660625784,0.17073949522591633,0.38869021762132416,0.17419886082637281,0
Yashawanthapura,0.431900774958354,0.07221630660625784,0.7122601754207634,0.5104179460699281,0.39184489021194313,0
Yashawanthapura,0.2605446848141386,0.07221630660625784,0.10326172835952419,0.5517783011627732,0.21627462251314666,0
Yashawanthapura,0.18506042681169024,0.07221630660625784,0.2957515810039305,0.32245839571580887,0.19395511692412637,0
Yashawanthapura,0.5051827943999129,0.07221630660625784,0.32781086969976453,0.7571770665563828,0.3776176039452571,0
Rajajinagar,0.2973348290377994,0.07173766106736702,0.22241413905029817,0.2620423088919159,0.2093776626272869,0
Rajajinagar,0.333836666617472,0.07173766106736702,0.5082663935755249,0.6526144245215086,0.3379095740296566,0
Rajajinagar,0.09250873448056612,0.07173766106736702,0.2139346969942468,0.3269572712672238,0.14572988547734117,0
Rajajinagar,0.17625290761152004,0.07173766106736702,0.18779955234004392,0.23936501330883955,0.15667447844857682,0
Rajajinagar,0.4156995838604637,0.07173766106736702,0.12368192610815998,0.6949679219605431,0.29599772618708586,0
Rajajinagar,0.6149539813413971,0.07173766106736702,0.5416293231441679,0.8310967832088297,0.46974557389985716,0
Rajajinagar,0.5264115169417144,0.07173766106736702,0.26911130427594376,0.1594242699057413,0.2835012305908601,0
Rajajinagar,0.5076519338534983,0.07173766106736702,0.3311650364502554,0.34863045448607605,0.317727050631897,0
Rajajinagar,0.7046252434303032,0.07173766106736702,0.29742768836010886,0.287435375718527,0.3707409775506171,0
Rajajinagar,0.2719050582984356,0.07173766106736702,0.37648167275859845,0.26387284762823177,0.231565330420617,0
Rajajinagar,0.2945369668160335,0.07173766106736702,0.3679436921355839,0.28190634465805825,0.24048392683164735,0
Rajajinagar,0.33535717289827455,0.07173766106736702,0.1899780740179878,0.4875372611988263,0.2500225128180277,0
Rajajinagar,0.20050256898732016,0.07173766106736702,0.3290295748616852,0.26929478569442283,0.19789733029227263,0
Rajajinagar,0.38063926865524195,0.07173766106736702,0.16474582194965193,0.3423868603752972,0.23905223579576976,0
Rajajinagar,0.373639724165004,0.07173766106736702,0.3433038886243661,0.654871647495755,0.31918672662719794,0
Rajajinagar,0.31301195032953844,0.07173766106736702,0.16554316876558325,0.7349273928189535,0.2744232236115082,0
Rajajinagar,0.3005563286858106,0.07173766106736702,0.2711103874555664,0.5116603941457091,0.25768714997321346,0
Rajajinagar,0.1112213616233319,0.07173766106736702,0.5431071972623376,0.1554556573316447,0.1923885629405905,0
Rajajinagar,0.3470423636679981,0.07173766106736702,0.24182574791330388,0.38253047394755263,0.2487308462788031,0
Rajajinagar,0.6634667332018245,0.07173766106736702,0.172933008810575,0.22466597527178597,0.3220211529937316,0
Rajajinagar,0.2989581962191684,0.07173766106736702,0.19612729489347747,0.18981479712294627,0.1938543455440565,0
Rajajinagar,0.5171247335555074,0.07173766106736702,0.13204823269452493,0.22658924904556238,0.262912988960377,0
Rajajinagar,0.17609394307159412,0.07173766106736702,0.09392435924811847,0.3505341798759211,0.15451917722627992,0
Rajajinagar,0.3351260881982015,0.07173766106736702,0.6679593700662032,0.6659771182641179,0.37230387094243894,0
Rajajinagar,0.46227356272661124,0.07173766106736702,0.26036789351845574,0.713136788064278,0.34236114218785685,0
Rajajinagar,0.3166986469005422,0.07173766106736702,0.4643956226222371,0.08383258519867269,0.23781983703964818,0
Rajajinagar,0.24918924187410274,0.07173766106736702,0.7059778444219781,0.35687016904470437,0.30346362721724734,0
Rajajinagar,0.48962287758725875,0.07173766106736702,0.28557040224718616,0.07587832205075784,0.2613851342328016,0
Rajajinagar,0.3223407971557989,0.07173766106736702,0.2186772865123848,0.2434864520350009,0.21459900243246682,0
Rajajinagar,0.3218739240824912,0.07173766106736702,0.09825586859662806,0.8410142973844286,0.27998049007607195,0
Rajajinagar,0.05680746338153558,0.07173766106736702,0.4335642286135284,0.5731295573790891,0.21408618983331662,0
Rajajinagar,0.5980562159881193,0.07173766106736702,0.5575241386781035,0.42611767670409095,0.4062634531572862,0
Rajajinagar,0.20926338779862164,0.07173766106736702,0.2312022346770129,0.6341465514632265,0.23612591370461422,0
Rajajinagar,0.19678161477414838,0.07173766106736702,0.2866659969630967,0.03319025208564933,0.15270660069662878,0
Rajajinagar,0.47957405550824694,0.07173766106736702,0.3843295393465546,0.20457297436709368,0.2969240717724715,0
Rajajinagar,0.4509109071083908,0.07173766106736702,0.14917790370692163,0.6740277746099027,0.3102798627410166,0
Rajajinagar,0.4753269698178496,0.07173766106736702,0.22496909918125294,0.12431454520601434,0.2515267393736102,0
Rajajinagar,0.06339712286957216,0.07173766106736702,0.08782764500610288,0.11193200368877361,0.07806562087909698,0
Rajajinagar,0.5303632784678725,0.07173766106736702,0.6744191106208006,0.45054848439194545,0.4096145405669174,0
Rajajinagar,0.8197365059723056,0.07173766106736702,0.3376288462967684,0.3211950297102079,0.42413409912640193,0
Rajajinagar,0.3278467399081032,0.07173766106736702,0.6044414276564025,0.3629797258087628,0.31160290169064114,0
Rajajinagar,0.4477051950439767,0.07173766106736702,0.32802205896704456,0.4029699259907756,0.3042680172776272,0
Rajajinagar,0.46013744643872045,0.07173766106736702,0.17209632875470462,0.7229291802429074,0.3254280473611393,0
Rajajinagar,0.2838622974046105,0.07173766106736702,0.4935189359202113,0.47301779695635665,0.29052955913931955,0
Rajajinagar,0.508922834351667,0.07173766106736702,0.2107889361274427,0.37745552444142716,0.29842040623499616,0
Rajajinagar,0.6113379115979077,0.07173766106736702,0.21656653627927047,0.1851715991579609,0.306578614509026,0
Rajajinagar,0.19204768764533023,0.07173766106736702,0.5885695060433208,0.34025819487017533,0.2574906194352662,0
Rajajinagar,0.4803961052869683,0.07173766106736702,0.576799228300126,0.22278411464190145,0.33843739802695944,0
Rajajinagar,0.5664198218742355,0.07173766106736702,0.32574403840612265,0.3525374639714446,0.33779766325313376,0
Rajajinagar,0.2774951263359339,0.07173766106736702,0.20985098319900208,0.11514023694042468,0.17788582471865108,0
Indiranagar,0.5359701427063823,0.071611870201009,0.3806878501209196,0.8772640405941432,0.41680028712084194,0
Indiranagar,0.689658716404387,0.071611870201009,0.33007623853940443,0.37501625610310846,0.3851317979251853,0
Indiranagar,0.5193740441571779,0.071611870201009,0.13042295768947396,0.31128814301680247,0.2760422895057301,0
Indiranagar,0.3707215375150464,0.071611870201009,0.40133330027919356,0.18043127144652787,0.2585674499633868,0
Indiranagar,0.7487586219974056,0.071611870201009,0.162919131317899,0.2672332418244396,0.3562178912966404,0
Indiranagar,0.3683186558306308,0.071611870201009,0.23829721704147563,0.3319063782787117,0.24784049075112535,0
Indiranagar,0.03860550564046339,0.071611870201009,0.10368332030974162,0.5123428264894244,0.13258357606982685,0
Indiranagar,0.6287163510284963,0.071611870201009,0.28773279193463147,0.31456484873115986,0.34626556961687666,0
Indiranagar,0.388721052331455,0.071611870201009,0.15938411200721694,0.29864212057944717,0.23420906986467238,0
Indiranagar,0.6816848070422771,0.071611870201009,0.14450199827634044,0.22627395733998906,0.32291473678136606,0
Indiranagar,0.6640550430855936,0.071611870201009,0.6525857514943034,0.19553667150860943,0.4137504771654125,0
Indiranagar,0.2919905624874022,0.071611870201009,0.26483282834708627,0.2726569459035449,0.21754536548584247,0
Indiranagar,0.07689232932116158,0.071611870201009,0.2247103705860475,0.6391313250147304,0.1892076491921283,0
Indiranagar,0.7293630193044834,0.071611870201009,0.5106475045402098,0.2324300676726932,0.4137546288758178,0
Indiranagar,0.31669281493983226,0.071611870201009,0.11824009558775157,0.40744997606879096,0.21709156181711295,0
Indiranagar,0.54858700906156,0.071611870201009,0.15518883463941138,0.1772331835948004,0.27111175869895104,0
Indiranagar,0.5656841913460618,0.071611870201009,0.5976430335998819,0.13308512473852635,0.35896440346217967,0
Indiranagar,0.4383850467178656,0.071611870201009,0.6482682949080292,0.2317320386579264,0.33933179219185045,0
Indiranagar,0.077621853315338,0.071611870201009,0.3472870882479888,0.6225957295995334,0.21149798681019877,0
Indiranagar,0.4550747789088258,0.071611870201009,0.47450753686889763,0.6112739513136387,0.36735233374921705,0
Indiranagar,0.4340177265080316,0.071611870201009,0.2548579876179837,0.08327270840314051,0.23685226912218155,0
Indiranagar,0.4438572692216207,0.071611870201009,0.6138137842323027,0.48029845166957713,0.37164112988476705,0
Indiranagar,0.45774873744263483,0.071611870201009,0.4768625953170456,0.39214362607040965,0.3358896821391954,0
Indiranagar,0.19755822290536032,0.071611870201009,0.44033183503634266,0.33218399112528335,0.22852290475323983,0
Indiranagar,0.1573956661943801,0.071611870201009,0.09102992745991641,0.45333070691314714,0.1627776357572911,0
Indiranagar,0.30064904530635866,0.071611870201009,0.5834428647993628,0.2933310854695429,0.2873989626978322,0
Indiranagar,0.63052493272722,0.071611870201009,0.4465105621823915,0.34959918696178,0.38390927799557495,0
Indiranagar,0.6518978550222227,0.071611870201009,0.34969214157426565,0.3771235154377943,0.3761547659486029,0
Indiranagar,0.7272721640605131,0.071611870201009,0.24890567093103394,0.2490802509928805,0.3631719903166211,0
Indiranagar,0.2393421578747722,0.071611870201009,0.26792487569428386,0.17775166829070582,0.1855010416989356,0
Indiranagar,0.0837369642425344,0.071611870201009,0.2642416956977819,0.3003643005612631,0.1486944827689356,0
Indiranagar,0.0657668758144056,0.071611870201009,0.040490256190619495,0.5389389147338797,0.1334408560435505,0
Indiranagar,0.34619503515889727,0.071611870201009,0.4430556839042568,0.41006336592106113,0.29277246503492727,0
Indiranagar,0.4370585677137557,0.071611870201009,0.23257991714679974,0.5857558031430034,0.3088334136609276,0
Indiranagar,0.22782804278733887,0.071611870201009,0.4377332142372938,0.3029674098143157,0.23421513035547742,0
Indiranagar,0.3127790805937435,0.071611870201009,0.5387664740234547,0.8420853954670501,0.3650223433928614,0
Indiranagar,0.1999461367021619,0.071611870201009,0.45841846488339766,0.5564047451606944,0.26660911365684303,0
Indiranagar,0.4646057576215175,0.071611870201009,0.3002646515841806,0.3393306812127289,0.2950481087265793,0
Indiranagar,0.4399965972920541,0.071611870201009,0.508153393562693,0.6371872176784665,0.3726911314768302,0
Indiranagar,0.08807901703905502,0.071611870201009,0.3715048800916961,0.2082285119275707,0.1578464698314468,0
Indiranagar,0.6230976641987913,0.071611870201009,0.20513204511624178,0.6341020458697076,0.3757094594335842,0
Indiranagar,0.5792505184375835,0.071611870201009,0.25931937319300574,0.2214078619786835,0.3092962964488606,0
Indiranagar,0.6110595425096372,0.071611870201009,0.12267976188897431,0.2545226085477287,0.29806874459862986,0
Indiranagar,0.07695929035200083,0.071611870201009,0.11045867984069728,0.5495440300531813,0.15294265315961963,0
Indiranagar,0.3921178625314968,0.071611870201009,0.7082252836801757,0.6430935050400095,0.3968338954383631,0
Indiranagar,0.6315056316989227,0.071611870201009,0.34226348875397344,0.3946311109040465,0.3701578965413273,0
Indiranagar,0.4711645698613578,0.071611870201009,0.33115125235302567,0.4091689858204755,0.31399675885545436,0
Indiranagar,0.35961740363521366,0.071611870201009,0.47855231700101175,0.15194132746930594,0.2658513148532257,0
Indiranagar,0.409109822576216,0.071611870201009,0.14620097901534299,0.21401986100399667,0.22601517391564638,0
Indiranagar,0.2271371397780879,0.071611870201009,0.16425214484412454,0.5533249659247574,0.21683073384017199,0
Madivala,0.19488158352818077,0.07027760057908608,0.5178786444248991,0.6255321561195277,0.2866973867114981,0
Madivala,0.030012105629301344,0.07027760057908608,0.3357593431372527,0.23508627091606935,0.13400232640884224,0
Madivala,0.8077981725136854,0.07027760057908608,0.17469149086119246,0.1597405570914056,0.36271202228946503,0
Madivala,0.1997990805073023,0.07027760057908608,0.329886892691945,0.32825758968393653,0.2062289753422611,0
Madivala,0.7827476303876466,0.07027760057908608,0.284597341251338,0.509137390041778,0.42833502756593644,0
Madivala,0.3850430785627584,0.07027760057908608,0.13653269303974522,0.5271291426799314,0.26222426768063,0
Madivala,0.4470205186009468,0.07027760057908608,0.364125386429791,0.1638157705586428,0.27493790455381184,0
Madivala,0.4149661998291435,0.07027760057908608,0.5927341895685041,0.631046777053752,0.37952530458568967,0
Madivala,0.34156606122815936,0.07027760057908608,0.31669806104620835,0.17317050778926973,0.22994658998121373,0
Madivala,0.2547873245264082,0.07027760057908608,0.05567389744697901,0.13700789226307303,0.14194480708682544,0
Madivala,0.6764767139491762,0.07027760057908608,0.31664163230241615,0.45343867574919566,0.3891942578788001,0
Madivala,0.5957727207375175,0.07027760057908608,0.546846164905337,0.7084800590566508,0.44524497427142196,0
Madivala,0.2110435753659857,0.07027760057908608,0.3811576784207591,0.10985173753290739,0.18765782786590873,0
Madivala,0.203986167242783,0.07027760057908608,0.36074343811039794,0.23538212879497553,0.1999344456500258,0
Madivala,0.6425910497273607,0.07027760057908608,0.04791845975166539,0.054170037311429456,0.26369934512534954,0
Madivala,0.1138917793390069,0.07027760057908608,0.181581460380715,0.10297810773345248,0.11270841117853912,0
Madivala,0.32154976523772777,0.07027760057908608,0.16874603037730418,0.1992517108752859,0.19726266071368426,0
Madivala,0.36442914063993354,0.07027760057908608,0.3200466270731959,0.32773616911182285,0.26180323017911517,0
Madivala,0.26100138682167706,0.07027760057908608,0.4210484902161486,0.17651766068433547,0.22312111270719284,0
Madivala,0.3842529622990874,0.07027760057908608,0.1913854185753231,0.4377520417842376,0.2595117069611067,0
Madivala,0.4104903800847536,0.07027760057908608,0.0985278020231237,0.6354910924331583,0.279784137472988,0
Madivala,0.38546010066649194,0.07027760057908608,0.21351865867559766,0.22118642314304438,0.23187601061357418,0
Madivala,0.30056529984368097,0.07027760057908608,0.32736464650959074,0.22967418083606744,0.22620519154634242,0
Madivala,0.29403203557444346,0.07027760057908608,0.2209518722304402,0.1407488631517524,0.18929719654363195,0
Madivala,0.6680617071973554,0.07027760057908608,0.4917998674388279,0.19179295784979433,0.3820337948580349,0
Madivala,0.5036479212206474,0.07027760057908608,0.3645350489575826,0.5000318164638757,0.3452718348620503,0
Madivala,0.2544253500321487,0.07027760057908608,0.08532726588793602,0.2685713362347333,0.16748330629777505,0
Madivala,0.13790595778159442,0.07027760057908608,0.3852513934580467,0.17897903937895498,0.17324749999573646,0
Madivala,0.5394096051524835,0.07027760057908608,0.06359494041890781,0.17852870715808117,0.24937493613458875,0
Madivala,0.31687006098682047,0.07027760057908608,0.1915721778515593,0.4588290205962488,0.23912659017886218,0
Madivala,0.26598761219356043,0.07027760057908608,0.22495940481894464,0.4318050089919894,0.2239415767540593,0
Madivala,0.427672554471252,0.07027760057908608,0.04693352071101635,0.2910890967073347,0.2238187428869675,0
Madivala,0.297303247825158,0.07027760057908608,0.2935828369394116,0.6824865122355044,0.2862289611357391,0
Madivala,0.4866428151594061,0.07027760057908608,0.3689380598682068,0.3804122088466989,0.32225770878016413,0
Madivala,0.2385479618872403,0.07027760057908608,0.6309224065533604,0.12005044990149286,0.2487671156301559,0
Madivala,0.16750559911664645,0.07027760057908608,0.41529688161947254,0.6305364899023767,0.2573500896738031,0
Madivala,0.08303444446145353,0.07027760057908608,0.3519604884696398,0.7201779380231328,0.22856412413263244,0
Madivala,0.6647982934772577,0.07027760057908608,0.4157111595265758,0.14986820393143152,0.3593851453857959,0
Madivala,0.6728740716500996,0.07027760057908608,0.44659547302756963,0.19442316012454824,0.37507177387545687,0
Madivala,0.5290503364712184,0.07027760057908608,0.49820972053189794,0.3932798414051088,0.3648848182557981,0
Madivala,0.5081051935507028,0.07027760057908608,0.5310330168275454,0.3512189789544088,0.3578095481251422,0
Madivala,0.5378540947051362,0.07027760057908608,0.18314920440586896,0.526637404406836,0.3249576648627227,0
Madivala,0.3252044621575903,0.07027760057908608,0.15543355480426196,0.13763915955205913,0.18663742682254367,0
Madivala,0.518304631888728,0.07027760057908608,0.21846857133229264,0.09561164730895641,0.2605253626975826,0
Madivala,0.18373860767582426,0.07027760057908608,0.08201242580020976,0.33308785653455736,0.15175745650048988,0
Madivala,0.8590374240982384,0.07027760057908608,0.10073075168400766,0.38495389265905733,0.39963561284376936,0
Madivala,0.22984166183482954,0.07027760057908608,0.11706885735089309,0.11528038095733599,0.14223369042969516,0
Madivala,0.21471926423191193,0.07027760057908608,0.28507827430334387,0.2765117839241149,0.194727445104181,0
Madivala,0.3545966535121522,0.07027760057908608,0.34966437375362064,0.2602088530008234,0.25415631160382673,0
Madivala,0.40524199051902404,0.07027760057908608,0.13701324207889756,0.19800644151459157,0.2200215914983525,0
Adugodi,0.4133518499392849,0.0681289041426261,0.5501264709373992,0.18519583304274487,0.30291648786542913,0
Adugodi,0.3575389474619953,0.0681289041426261,0.5081756423465918,0.28573765570194465,0.2900730796790963,0
Adugodi,0.08278624616275587,0.0681289041426261,0.35667412409810423,0.5248682888803605,0.1994789255514273,0
Adugodi,0.6347110520304775,0.0681289041426261,0.3252453808038997,0.1148434314463977,0.3248631303311945,0
Adugodi,0.1920140682349289,0.0681289041426261,0.1404754214781524,0.15534834678472045,0.1390409314383515,0
Adugodi,0.31976342772498684,0.0681289041426261,0.3454040635612837,0.5077412177755605,0.27759786632512407,0
Adugodi,0.5435507976093105,0.0681289041426261,0.37832525909319065,0.6413087823345698,0.3825428195748701,0
Adugodi,0.5300041176956097,0.0681289041426261,0.12657495139787955,0.38361207804480857,0.28879691442254846,0
Adugodi,0.007434062665617247,0.0681289041426261,0.5689440465211265,0.1529401487888898,0.15977042479831263,0
Adugodi,0.42888344924720867,0.0681289041426261,0.05983841414394633,0.3102796498280743,0.22905750878231126,0
Adugodi,0.24353195800344432,0.0681289041426261,0.25566844470599287,0.6254253312076182,0.25062234516633464,0
Adugodi,0.7686097745563001,0.0681289041426261,0.13670808945312304,0.21229826180229205,0.34863844949846123,0
Adugodi,0.4867463978041212,0.0681289041426261,0.30138018453454113,0.2709170881997606,0.29171351061110257,0
Adugodi,0.4810892015149103,0.0681289041426261,0.19815771637162197,0.10875546874323731,0.24476475535881642,0
Adugodi,0.7316991008367011,0.0681289041426261,0.21682009898632637,0.7212118976894694,0.4280791609863188,0
Adugodi,0.3252740290851685,0.0681289041426261,0.1368277368220193,0.17549252774423155,0.1879740079486354,0
Adugodi,0.48574818232734174,0.0681289041426261,0.10023733877116003,0.28584488575974654,0.2533747356755514,0
Adugodi,0.43878943869261244,0.0681289041426261,0.22648870394475373,0.32203765822621866,0.2676183643080857,0
Adugodi,0.22512217154810882,0.0681289041426261,0.2217064281994186,0.6065431366164548,0.23455418741697784,0
Adugodi,0.42025950189559674,0.0681289041426261,0.31444682386459794,0.145434098969911,0.25223397652465296,0
Adugodi,0.3697337706964971,0.0681289041426261,0.37072051596852096,0.41679739275927297,0.28650920309415695,0
Adugodi,0.18412597581711343,0.0681289041426261,0.17712309386137326,0.5672051561368694,0.20538815497158258,0
Adugodi,0.327074979466942,0.0681289041426261,0.15192372239713772,0.490285075039931,0.23884241979163467,0
Adugodi,0.6962132794531388,0.0681289041426261,0.3109359786702441,0.3102623963137023,0.37283987423249054,0
Adugodi,0.5279323697772842,0.0681289041426261,0.23468207724343246,0.22002553050403692,0.28515524568912937,0
Adugodi,0.33444590010842784,0.0681289041426261,0.2003086280942916,0.26970066075965193,0.2180115610135437,0
Adugodi,0.35928080638804805,0.0681289041426261,0.8080747985058184,0.4584206379024714,0.37656500886513905,0
Adugodi,0.7295066643397503,0.0681289041426261,0.25976969178600934,0.48826214927710343,0.40095926451046776,0
Adugodi,0.654556446332633,0.0681289041426261,0.23828183521036714,0.3809790306834375,0.3543366491037984,0
Adugodi,0.42521032090909927,0.0681289041426261,0.3210950027687724,0.17984006225610868,0.26045729345314333,0
Adugodi,0.3431714169047808,0.0681289041426261,0.25389874020448294,0.4063605643515676,0.2522824998530928,0
Adugodi,0.15314447920252436,0.0681289041426261,0.36637611252609115,0.09254186698553794,0.16119574151672025,0
Adugodi,0.32200680742642973,0.0681289041426261,0.30331512067076105,0.6918435878159274,0.29758061614857956,0
Adugodi,0.5659022962501923,0.0681289041426261,0.2857626479957486,0.4112568717357053,0.33734553528986067,0
Adugodi,0.6321236543424646,0.0681289041426261,0.23486310636582688,0.48655429887717794,0.3616377163673925,0
Adugodi,0.775250857252314,0.0681289041426261,0.5474227528687395,0.2642840011312412,0.44090362202453176,0
Adugodi,0.47994132018199287,0.0681289041426261,0.4465141010548163,0.4178485504469136,0.3403982360844856,0
Adugodi,0.2160090935009425,0.0681289041426261,0.1112581463054643,0.5940406411601523,0.2073995794032334,0
Adugodi,0.5086388923087382,0.0681289041426261,0.2522923625337118,0.2015143699453003,0.2791479115493836,0
Adugodi,0.28042167231970283,0.0681289041426261,0.13357198989779198,0.3908277418902029,0.20392481581777264,0
Adugodi,0.2704536896092542,0.0681289041426261,0.13379245683429508,0.4714271480056042,0.21257002617372645,0
Adugodi,0.3388505304171862,0.0681289041426261,0.3586363960565499,0.21865249854538552,0.24356151088192082,0
Adugodi,0.18709525461315274,0.0681289041426261,0.27226127524200094,0.410348535191324,0.20192654568449006,0
Adugodi,0.4143835702534095,0.0681289041426261,0.3898420856112921,0.5554464426914104,0.3267583043574511,0
Adugodi,0.6070932258334127,0.0681289041426261,0.6457285511438962,0.3603660403123033,0.416121916560107,0
Adugodi,0.2696140092028845,0.0681289041426261,0.3243844383046777,0.4595344027502327,0.24861062253726784,0
Adugodi,0.6311001785017494,0.0681289041426261,0.3046971949887048,0.561515549706443,0.3864905051721075,0
Adugodi,0.3339449725748305,0.0681289041426261,0.3158356676917152,0.24794151822259472,0.23767777291571077,0
Adugodi,0.5074289505360923,0.0681289041426261,0.30129928424282554,0.40330859182150713,0.31879494955221127,0
Adugodi,0.38613791312604745,0.0681289041426261,0.21353564031891817,0.5183203024201234,0.27604211426370656,0
Banasawadi,0.529787642971476,0.06791086948341385,0.08644929085567027,0.1553224694314449,0.24638716447089154,0
Banasawadi,0.37081201570747974,0.06791086948341385,0.11812060514111877,0.3462868151026024,0.22572460963625618,0
Banasawadi,0.4230924870149375,0.06791086948341385,0.07122823267044964,0.44364294877797883,0.24924772015103905,0
Banasawadi,0.43687885063492604,0.06791086948341385,0.13784879685393786,0.15565257287441595,0.2241985038691982,0
Banasawadi,0.2963756144844002,0.06791086948341385,0.1642009391336691,0.4417274702218158,0.22320403427457042,0
Banasawadi,0.29806505969735175,0.06791086948341385,0.2186328092949407,0.19011634006058464,0.1969400446071731,0
Banasawadi,0.6608165316558618,0.06791086948341385,0.21575894749638252,0.2673277822800669,0.33491000376586233,0
Banasawadi,0.3399820683875272,0.06791086948341385,0.7823807068531932,0.15417570513600973,0.31896948192169877,0
Banasawadi,0.16256178502074847,0.06791086948341385,0.18713274013689477,0.487503724132401,0.18782199224952523,0
Banasawadi,0.5261591869542983,0.06791086948341385,0.37955370662044735,0.23872487388623193,0.31624844868605284,0
Banasawadi,0.22703630674083225,0.06791086948341385,0.4268009868074909,0.2750105645341404,0.2264477502459347,0
Banasawadi,0.2678895731962812,0.06791086948341385,0.3956763671864358,0.3811860885930946,0.2504477981899739,0
Banasawadi,0.4464040232244014,0.06791086948341385,0.3205511766237218,0.6378078597363586,0.3363960832587628,0
Banasawadi,0.5686675490545979,0.06791086948341385,0.20978408816598654,0.5718238876953536,0.34713730380163377,0
Banasawadi,0.2631248448761898,0.06791086948341385,0.3458275951111994,0.34755909317344785,0.23376633954994766,0
Banasawadi,0.12776390143660765,0.06791086948341385,0.11786572616798119,0.04926807512940864,0.09605398285084436,0
Banasawadi,0.47172397909281755,0.06791086948341385,0.6689274409936792,0.33687440996203893,0.3697933032205519,0
Banasawadi,0.2733682138268596,0.06791086948341385,0.12510382826553912,0.2591699341252137,0.1799483914563149,0
Banasawadi,0.1670589425563458,0.06791086948341385,0.25999679257871056,0.6976067707803483,0.23548426487253954,0
Banasawadi,0.45230979269185023,0.06791086948341385,0.42522218336616624,0.41279889339266096,0.32564595896930415,0
Banasawadi,0.41566888770265026,0.06791086948341385,0.15485333459439055,0.24313245157430902,0.23329790619597623,0
Banasawadi,0.2172032858039517,0.06791086948341385,0.356405676622639,0.15540856493146094,0.1909868309406542,0
Banasawadi,0.13673537562257637,0.06791086948341385,0.2932946102332023,0.5463266994249396,0.2088385692733073,0
Banasawadi,0.22083455633359875,0.06791086948341385,0.05361910427945144,0.45054766766995064,0.1759713265681666,0
Banasawadi,0.3967168488070859,0.06791086948341385,0.5052692921584675,0.3686950758678492,0.3155822777393751,0
Banasawadi,0.300562315824318,0.06791086948341385,0.18428389252478938,0.786616981232451,0.280419397073361,0
Banasawadi,0.535004795214374,0.06791086948341385,0.7399662079671452,0.30363361485087204,0.4011632229911149,0
Banasawadi,0.44918116501158534,0.06791086948341385,0.6234054621019414,0.05819591061821493,0.31099714761219954,0
Banasawadi,0.2596964143717023,0.06791086948341385,0.1371981234772565,0.31349503665359374,0.18573088606861032,0
Banasawadi,0.6300271012726263,0.06791086948341385,0.5752090974427433,0.32422467212300693,0.40455826659744304,0
Banasawadi,0.5331732254358127,0.06791086948341385,0.4821387439126828,0.19456726189015555,0.3325967278136185,0
Banasawadi,0.44505487032280266,0.06791086948341385,0.47420068251989533,0.3416815153200469,0.3222348292599912,0
Banasawadi,0.5752809513570785,0.06791086948341385,0.1377715560515651,0.47543918197225654,0.3205917823261531,0
Banasawadi,0.7371194433434898,0.06791086948341385,0.06527248836954927,0.5426844437254444,0.3728222302479721,0
Banasawadi,0.0,0.06791086948341385,0.08703442805829092,0.48520900773011894,0.11056149761620018,0
Banasawadi,0.6727096542305757,0.06791086948341385,0.651168536628441,0.30393484053539765,0.43164557323172353,0
Banasawadi,0.39378901793335874,0.06791086948341385,0.42330073086843123,0.36063039177242545,0.29695412206124977,0
Banasawadi,0.2753424873579524,0.06791086948341385,0.5970969779699034,0.41679957286712205,0.2986824629443565,0
Banasawadi,0.2758140011161122,0.06791086948341385,0.6653145488065033,0.5540757707098058,0.33308243660343495,0
Banasawadi,0.12434787243197404,0.06791086948341385,0.22896806032102324,0.7810518553177203,0.22684640655807775,0
Banasawadi,0.329186858293389,0.06791086948341385,0.20591522294577214,0.2210209416773423,0.20992484708846607,0
Banasawadi,0.42239964818861064,0.06791086948341385,0.26160426306184287,0.2723350647817099,0.26138425004066296,0
Banasawadi,0.28175543722240515,0.06791086948341385,0.16258577055731058,0.32160542017900323,0.19974563101117856,0
Banasawadi,0.600211645692713,0.06791086948341385,0.20253838376273472,0.07963853902835503,0.2829007944442739,0
Banasawadi,0.3789474699160608,0.06791086948341385,0.38960791291994185,0.46818842639818203,0.3011547218593611,0
Banasawadi,0.5889842725388568,0.06791086948341385,0.44743128619895667,0.3265031292861325,0.3649794828663352,0
Banasawadi,0.5949024195599293,0.06791086948341385,0.08170595942276408,0.24280754717064895,0.28135143165114956,0
Banasawadi,0.4716274942440507,0.06791086948341385,0.3640237529953892,0.25095285249666244,0.2958905623040191,0
Banasawadi,0.37916029612415386,0.06791086948341385,0.48077656943836133,0.18762567616231626,0.2773785298004977,0
Banasawadi,0.3316826123365318,0.06791086948341385,0.2759051625407704,0.14131010219860093,0.21283972300075452,0
City Market,0.31530867541005475,0.06785578140333111,0.3337060116175246,0.494345013948727,0.2716077252303325,0
City Market,0.42955715208794587,0.06785578140333111,0.21377928683946532,0.22885441029306014,0.24778575656363244,0
City Market,0.8410672315902992,0.06785578140333111,0.22264653385935176,0.43372110978504697,0.4243177387172314,0
City Market,0.8483601676937986,0.06785578140333111,0.38885813306620753,0.11210582232436182,0.4118702930757246,0
City Market,0.0,0.06785578140333111,0.13774904789384534,0.4366926694749104,0.11341044442100497,0
City Market,0.484192896246919,0.06785578140333111,0.30344547385100806,0.5131470829904825,0.32748540532619497,0
City Market,0.48661464770113333,0.06785578140333111,0.16010168593081436,0.2653185487985056,0.2624899806223347,0
City Market,0.5971987376632379,0.06785578140333111,0.3351452963375347,0.3265369814732945,0.3453858990916337,0
City Market,0.4941491565662022,0.06785578140333111,0.584091556951233,0.1639345932262503,0.33471743959335426,0
City Market,0.41110178520579643,0.06785578140333111,0.13465286803635285,0.4328667770675498,0.2561029494104311,0
City Market,0.5245332032856941,0.06785578140333111,0.1646813951266437,0.5986297558278095,0.3266740979704924,0
City Market,0.7356921181364683,0.06785578140333111,0.1270503540575841,0.11702394947524503,0.32081263900156676,0
City Market,0.6502352410318113,0.06785578140333111,0.11943188828711887,0.2951992766688689,0.3161053379398874,0
City Market,0.3436925219234915,0.06785578140333111,0.5376764119521835,0.40352307460075576,0.3087128606747714,0
City Market,0.6468768229484873,0.06785578140333111,0.13318259408009467,0.19782250102906387,0.30307351642334834,0
City Market,0.4571097988616396,0.06785578140333111,0.32456054103362275,0.4973059428712691,0.3198531636599881,0
City Market,0.16305522659453195,0.06785578140333111,0.29279215216927407,0.5701063798468807,0.2215004511399724,0
City Market,0.0855178400232477,0.06785578140333111,0.11595744855423411,0.10211244949604976,0.08879633556439032,0
City Market,0.5192089647663582,0.06785578140333111,0.1667140127212249,0.6305728220900402,0.33000859794697573,0
City Market,0.4381502466111349,0.06785578140333111,0.10993148570707248,0.313189580732847,0.2426740549862381,0
City Market,0.559894177820787,0.06785578140333111,0.26787350055579295,0.6477882799502224,0.36706263876196676,0
City Market,0.32081382762350263,0.06785578140333111,0.25488362995400593,0.13761704172200645,0.2042608563383274,0
City Market,0.2658625097306273,0.06785578140333111,0.217256820263061,0.19959108920502552,0.1867986402600849,0
City Market,0.4211328630101926,0.06785578140333111,0.2227708850558228,0.0625163756837732,0.22168486983829727,0
City Market,0.2114839558541988,0.06785578140333111,0.14899024002846292,0.4816380233949422,0.19641987048490284,0
City Market,0.36011564182481004,0.06785578140333111,0.6666932610930139,0.25821653912524783,0.3184683421470728,0
City Market,0.4307134810608432,0.06785578140333111,0.36479609914006805,0.17667975054634516,0.2705676352022598,0
City Market,0.11966787237085119,0.06785578140333111,0.41037282005762626,0.1649341789891864,0.16905518061070046,0
City Market,0.3007057582523704,0.06785578140333111,0.2226936716768616,0.62573664918991,0.2640029815231878,0
City Market,0.32261805685129913,0.06785578140333111,0.22171443707733865,0.5093415349275792,0.2540171719735586,0
City Market,0.38608102434635344,0.06785578140333111,0.13182468411242582,0.4156695576674722,0.24420046341482904,0
City Market,0.5229404165604614,0.06785578140333111,0.13360018765220202,0.39189146935307706,0.2888896381505628,0
City Market,0.6147960543310099,0.06785578140333111,0.16301151074304218,0.10564734714785368,0.2839847576576393,0
City Market,0.2567489623860502,0.06785578140333111,0.3755948362734252,0.6301840593831721,0.27986544741827774,0
City Market,0.42167200164555335,0.06785578140333111,0.21991780598042743,0.07420221551164341,0.22305582851977498,0
City Market,0.08020659867832719,0.06785578140333111,0.05737680510459715,0.38545912808213917,0.11772327419165415,0
City Market,0.3639627275820637,0.06785578140333111,0.4940939147150071,0.2895996879026428,0.2900024252031195,0
City Market,0.31125036792723937,0.06785578140333111,0.45940638001788064,0.28229898825912,0.26352048743797724,0
City Market,0.49143450086096546,0.06785578140333111,0.4393363495157291,0.5293440555525953,0.35962768795837236,0
City Market,0.24114516520860232,0.06785578140333111,0.178894114709767,0.46354938306489135,0.21006877264569723,0
City Market,0.44864203248945533,0.06785578140333111,0.131002962922244,0.10723466400815948,0.2196672379779814,0
City Market,0.5911141522550798,0.06785578140333111,0.19877670190948843,0.3836363585150654,0.3245474818694347,0
City Market,0.41251689102869504,0.06785578140333111,0.5192170843059712,0.34890572672972914,0.3209169221516962,0
City Market,0.4591455344860145,0.06785578140333111,0.4507391344065966,0.2895235461918316,0.3146340303011984,0
City Market,0.4629566299622967,0.06785578140333111,0.37206865746210005,0.5312305160953185,0.33648986381452095,0
City Market,0.2864366459774914,0.06785578140333111,0.210785827033457,0.4822136527224009,0.23509877382817285,0
City Market,0.36220710251940674,0.06785578140333111,0.280817807539277,0.1838724038442379,0.23087364238728275,0
City Market,0.6589478349420401,0.06785578140333111,0.40365175691931177,0.3176130642085941,0.3793607876658648,0
City Market,0.6552733122360948,0.06785578140333111,0.16377477489463843,0.3838953641706861,0.3400416533081631,0
City Market,0.782686544180188,0.06785578140333111,0.38675498481005566,0.24781311292127878,0.40881998878426806,0
Micolayout,0.0,0.06743407493076159,0.309882499713294,0.24823107146070952,0.11944138314099371,0
Micolayout,0.631024250444444,0.06743407493076159,0.26137252407989175,0.4563664513485581,0.36181818265304594,0
Micolayout,0.4758184963778025,0.06743407493076159,0.1211515444547091,0.48882102236016856,0.28432015845642644,0
Micolayout,0.47464948809378227,0.06743407493076159,0.3465220427282911,0.44528869511920194,0.32245525612559073,0
Micolayout,0.06257069880503713,0.06743407493076159,0.17562197473719873,0.6697902576794204,0.17772290066034427,0
Micolayout,0.1521090306507692,0.06743407493076159,0.5239611330941123,0.0889256008910955,0.19159944995948447,0
Micolayout,0.41229841071211887,0.06743407493076159,0.16872731037670866,0.4921505983554346,0.272102718057127,0
Micolayout,0.5077060891771201,0.06743407493076159,0.2749121489667151,0.17524364911647436,0.2791963308520347,0
Micolayout,0.7040413898463359,0.06743407493076159,0.7411870937671025,0.46347150074529625,0.484402852790661,0
Micolayout,0.36431926967638384,0.06743407493076159,0.28312791272090976,0.24510749007181476,0.241133672920917,0
Micolayout,0.6304049998969662,0.06743407493076159,0.4346041528432604,0.11578554206875422,0.34516063432213184,0
Micolayout,0.40201298620927045,0.06743407493076159,0.084099111460767,0.1771626068570852,0.2043289809731893,0
Micolayout,0.0,0.06743407493076159,0.6024022498443008,0.46706772898655724,0.2107708317960722,0
Micolayout,0.5935674910792683,0.06743407493076159,0.10083109860453317,0.7643759472520611,0.36280145616568815,0
Micolayout,0.24200477958046449,0.06743407493076159,0.23589425238487108,0.24416647298249608,0.18873571675673964,0
Micolayout,0.2911342175489466,0.06743407493076159,0.3883341481222925,0.5317260693957371,0.27955293865517883,0
Micolayout,0.33640371239185074,0.06743407493076159,0.32874011027954547,0.4111553008524173,0.26539283900014793,0
Micolayout,0.6682603872090227,0.06743407493076159,0.1529555663225606,0.11732565147907642,0.30231131898876,0
Micolayout,0.2597749507508938,0.06743407493076159,0.16923138760820755,0.556094780601805,0.22841194985395352,0
Micolayout,0.5954727485669448,0.06743407493076159,0.4789497437559278,0.21458103689366967,0.35662278876289516,0
Micolayout,0.686190433446235,0.06743407493076159,0.2632549011584897,0.3578000581546304,0.3667178631403032,0
Micolayout,0.36989219743777707,0.06743407493076159,0.04465038618565502,0.1713603828734747,0.18432662625060267,0
Micolayout,0.4400020459148491,0.06743407493076159,0.1214298003193549,0.38551557718879664,0.25634423519161614,0
Micolayout,0.3253589799360738,0.06743407493076159,0.24665941808080732,0.42020580102157545,0.24646861922625207,0
Micolayout,0.12337033122332791,0.06743407493076159,0.2037809180586576,0.5003994624199418,0.17922594138211603,0
Micolayout,0.642069726263391,0.06743407493076159,0.2656307851331442,0.49524974485945206,0.37236824542696195,0
Micolayout,0.3048145471984216,0.06743407493076159,0.5228089021080726,0.4280215023190812,0.29568031976815273,0
Micolayout,0.3436984114608819,0.06743407493076159,0.21477231588375928,0.15754215107314934,0.2071104523282614,0
Micolayout,0.39331691716696116,0.06743407493076159,0.4493296401386338,0.45344384252126946,0.31577364789358203,0
Micolayout,0.37858854376682133,0.06743407493076159,0.326168504664503,0.4533209954921306,0.2859680630543361,0
Micolayout,0.26448053862749266,0.06743407493076159,0.454043813764921,0.2969170514883072,0.2481447314750812,0
Micolayout,0.44248845806528797,0.06743407493076159,0.5492081860399737,0.06637448391932241,0.29489899259797236,0
Micolayout,0.09219534165502852,0.06743407493076159,0.39588711730015325,0.37105075206830157,0.18733362832876432,0
Micolayout,0.237054446990322,0.06743407493076159,0.20271432802539446,0.43148463874282494,0.2084648403423438,0
Micolayout,0.13826338836675411,0.06743407493076159,0.16438762269106386,0.2606743953641772,0.14060109225043177,0
Micolayout,0.5254285247780568,0.06743407493076159,0.36406537143349016,0.5333683523334497,0.3569485332882638,0
Micolayout,0.31038547401431416,0.06743407493076159,0.40796459415652675,0.6288413842568082,0.304784264854065,0
Micolayout,0.6685643763850609,0.06743407493076159,0.19007603446699017,0.37393383174541195,0.3483330358692096,0
Micolayout,0.0,0.06743407493076159,0.39497363201580377,0.06472484197140313,0.1089336751780997,0
Micolayout,0.0,0.06743407493076159,0.21778469487032545,0.5152013963591963,0.14106737090717303,0
Micolayout,0.13028244073546463,0.06743407493076159,0.12311282038256717,0.40507926322379184,0.1512135302967233,0
Micolayout,0.4888853691091629,0.06743407493076159,0.4860675345918819,0.4165840221409647,0.3510412119069566,0
Micolayout,0.5409659104024072,0.06743407493076159,0.6696402804871079,0.09756920535067512,0.35813172802009385,0
Micolayout,0.42167849861138323,0.06743407493076159,0.2305960951979959,0.17187425052690544,0.23971805361184761,0
Micolayout,0.3578490846851982,0.06743407493076159,0.524754549327163,0.27794165722105796,0.29211956056763916,0
Micolayout,0.5005737538113385,0.06743407493076159,0.08175064872393237,0.5600395794052738,0.2957871029687745,0
Micolayout,0.22800055758079843,0.06743407493076159,0.6201568027547179,0.08407654463376599,0.2366732598785164,0
Micolayout,0.0,0.06743407493076159,0.1630084882981444,0.17510331052527264,0.07909741671764825,0
Micolayout,0.3809401318539219,0.06743407493076159,0.3637280919545054,0.28482266709262166,0.26902828708289545,0
Micolayout,0.6178605850442092,0.06743407493076159,0.41195723140033663,0.4691317658686163,0.38924263840506146,0
Malleshwaram,0.3919698515265833,0.06669001484014159,0.585974475636404,0.2919532184196944,0.31818433037658167,0
Malleshwaram,0.3940063820209367,0.06669001484014159,0.3158982536486401,0.2519067949418643,0.258874908130378,0
Malleshwaram,0.8296885230809579,0.06669001484014159,0.31937908103900003,0.5622944535684122,0.45861797177343955,0
Malleshwaram,0.419640493906253,0.06669001484014159,0.29097773192489407,0.41608913797600294,0.2874900944006103,0
Malleshwaram,0.23623078733671982,0.06669001484014159,0.4784798694139578,0.5785371875035852,0.2851643320282238,0
Malleshwaram,0.4338858955946608,0.06669001484014159,0.0923364393706715,0.6011678083538127,0.28050952703737997,0
Malleshwaram,0.3554440649611831,0.06669001484014159,0.3862914451367446,0.19620557979436434,0.25110155318496014,0
Malleshwaram,0.19285223984519556,0.06669001484014159,0.19043107308148854,0.03337111785631179,0.1305971706926054,0
Malleshwaram,0.30563886571291676,0.06669001484014159,0.3094253690823062,0.32269929232664246,0.23727057511702096,0
Malleshwaram,0.6106360166951724,0.06669001484014159,0.3889852061906818,0.08505763579838008,0.3242852969032462,0
Malleshwaram,0.31255231540629874,0.06669001484014159,0.13631466952116053,0.3350404506921172,0.2069193163522967,0
Malleshwaram,0.30563487514245646,0.06669001484014159,0.16131546297565533,0.536446525108819,0.23970928211335618,0
Malleshwaram,0.4172741297684309,0.06669001484014159,0.08170231288708824,0.22898477597360103,0.21674112884445107,0
Malleshwaram,0.573217614301577,0.06669001484014159,0.3016209470184853,0.5337572360707848,0.3610209442719092,0
Malleshwaram,0.5809836182031487,0.06669001484014159,0.2571624331376917,0.35654895156604793,0.32826610018559005,0
Malleshwaram,0.5353390957553873,0.06669001484014159,0.20735791957676367,0.326338470460144,0.2977980424508024,0
Malleshwaram,0.2738269336346692,0.06669001484014159,0.3056113221001977,0.23529060799265075,0.21226228684311382,0
Malleshwaram,0.6222207182326301,0.06669001484014159,0.445908732037975,0.38944270438456047,0.3853824078987421,0
Malleshwaram,0.0,0.06669001484014159,0.25919599009511196,0.5318263515078493,0.15162015519724226,0
Malleshwaram,0.5065622955610455,0.06669001484014159,0.3734510071394146,0.14584399085090521,0.2938706079539271,0
Malleshwaram,0.48764762675787765,0.06669001484014159,0.3344916253435568,0.5234107117841007,0.3360936056536261,0
Malleshwaram,0.3797137438462894,0.06669001484014159,0.4194980316582442,0.34654814307427767,0.28878864259103426,0
Malleshwaram,0.43123522087726474,0.06669001484014159,0.24461252481147328,0.5097226379013116,0.2963202324065765,0
Malleshwaram,0.36695626015627036,0.06669001484014159,0.24576474398722994,0.28885351353071737,0.24092267133379072,0
Malleshwaram,0.41111643099156725,0.06669001484014159,0.3525699809617946,0.3145864273133933,0.2815997155884589,0
Malleshwaram,0.44905165604327213,0.06669001484014159,0.27372107297289305,0.15576665917187763,0.255284297537548,0
Malleshwaram,0.252069121823218,0.06669001484014159,0.5329420313717896,0.30862955474617076,0.2611140365764523,0
Malleshwaram,0.623217618237098,0.06669001484014159,0.5858578870050396,0.23677575533730832,0.39082111153663096,0
Malleshwaram,0.5413784589393629,0.06669001484014159,0.6767479996551006,0.3851530178553438,0.40261201769014116,0
Malleshwaram,0.35925040790625723,0.06669001484014159,0.5444416435525513,0.5918162676235189,0.3434054160732706,0
Malleshwaram,0.5689787927539097,0.06669001484014159,0.2847752930472489,0.2137037928992406,0.30816020946024675,0
Malleshwaram,0.6614708680631436,0.06669001484014159,0.06559136684754034,0.3752460921025059,0.32092699545902664,0
Malleshwaram,0.4155404270141284,0.06669001484014159,0.2600267138929011,0.13343488761748498,0.23746672982819036,0
Malleshwaram,0.3673465018092319,0.06669001484014159,0.2331147140407413,0.3793597689722017,0.25210518823925215,0
Malleshwaram,0.4868663216018401,0.06669001484014159,0.6790662300400292,0.1974855282350812,0.35584629225595454,0
Malleshwaram,0.20802694046231154,0.06669001484014159,0.48341637817615535,0.34058139706882623,0.24058691880940652,0
Malleshwaram,0.7142893021094476,0.06669001484014159,0.40608857206556614,0.06750586703153293,0.3613518546581923,0
Malleshwaram,0.4219769660184449,0.06669001484014159,0.34185159357413586,0.33980870638526633,0.28704056723111526,0
Malleshwaram,0.33464803288454037,0.06669001484014159,0.4069848350621399,0.42618980208407486,0.2824592532866708,0
Malleshwaram,0.24457795937662993,0.06669001484014159,0.45985237681352276,0.6254788183480664,0.2914015883487775,0
Malleshwaram,0.2803260392790795,0.06669001484014159,0.47274806968186966,0.1094104662736485,0.2290823020771415,0
Malleshwaram,0.42890811921676075,0.06669001484014159,0.6536921102145574,0.19636884149365447,0.3303185944448684,0
Malleshwaram,0.33499473946205177,0.06669001484014159,0.32592873019813284,0.24818415627819576,0.2396685327451165,0
Malleshwaram,0.033804396912921364,0.06669001484014159,0.2973505575147022,0.33193188904758375,0.14109843823164295,0
Malleshwaram,0.6617309092396,0.06669001484014159,0.4202547289179204,0.35756301921059813,0.3892982213510763,0
Malleshwaram,0.02294295111735467,0.06669001484014159,0.1173154700517745,0.4800412657602046,0.1235063212175022,0
Malleshwaram,0.3416401721906088,0.06669001484014159,0.20389954721887193,0.14072921317782913,0.2014703561392043,0
Malleshwaram,0.20817128346675473,0.06669001484014159,0.19446199877476808,0.502316614723192,0.20710684562883902,0
Malleshwaram,0.4416730799848214,0.06669001484014159,0.6350757520822735,0.5254865416027563,0.3804307141035981,0
Malleshwaram,0.42822562791827545,0.06669001484014159,0.22882601674268677,0.25451962301391134,0.2538291210240629,0
HSR Layout,0.342128909212201,0.06666464069453801,0.2542227325363171,0.35507669517211005,0.24385056121571166,0
HSR Layout,0.5080235336539078,0.06666464069453801,0.6936543629023416,0.3625389303934915,0.3909193411267212,0
HSR Layout,0.12040007113299045,0.06666464069453801,0.2940431447674686,0.3772023665358978,0.17752840103878645,0
HSR Layout,0.3292459997644882,0.06666464069453801,0.21360537723388884,0.4936650396568859,0.25200632352124297,0
HSR Layout,0.6694761552527647,0.06666464069453801,0.06258458937523373,0.39332435219956496,0.32583161725181053,0
HSR Layout,0.3101648352881478,0.06666464069453801,0.09253275757362131,0.2699659536071547,0.1875585291150106,0
HSR Layout,0.0,0.06666464069453801,0.2830446356695489,0.3642431956676836,0.13124479869242373,0
HSR Layout,0.6282299500949017,0.06666464069453801,0.4928173625254544,0.6156589525044764,0.4307921901223393,0
HSR Layout,0.3622850933019302,0.06666464069453801,0.4826294702591608,0.43619151103859255,0.308753795571658,0
HSR Layout,0.15108145003305512,0.06666464069453801,0.5518688090163006,0.15606463782714122,0.20666135719726203,0
HSR Layout,0.4938693484828712,0.06666464069453801,0.08070619769166859,0.3389480470556713,0.25983711077405075,0
HSR Layout,0.40498657426557055,0.06666464069453801,0.1404338039133229,0.747021520472369,0.301884682054831,0
HSR Layout,0.4466720645370382,0.06666464069453801,0.2387167501392925,0.2055378385269721,0.2549086406032291,0
HSR Layout,0.4549969400351004,0.06666464069453801,0.117444858564205,0.5165609133013171,0.28022142992868515,0
HSR Layout,0.6714528297305714,0.06666464069453801,0.17769301286810596,0.03456452988337553,0.2957311646701889,0
HSR Layout,0.22148583865719598,0.06666464069453801,0.24489501824690044,0.3959816709824461,0.20589569003512698,0
HSR Layout,0.3582214737465068,0.06666464069453801,0.5031644581236002,0.427161549156008,0.31008403201776,0
HSR Layout,0.4874315170140663,0.06666464069453801,0.14807227782741753,0.13952053145332277,0.2411429584467665,0
HSR Layout,0.6207205351344719,0.06666464069453801,0.6299463421861919,0.38153202398913977,0.4204706515410359,0
HSR Layout,0.36627361062492375,0.06666464069453801,0.36868225573989943,0.6271289198970091,0.31600094505961596,0
HSR Layout,0.015938219887554617,0.06666464069453801,0.4437328506254581,0.23190430646238186,0.14910998526345443,0
HSR Layout,0.5364538888940404,0.06666464069453801,0.055787481190580135,0.2809849211719744,0.2610634877351877,0
HSR Layout,0.46148405022992556,0.06666464069453801,0.3554782895249501,0.2873672716253136,0.2957195584376224,0
HSR Layout,0.12751598021134114,0.06666464069453801,0.5542182641636296,0.3861788252599343,0.23340046190404687,0
HSR Layout,0.3296703668624147,0.06666464069453801,0.4064995650284451,0.5441232394394308,0.29830241953181014,0
HSR Layout,0.30551296564949304,0.06666464069453801,0.24784337415244703,0.4060210716478063,0.23740076576334432,0
HSR Layout,0.10433191492850308,0.06666464069453801,0.25779049285688854,0.20592885275203707,0.13896298891752074,0
HSR Layout,0.7345363064029671,0.06666464069453801,0.33579449339921424,0.22968486635161695,0.37869872808198524,0
HSR Layout,0.44300454703965797,0.06666464069453801,0.21707327336452467,0.327773455636863,0.2676316566906761,0
HSR Layout,0.4620571315446392,0.06666464069453801,0.26063092111404457,0.23756328629796988,0.2694800654164895,0
HSR Layout,0.5771679745357529,0.06666464069453801,0.12969512918065987,0.5336907287978273,0.32800081845168094,0
HSR Layout,0.26419758202006516,0.06666464069453801,0.15634867690286858,0.28260794537139466,0.1861294731016671,0
HSR Layout,0.7243642652969509,0.06666464069453801,0.4774505689138741,0.44304741129473446,0.43547411053927915,0
HSR Layout,0.6094589378212409,0.06666464069453801,0.32558072137796046,0.287385487190027,0.34153398779989186,0
HSR Layout,0.26575072904152547,0.06666464069453801,0.46574318477542187,0.17615354800556193,0.23258381652881396,0
HSR Layout,0.242052016573635,0.06666464069453801,0.34044708037108645,0.2560113611295447,0.21120871825278265,0
HSR Layout,0.3280879899882853,0.06666464069453801,0.5563643200329424,0.40324996554929793,0.30659054754324444,0
HSR Layout,0.0,0.06666464069453801,0.47533063496811145,0.5029833619735635,0.19051302349801824,0
HSR Layout,0.24377674377796438,0.06666464069453801,0.029085498608989936,0.5143289350708151,0.1882876925130692,0
HSR Layout,0.3505826154628062,0.06666464069453801,0.24292763719034272,0.06718130924907703,0.20136603144577364,0
HSR Layout,0.2120981004271324,0.06666464069453801,0.2928087684570356,0.41343460083186134,0.21481067117404407,0
HSR Layout,0.37586669989178545,0.06666464069453801,0.5919742799153429,0.48715553873515927,0.34302092396382877,0
HSR Layout,0.0,0.06666464069453801,0.12105480842835775,0.5400469732981665,0.12521739988875794,0
HSR Layout,0.289756686992369,0.06666464069453801,0.3654109075682128,0.1717243825774231,0.22025507155594656,0
HSR Layout,0.2384356210930754,0.06666464069453801,0.07326266608997237,0.19397098951162295,0.1472000412356757,0
HSR Layout,0.25776245118412705,0.06666464069453801,0.21854913756425634,0.30287576460848153,0.19935744232692937,0
HSR Layout,0.45269003792074647,0.06666464069453801,0.41329679904620764,0.5638268386744545,0.34567429109103237,0
HSR Layout,0.3033736658298928,0.06666464069453801,0.510770221125385,0.58412746783134,0.31595333964860184,0
HSR Layout,0.28820830190448987,0.06666464069453801,0.36960283364737606,0.2718709468390087,0.23557350663025936,0
HSR Layout,0.22899448478969547,0.06666464069453801,0.3127257525896988,0.23342915674995615,0.197706985915188,0
K S Layout,0.42927255660380176,0.06664158427932204,0.34206504521319364,0.20030991153402178,0.2686973658678692,0
K S Layout,0.4106517597121435,0.06664158427932204,0.54962338288845,0.2747765954157504,0.3148617570730994,0
K S Layout,0.34787438546087096,0.06664158427932204,0.4723381481437216,0.48329034050077296,0.3087096908989617,0
K S Layout,0.5733792924487856,0.06664158427932204,0.185632181145242,0.3840800846729723,0.3154136765708658,0
K S Layout,0.5896907266339666,0.06664158427932204,0.4001687626402796,0.31936383669169177,0.3543225576374946,0
K S Layout,0.121195368249289,0.06664158427932204,0.3004030838840965,0.25078939122845345,0.16010987963213508,0
K S Layout,0.1061129935914919,0.06664158427932204,0.3485529609606109,0.7018136239191359,0.23211465882081134,0
K S Layout,0.57854251294773,0.06664158427932204,0.22098475779767618,0.3383259137512095,0.3174281934377188,0
K S Layout,0.27320385829698624,0.06664158427932204,0.08981784739613666,0.24038702191752456,0.1696354484545978,0
K S Layout,0.3614266223091621,0.06664158427932204,0.23891062130698382,0.1709581552125662,0.21991764063528504,0
K S Layout,0.17622770083137096,0.06664158427932204,0.7294109731811317,0.19617642313283384,0.25698082868092786,0
K S Layout,0.5605044642338903,0.06664158427932204,0.5852886715990531,0.5751099980244084,0.4194932717891301,0
K S Layout,0.2748866996976743,0.06664158427932204,0.470103700083708,0.18534337975857562,0.23802506715851054,0
K S Layout,0.4067436221289761,0.06664158427932204,0.4513003161819914,0.1420186347838556,0.2739156014829149,0
K S Layout,0.23463585590114958,0.06664158427932204,0.36654947006186456,0.41377596264292377,0.23749131325801043,0
K S Layout,0.4470556961949516,0.06664158427932204,0.5075336453988207,0.6134000817703504,0.36997871029734636,0
K S Layout,0.25671239349582864,0.06664158427932204,0.6279117896972117,0.21544064519244163,0.26774026772564524,0
K S Layout,0.20601567248215427,0.06664158427932204,0.7667786937764437,0.4881756773022526,0.3186800510031772,0
K S Layout,0.40459695009953545,0.06664158427932204,0.15449155171790702,0.7310271894600608,0.30215379658122454,0
K S Layout,0.4590053281097595,0.06664158427932204,0.15999858029429875,0.20774351407842417,0.2438055832928358,0
K S Layout,0.39657526077190697,0.06664158427932204,0.3109656202391003,0.2474912033248013,0.2581106211005043,0
K S Layout,0.23636990278517742,0.06664158427932204,0.322435159770184,0.3503769074321229,0.21976550932746391,0
K S Layout,0.3871328287678337,0.06664158427932204,0.379699695744662,0.28255943139747536,0.27381281921109213,0
K S Layout,0.45272720784717035,0.06664158427932204,0.27042005131484703,0.4322238742832635,0.29736458943576516,0
K S Layout,0.27078336649313484,0.06664158427932204,0.409306154768315,0.07133614457034312,0.20732830619560827,0
K S Layout,0.2590923848491579,0.06664158427932204,0.5903860508076315,0.33511007983974744,0.2790185321184903,0
K S Layout,0.1422308344309127,0.06664158427932204,0.33648494359341474,0.4832471049195872,0.2095573217912371,0
K S Layout,0.1505191879812207,0.06664158427932204,0.33501778895419976,0.3552539777064284,0.19296584552402807,0
K S Layout,0.883451594754808,0.06664158427932204,0.31040584667568855,0.3996094163899564,0.4512231152416106,0
K S Layout,0.0,0.06664158427932204,0.1709789420035583,0.2524571185344867,0.09205683146468127,0
K S Layout,0.5117430974811279,0.06664158427932204,0.3243299903516734,0.5443912220609508,0.3456272407816686,0
K S Layout,0.48774948030265075,0.06664158427932204,0.3991768540509873,0.4936219023075298,0.3445834495460513,0
K S Layout,0.4197318308443306,0.06664158427932204,0.7343199668539909,0.32673746263540376,0.362773228845421,0
K S Layout,0.29183236100730703,0.06664158427932204,0.4201551877448451,0.33471247856995584,0.25637171097081646,0
K S Layout,0.26292298099875944,0.06664158427932204,0.5111273692014415,0.2980486999737964,0.25894829746972015,0
K S Layout,0.26044466520363474,0.06664158427932204,0.4109737827317515,0.4237109102285244,0.2568995011856977,0
K S Layout,0.31500960000794515,0.06664158427932204,0.365898670759707,0.5201533388349059,0.2814485702637547,0
K S Layout,0.604036092775587,0.06664158427932204,0.15610474338639113,0.28367641760948087,0.3051775190739524,0
K S Layout,0.6939764637423205,0.06664158427932204,0.23469091998260122,0.6621255755529111,0.4091412579230657,0
K S Layout,0.6765421726152415,0.06664158427932204,0.35541442369364273,0.3739899092944231,0.38396360683202313,0
K S Layout,0.4066908594451859,0.06664158427932204,0.37466053823257656,0.7183385016772607,0.34501715898771607,0
K S Layout,0.4412670156010623,0.06664158427932204,0.25696991578335876,0.49111285831761053,0.29949684264848175,0
K S Layout,0.4707255441109317,0.06664158427932204,0.30162830667754625,0.5377747398832176,0.32573828804061455,0
K S Layout,0.44329136789043616,0.06664158427932204,0.48912370036085917,0.253759220284453,0.31103307716028905,0
K S Layout,0.4713399472355599,0.06664158427932204,0.43041862099792644,0.3825230985730479,0.32842364580178507,0
K S Layout,0.543467850475822,0.06664158427932204,0.33114825307897017,0.14328502415700992,0.29792862718967983,0
K S Layout,0.280513633492836,0.06664158427932204,0.37413522958944617,0.40199105302465155,0.25329795087787615,0
K S Layout,0.3980051060348385,0.06664158427932204,0.2713109173022234,0.625067789913618,0.30731661434347746,0
K S Layout,0.712754303707859,0.06664158427932204,0.042244124119856404,0.5300439850246133,0.35741190415921054,0
K S Layout,0.5486210870130588,0.06664158427932204,0.1535344357758217,0.22679978894490996,0.276736711235268,0
Shivajinagar,0.14281120511171388,0.06636881439586402,0.2745999520192493,0.377359603026138,0.18141849696562962,0
Shivajinagar,0.422196356596664,0.06636881439586402,0.47763297308626745,0.32021488610912957,0.3112381966612145,0
Shivajinagar,0.34383235728526695,0.06636881439586402,0.33971245615008155,0.23138902907698625,0.24290281496016689,0
Shivajinagar,0.5627280029786134,0.06636881439586402,0.34930601784081955,0.3289873457327536,0.33607475078935084,0
Shivajinagar,0.5540924897682126,0.06636881439586402,0.15144227741705488,0.4959040428509488,0.31851707764868686,0
Shivajinagar,0.2010189052779341,0.06636881439586402,0.2715936578192938,0.2627213326399626,0.18399419262588929,0
Shivajinagar,0.1597041145046109,0.06636881439586402,0.38002208497772244,0.369319896937079,0.20720948593147936,0
Shivajinagar,0.6078825544195992,0.06636881439586402,0.5005345233041919,0.3419020117517684,0.3840617447892225,0
Shivajinagar,0.37908303859621645,0.06636881439586402,0.1195061669007136,0.39603867891146755,0.2358967430442978,0
Shivajinagar,0.55320178237572,0.06636881439586402,0.22997891441351218,0.701437261018746,0.3647426401857755,0
Shivajinagar,0.5991636659936401,0.06636881439586402,0.4192739183041337,0.7059619799245787,0.41936700806604676,0
Shivajinagar,0.4058968981440936,0.06636881439586402,0.5922122432858498,0.26714859204267266,0.32048929613276284,0
Shivajinagar,0.3629375583991985,0.06636881439586402,0.2754936844060061,0.4642052770974851,0.27166831820430265,0
Shivajinagar,0.35740235210034704,0.06636881439586402,0.08089921770086883,0.5420528106963445,0.24248923269850609,0
Shivajinagar,0.1994640019950352,0.06636881439586402,0.10331876047622185,0.6988622725847877,0.21521613799998407,0
Shivajinagar,0.54890824426918,0.06636881439586402,0.29611996839586957,0.34501269659984896,0.3230044279821234,0
Shivajinagar,0.18295177100947635,0.06636881439586402,0.19501299475866699,0.47419510498049494,0.19407562887088356,0
Shivajinagar,0.4921843393435111,0.06636881439586402,0.10534170774522714,0.32763758387572184,0.2623891422193918,0
Shivajinagar,0.3277861548070469,0.06636881439586402,0.47463566699551896,0.3315154561326589,0.27929025032022825,0
Shivajinagar,0.32830923632694553,0.06636881439586402,0.30324331128199344,0.110614591957307,0.21205972808318488,0
Shivajinagar,0.47573527756103234,0.06636881439586402,0.3705257474517692,0.4777815132453892,0.33219036794228274,0
Shivajinagar,0.321266398188614,0.06636881439586402,0.06131544534444071,0.6830203678695107,0.24707002793408886,0
Shivajinagar,0.4237439923127765,0.06636881439586402,0.056991940077460196,0.35995798476546714,0.2336131273585431,0
Shivajinagar,0.4547799286393818,0.06636881439586402,0.804266809169161,0.2588480718342623,0.3787641919515144,0
Shivajinagar,0.259537139737374,0.06636881439586402,0.10274468228726961,0.19566566738252064,0.16064742979167212,0
Shivajinagar,0.41579277897497335,0.06636881439586402,0.5413866210641625,0.2849568958586038,0.31645897555162295,0
Shivajinagar,0.524019583989354,0.06636881439586402,0.23869584362995983,0.1727196838964564,0.2769646200254935,0
Shivajinagar,0.4792123992943034,0.06636881439586402,0.29345148879055355,0.39607577928636306,0.3057366487228306,0
Shivajinagar,0.6390000019729837,0.06636881439586402,0.6337069395317484,0.2011996771332868,0.40048198448564615,0
Shivajinagar,0.09700726799881726,0.06636881439586402,0.10516486581013287,0.05216575761581719,0.0827210249227444,0
Shivajinagar,0.3052564182487941,0.06636881439586402,0.20744633390100772,0.6421893394180491,0.2645680583987461,0
Shivajinagar,0.6284075732761827,0.06636881439586402,0.2506318494329151,0.06311418909690567,0.299446793216542,0
Shivajinagar,0.14003811424637855,0.06636881439586402,0.3390232645036318,0.15515129409257516,0.1600013313196043,0
Shivajinagar,0.6123606289141248,0.06636881439586402,0.23898977462934995,0.23978344405338944,0.31800233597258126,0
Shivajinagar,0.30359846377501737,0.06636881439586402,0.5172085661004836,0.4367226249961348,0.2951202136095322,0
Shivajinagar,0.6270378415853921,0.06636881439586402,0.10635282016328836,0.20459003568855022,0.29133295825958666,0
Shivajinagar,0.47280539209376254,0.06636881439586402,0.28376046758954365,0.4253067319050033,0.3059406348552353,0
Shivajinagar,0.0,0.06636881439586402,0.14489418507293056,0.22598799092172028,0.08278767997160336,0
Shivajinagar,0.48507696202059525,0.06636881439586402,0.4090851729636584,0.49360086743960224,0.3455447457346396,0
Shivajinagar,0.22329771034764404,0.06636881439586402,0.1471593689994299,0.5482556614934728,0.2097350659643415,0
Shivajinagar,0.33870709750694256,0.06636881439586402,0.100007778845295,0.5450478640953176,0.2402168638295457,0
Shivajinagar,0.5361658735975805,0.06636881439586402,0.5071092908508896,0.2505338809102453,0.3465706403846271,0
Shivajinagar,0.3486419609429502,0.06636881439586402,0.299764425196137,0.6407024409380107,0.29799358182872077,0
Shivajinagar,0.3798771633080043,0.06636881439586402,0.35015810358940713,0.4647875486548496,0.2926174044926696,0
Shivajinagar,0.31288018696204134,0.06636881439586402,0.33356070763052703,0.4898521735695174,0.26960867731700666,0
Shivajinagar,0.5327200398148317,0.06636881439586402,0.6284216545894776,0.6504430997337091,0.4296134541319022,0
Shivajinagar,0.2567478916764879,0.06636881439586402,0.12449577043228244,0.6201559599427657,0.22769495448340132,0
Shivajinagar,0.44121356434647385,0.06636881439586402,0.2922928630643868,0.6443954573798251,0.32945328305987615,0
Shivajinagar,0.4322848323151789,0.06636881439586402,0.4219249434243822,0.11234244385732042,0.27244669089254625,0
Shivajinagar,0.3295618221590521,0.06636881439586402,0.08094543138252515,0.27286924573391913,0.19237675521102035,0
Banashankari,0.5086024809970698,0.06634700303321252,0.08423952090579089,0.7506330261313493,0.32735782735979874,0
Banashankari,0.31840927780841405,0.06634700303321252,0.34094788376593,0.21179219519257486,0.23130575417498087,0
Banashankari,0.309001258150488,0.06634700303321252,0.16237737749872969,0.060874922738283765,0.16966125517312305,0
Banashankari,0.4725162906968081,0.06634700303321252,0.19806390821503914,0.5216475508362303,0.30314471692228895,0
Banashankari,0.4882227213563973,0.06634700303321252,0.06565274537948869,0.5245140688459128,0.28258971278748746,0
Banashankari,0.34361069696511176,0.06634700303321252,0.3062569559984525,0.3435604345849879,0.25295330123519155,0
Banashankari,0.5063831505691954,0.06634700303321252,0.18184666272565794,0.3882557496481025,0.29174589860152905,0
Banashankari,0.4821088707535842,0.06634700303321252,0.369619804232356,0.35748512151303524,0.3161889347471447,0
Banashankari,0.5214529119623621,0.06634700303321252,0.07911205069019336,0.5653078551189515,0.3030312085026719,0
Banashankari,0.6281159768012294,0.06634700303321252,0.40157304162561125,0.24928999982226088,0.3574528010888554,0
Banashankari,0.39967371850356653,0.06634700303321252,0.49663931597513455,0.1655415296137974,0.28394899502330856,0
Banashankari,0.5076235035519729,0.06634700303321252,0.647659946018562,0.4492716953236394,0.39449507065541256,0
Banashankari,0.1824082500898113,0.06634700303321252,0.3838217955186785,0.03386026786567868,0.16559038772498522,0
Banashankari,0.18650250091167625,0.06634700303321252,0.29556018703532855,0.11694996075433786,0.16183450774926683,0
Banashankari,0.42063671129289376,0.06634700303321252,0.6077556026532774,0.4812903038406783,0.3608716159692338,0
Banashankari,0.2347143970558709,0.06634700303321252,0.24031398880504035,0.48178993041443796,0.22238542720269233,0
Banashankari,0.3355569478569018,0.06634700303321252,0.6741258250573892,0.0743144499999752,0.2833213651713535,0
Banashankari,0.4360752976288236,0.06634700303321252,0.26386454589097696,0.5157312685329604,0.3026630545381914,0
Banashankari,0.5039613929583434,0.06634700303321252,0.3373069446734534,0.3073814621991977,0.30985919670995427,0
Banashankari,0.5094699332592614,0.06634700303321252,0.1735156774912586,0.4460705253452779,0.2998322918507486,0
Banashankari,0.2732420050375246,0.06634700303321252,0.6279020418163428,0.4440117037511626,0.3077209665990403,0
Banashankari,0.4286475965368772,0.06634700303321252,0.38391907373115286,0.5545073000727413,0.32989066945501255,0
Banashankari,0.2869826978799561,0.06634700303321252,0.3903736390012964,0.6141458442547555,0.290544649606421,0
Banashankari,0.1340041377430035,0.06634700303321252,0.3340902582987582,0.19718013244617882,0.16320062064669344,0
Banashankari,0.40689742203032914,0.06634700303321252,0.27520879859594166,0.33024573925343126,0.26689681922778197,0
Banashankari,0.27755958917562945,0.06634700303321252,0.18185562059118543,0.6315626133976829,0.24815547324932358,0
Banashankari,0.6186284322500419,0.06634700303321252,0.25322604729434733,0.36371127393205505,0.34162595274615615,0
Banashankari,0.2481613374931273,0.06634700303321252,0.5118419960684564,0.2950758718548798,0.2533903490244816,0
Banashankari,0.20771608482591902,0.06634700303321252,0.42422927778042263,0.4475752420947619,0.24458687246933422,0
Banashankari,0.23692378504125297,0.06634700303321252,0.23144766518928175,0.16651894709737775,0.1740948007768653,0
Banashankari,0.2692641631189882,0.06634700303321252,0.2534446794903888,0.6011979300637011,0.25501518340924256,0
Banashankari,0.40630080887160436,0.06634700303321252,0.10761371516992814,0.3191755937573785,0.23150846611261766,0
Banashankari,0.1829963646169612,0.06634700303321252,0.5167920454689995,0.26510667314743386,0.22707723859181514,0
Banashankari,0.5306940504550159,0.06634700303321252,0.5125893088315883,0.6757030748955821,0.4095203415698743,0
Banashankari,0.6900043289397029,0.06634700303321252,0.10976144023727508,0.1295787656176934,0.3027947189289688,0
Banashankari,0.06886151298750248,0.06634700303321252,0.42366595357318537,0.3109567779707137,0.1753823378658338,0
Banashankari,0.2430274387880613,0.06634700303321252,0.16931959217254383,0.6165202512176775,0.2313056606029456,0
Banashankari,0.24144745430666734,0.06634700303321252,0.09832719086168339,0.397034811737784,0.1836313698503016,0
Banashankari,0.5752833651598519,0.06634700303321252,0.26520729377536756,0.19133628389492802,0.30299518005522463,0
Banashankari,0.10382760070361013,0.06634700303321252,0.19050675177831888,0.5159078144866528,0.171731283684889,0
Banashankari,0.27624392763808825,0.06634700303321252,0.3440895334287862,0.42145158934597626,0.24862512067094833,0
Banashankari,0.5634289168717571,0.06634700303321252,0.5062820309884587,0.04091023915174537,0.3244971638855323,0
Banashankari,0.5336043511308939,0.06634700303321252,0.5054883463318269,0.3606652631485693,0.3618630825444274,0
Banashankari,0.3706396291475137,0.06634700303321252,0.140448262726518,0.533708284334182,0.2577738663070244,0
Banashankari,0.5525462056674177,0.06634700303321252,0.7288952010086428,0.16567165015360405,0.38392506061832915,0
Banashankari,0.43767005296498446,0.06634700303321252,0.1560295854017337,0.2505663859366069,0.24187949441854611,0
Banashankari,0.5159645632404883,0.06634700303321252,0.18099825997050267,0.7077552365678816,0.34285463552341744,0
Banashankari,0.5535653465954664,0.06634700303321252,0.18226263530373402,0.5985039267218981,0.33988008828740846,0
Banashankari,0.4092856016601463,0.06634700303321252,0.4986757620204938,0.38804864214840773,0.32109651021737484,0
Banashankari,0.06712032370627108,0.06634700303321252,0.1869893116504703,0.1600206440524918,0.10479717314512645,0
Basavanagudi,0.07791207621588014,0.06560746931560388,0.12752669675246078,0.5087548678255204,0.14877003699455943,0
Basavanagudi,0.49679513233088013,0.06560746931560388,0.11267281244673169,0.2698789832038687,0.25657694708041584,0
Basavanagudi,0.42039965000021645,0.06560746931560388,0.17992997634627936,0.5639545275367324,0.28740129269452264,0
Basavanagudi,0.24097737913189876,0.06560746931560388,0.25922567393734264,0.09477690470468855,0.17008599398401753,0
Basavanagudi,0.2981715861253427,0.06560746931560388,0.15909826277773575,0.3242615002029073,0.20450117352453434,0
Basavanagudi,0.3795022923493982,0.06560746931560388,0.3233674570154543,0.3725727955865647,0.2730674538580461,0
Basavanagudi,0.0,0.06560746931560388,0.3758183962879113,0.09946256189984923,0.10976530433724081,0
Basavanagudi,0.08896874619839007,0.06560746931560388,0.5469779688476158,0.24726920690995283,0.1973072767701338,0
Basavanagudi,0.500283250178991,0.06560746931560388,0.3814061656591742,0.0857271676721837,0.2839216866399904,0
Basavanagudi,0.6842912772601062,0.06560746931560388,0.5765685946476109,0.12133862894711239,0.3926987011073073,0
Basavanagudi,0.4322634598273304,0.06560746931560388,0.46573004934078543,0.4314613632729444,0.32883966609334553,0
Basavanagudi,0.5821333459097693,0.06560746931560388,0.3094481767724097,0.3435374429188804,0.3368491636554144,0
Basavanagudi,0.18099047124187026,0.06560746931560388,0.15080576461841616,0.2515853943068064,0.15092786779903994,0
Basavanagudi,0.6145804699098704,0.06560746931560388,0.5780597784360195,0.2546404735205015,0.3885934319784149,0
Basavanagudi,0.41415061364468164,0.06560746931560388,0.36645026240572043,0.09900376890676937,0.25277557338747925,0
Basavanagudi,0.6064524721282619,0.06560746931560388,0.5725118870830854,0.3101587548576193,0.39296679668483286,0
Basavanagudi,0.02011665062336887,0.06560746931560388,0.23243830311869415,0.6205848823115337,0.16629846148332916,0
Basavanagudi,0.23688864131541998,0.06560746931560388,0.43877773421253624,0.6071635533856121,0.2814233451054272,0
Basavanagudi,0.28702438856990414,0.06560746931560388,0.39979808329269645,0.21563174944598099,0.23244515586958403,0
Basavanagudi,0.0,0.06560746931560388,0.22648248382892766,0.3503739985115613,0.11753483733720088,0
Basavanagudi,0.5957277719345461,0.06560746931560388,0.35695100215904385,0.3198538640704862,0.34755524101415397,0
Basavanagudi,0.1897782711557174,0.06560746931560388,0.3026055758931887,0.5947132393384362,0.2358327367785854,0
Basavanagudi,0.25324121573351255,0.06560746931560388,0.42810778803394506,0.46321785711271396,0.26342090247510663,0
Basavanagudi,0.4697025636745321,0.06560746931560388,0.47108674086347174,0.5081753400597877,0.3545217872624299,0
Basavanagudi,0.04438440676724492,0.06560746931560388,0.09359376166760211,0.6175679308976058,0.14657072513137817,0
Basavanagudi,0.4100527941594151,0.06560746931560388,0.19166341286970331,0.18451929005831177,0.22921129483316388,0
Basavanagudi,0.38983144961173316,0.06560746931560388,0.07052721138970378,0.3576272048049515,0.22387277115747126,0
Basavanagudi,0.4910176902038683,0.06560746931560388,0.15993518272492863,0.4503070583650308,0.29107152766577543,0
Basavanagudi,0.06611052478178608,0.06560746931560388,0.5230199691417134,0.3951962119495577,0.20670435008908264,0
Basavanagudi,0.4795913868010484,0.06560746931560388,0.33355350423403857,0.5267833160454796,0.33326742442867774,0
Basavanagudi,0.42843712663518424,0.06560746931560388,0.4284269982195933,0.6059279264825181,0.346209823733292,0
Basavanagudi,0.547063535170461,0.06560746931560388,0.27616796537242855,0.7019993550051463,0.37168797442960017,0
Basavanagudi,0.1463607804362169,0.06560746931560388,0.4559362332773724,0.7300458646388205,0.27160264029865466,0
Basavanagudi,0.47231917249874633,0.06560746931560388,0.44720366779548565,0.086464604430055,0.2874043753928478,0
Basavanagudi,0.5609818760395677,0.06560746931560388,0.3308667226431762,0.20619305285301248,0.313128199865117,0
Basavanagudi,0.2122826139630748,0.06560746931560388,0.2301176969922355,0.25626450736888884,0.17844437118553777,0
Basavanagudi,0.6052685378172655,0.06560746931560388,0.13121009593240515,0.337556148452122,0.3084016704850234,0
Basavanagudi,0.31700506386849975,0.06560746931560388,0.19535377376063148,0.13846232137175532,0.19047411610654566,0
Basavanagudi,0.4513171444463405,0.06560746931560388,0.15785687486651262,0.3875043448817649,0.2673402680564676,0
Basavanagudi,0.33159761428271894,0.06560746931560388,0.4646377435784427,0.25836957498477714,0.2674243907570379,0
Basavanagudi,0.5314347750428325,0.06560746931560388,0.2987996601227614,0.463486062601873,0.3349672534745058,0
Basavanagudi,0.5303174439203276,0.06560746931560388,0.16491399223683237,0.26557799069202664,0.2781128432179663,0
Basavanagudi,0.6100732573643983,0.06560746931560388,0.2694041561336668,0.6094870870775614,0.37851177516058815,0
Basavanagudi,0.33903517330146143,0.06560746931560388,0.16310873326577127,0.10239393815884999,0.18632538882717442,0
Basavanagudi,0.3034896716985243,0.06560746931560388,0.09767248945402202,0.35971925209634464,0.19939601159442077,0
Basavanagudi,0.4496966743084218,0.06560746931560388,0.6979373941781786,0.26192903451204963,0.35595291081507197,0
Basavanagudi,0.5561084188571488,0.06560746931560388,0.6801211947154279,0.7000084031384571,0.4553456868085374,0
Basavanagudi,0.3692885347149363,0.06560746931560388,0.31927599296015413,0.2602347761415004,0.25182364295816473,0
Basavanagudi,0.29361246333540336,0.06560746931560388,0.6322552586150559,0.24822902988222523,0.2861320091674173,0
Basavanagudi,0.4725209160985392,0.06560746931560388,0.6227937857093885,0.37314557442098095,0.36559515473419474,0
K G Halli,0.5901684369535575,0.06520881158454789,0.2722060765832495,0.2789871491209418,0.3224108840939006,0
K G Halli,0.5263566565601049,0.06520881158454789,0.3636017133201647,0.5309708329481341,0.3561534408776541,0
K G Halli,0.19078281409641004,0.06520881158454789,0.45484697460238377,0.40567545285095535,0.23815734125722793,0
K G Halli,0.3224744647639221,0.06520881158454789,0.381953438411907,0.5369066561041349,0.2893553922407387,0
K G Halli,0.43894420125412603,0.06520881158454789,0.8444765738610843,0.23328806668685315,0.3770816386895533,0
K G Halli,0.4225871907722585,0.06520881158454789,0.26000760268727097,0.5896819800042098,0.3079219777837405,0
K G Halli,0.2641902353923664,0.06520881158454789,0.1606893260176025,0.22146136924607687,0.17738629645312465,0
K G Halli,0.035466801663434966,0.06520881158454789,0.05478038639038553,0.580811669497234,0.1300538517602288,0
K G Halli,0.3473049946546455,0.06520881158454789,0.24314937574829448,0.5926859907873318,0.2786521653722489,0
K G Halli,0.6224866419383126,0.06520881158454789,0.5587551431087256,0.14772582747568277,0.37134287089687135,0
K G Halli,0.3548875432516392,0.06520881158454789,0.3265291390280434,0.22774689116073607,0.2432411450931572,0
K G Halli,0.20064894279292408,0.06520881158454789,0.36701877525230586,0.6419545818795918,0.2594867157852877,0
K G Halli,0.23798822005004427,0.06520881158454789,0.6208935881339958,0.3108499169931394,0.2736647256686499,0
K G Halli,0.38093359294326457,0.06520881158454789,0.34428413985538603,0.1737004630396588,0.247801298432533,0
K G Halli,0.5921036145596434,0.06520881158454789,0.3939860825993077,0.4387786484266328,0.37141292235509604,0
K G Halli,0.6535656595263137,0.06520881158454789,0.4650049781553676,0.2561500630820481,0.3797341294029549,0
K G Halli,0.5919961996664196,0.06520881158454789,0.1762775732864469,0.1836973985801776,0.2895714378029272,0
K G Halli,0.3054408105297103,0.06520881158454789,0.1258020588761728,0.39690932327235023,0.21116373742685007,0
K G Halli,0.25335380489793535,0.06520881158454789,0.34874923029965854,0.44202300515365706,0.244289772022622,0
K G Halli,0.5481073805028103,0.06520881158454789,0.1487871183606645,0.5615077189704416,0.3253838081690471,0
K G Halli,0.5065386766831537,0.06520881158454789,0.39008327789485037,0.21188802327630632,0.30665103938488414,0
K G Halli,0.7688610070470334,0.06520881158454789,0.19333953782849111,0.4605004465008949,0.39640697048265844,0
K G Halli,0.3326498594874067,0.06520881158454789,0.5926218179812777,0.2564107327352465,0.29297606780249924,0
K G Halli,0.2964891759917911,0.06520881158454789,0.3474505342764564,0.1958823312282607,0.22220631161202162,0
K G Halli,0.4042242505008156,0.06520881158454789,0.11289894179861687,0.26882857490170853,0.22394520574562948,0
K G Halli,0.323074969600661,0.06520881158454789,0.3129797889390614,0.23080943468941048,0.22985625582681957,0
K G Halli,0.0,0.06520881158454789,0.23590839710441808,0.3674695889511139,0.12186476123891507,0
K G Halli,0.2847927223069875,0.06520881158454789,0.12763396876903352,0.5508032370352914,0.2273873755919104,0
K G Halli,0.17692724719007638,0.06520881158454789,0.3281492127429333,0.299372576661043,0.1920229090396342,0
K G Halli,0.5118904803906901,0.06520881158454789,0.5433536285848797,0.30835503114469787,0.35364829200078646,0
K G Halli,0.10653559767779996,0.06520881158454789,0.15473554258877054,0.35875911375239544,0.1416110782432078,0
K G Halli,0.21635362341960832,0.06520881158454789,0.13526721300260186,0.35259829445368684,0.1752295984408007,0
K G Halli,0.6323684573181765,0.06520881158454789,0.2574575336496474,0.2124190286685919,0.3242459645669444,0
K G Halli,0.10599574248307536,0.06520881158454789,0.2579111222764206,0.6571713645415699,0.20681908248096037,0
K G Halli,0.0,0.06520881158454789,0.17036448316176256,0.30798264510600404,0.0998329368736175,0
K G Halli,0.46497635515669344,0.06520881158454789,0.56720094025011,0.06398127214825064,0.30534174665246666,0
K G Halli,0.2962724301017293,0.06520881158454789,0.13733041637633447,0.507306772223106,0.22682009311970242,0
K G Halli,0.20833481652541808,0.06520881158454789,0.40554608572516215,0.8237201155996874,0.2971470637442462,0
K G Halli,0.33289544643028335,0.06520881158454789,0.4431484010597932,0.3752168544255241,0.2809882581017508,0
K G Halli,0.4150741631821245,0.06520881158454789,0.023845662774644838,0.2641507039451646,0.2092303387358116,0
K G Halli,0.45988602726514904,0.06520881158454789,0.16988463498831097,0.25565843800546334,0.2528484457166482,0
K G Halli,0.37314798522476944,0.06520881158454789,0.39665749918334553,0.15053188407872659,0.2520757207525118,0
K G Halli,0.5383635973949303,0.06520881158454789,0.19498187090362584,0.2456945124348965,0.2838404536095496,0
K G Halli,0.4904556832623388,0.06520881158454789,0.5376375486289933,0.6904639782537647,0.40231923908104633,0
K G Halli,0.3236393918789053,0.06520881158454789,0.06909181665711073,0.4531865242106592,0.21463277259600222,0
K G Halli,0.5593452320237038,0.06520881158454789,0.3044281000388726,0.20083613200012604,0.3063445144914541,0
K G Halli,0.43861141040682106,0.06520881158454789,0.13675486206328547,0.61442396935735,0.29259120493401136,0
K G Halli,0.5364681421869018,0.06520881158454789,0.29469513198458774,0.1256463079618047,0.2851124658319682,0
K G Halli,0.38357580409925196,0.06520881158454789,0.5595442333698573,0.12130659521758685,0.28391901086671206,0
K G Halli,0.3621332923634704,0.06520881158454789,0.5507683233987857,0.22945454173813257,0.290881141743056,0
Hulimavu,0.6195968177412126,0.06514611004296868,0.29027929727244345,0.179154454593873,0.3213317468658846,0
Hulimavu,0.8045869099209729,0.06514611004296868,0.05161793267849488,0.33521698149941126,0.3617553852458418,0
Hulimavu,0.12846311125237092,0.06514611004296868,0.3306778573287142,0.16731425470294045,0.15573863162240434,0
Hulimavu,0.15988370797742088,0.06514611004296868,0.505400776060275,0.3637492029617192,0.2311456664613008,0
Hulimavu,0.7380255174837083,0.06514611004296868,0.05314677006182669,0.22094863894796277,0.32162441398674824,0
Hulimavu,0.18224987962966374,0.06514611004296868,0.17470777781730057,0.649579472637327,0.21570976734233205,0
Hulimavu,0.0,0.06514611004296868,0.2947614596934492,0.14794833116840359,0.10068837462684098,0
Hulimavu,0.1367160728258292,0.06514611004296868,0.5331586133969497,0.1264485071536854,0.19299345725437358,0
Hulimavu,0.0,0.06514611004296868,0.24612616832925777,0.4220539199162009,0.13207715466617231,0
Hulimavu,0.38903852892719204,0.06514611004296868,0.30453237101528763,0.322202950528584,0.26494423491975294,0
Hulimavu,0.5667238367247507,0.06514611004296868,0.227317637549975,0.08372232210079869,0.27591905169166814,0
Hulimavu,0.15542369068560566,0.06514611004296868,0.4707232622619682,0.5769584681165436,0.2546305474227278,0
Hulimavu,0.45864923817863307,0.06514611004296868,0.2046318263944951,0.2580534424904701,0.2597054480278817,0
Hulimavu,0.2551454962874327,0.06514611004296868,0.49484316110461357,0.19012351890264137,0.23633191676981097,0
Hulimavu,0.4364763719480956,0.06514611004296868,0.2852837880261884,0.3358219037504322,0.27974060636252657,0
Hulimavu,0.3017684817914071,0.06514611004296868,0.2635385628930845,0.2167843499236902,0.21038816670705351,0
Hulimavu,0.40196502060891726,0.06514611004296868,0.2343898594311853,0.5431334256160109,0.28857957595465034,0
Hulimavu,0.0,0.06514611004296868,0.07915506696878481,0.22195104379231417,0.06866750297549469,0
Hulimavu,0.7720956668709503,0.06514611004296868,0.15497522251181778,0.268898078089697,0.3611070726335413,0
Hulimavu,0.3899024164369387,0.06514611004296868,0.04360521136504267,0.2950495590636266,0.20898815489837164,0
Hulimavu,0.23655778781169465,0.06514611004296868,0.4674181845468527,0.37356044010340306,0.2518567616718647,0
Hulimavu,0.3140421616227819,0.06514611004296868,0.12108592515487211,0.24191533808546864,0.18996307532465898,0
Hulimavu,0.5363781120841628,0.06514611004296868,0.45758202760481526,0.3789778676414408,0.3556392579095268,0
Hulimavu,0.0020661773866207933,0.06514611004296868,0.32873713247785,0.23158546678284656,0.12075224161120487,0
Hulimavu,0.3941232493394457,0.06514611004296868,0.2568537540828779,0.38388020706480613,0.2664397521579931,0
Hulimavu,0.39286468128092844,0.06514611004296868,0.4941917358097283,0.4988079599815607,0.3307060126203953,0
Hulimavu,0.4863034449219109,0.06514611004296868,0.3829038788368364,0.361594190111525,0.3205699430196554,0
Hulimavu,0.3432809296857635,0.06514611004296868,0.47992078160651713,0.36274659583187335,0.2900883040989922,0
Hulimavu,0.25616521884167615,0.06514611004296868,0.10037411543900776,0.42678791847143616,0.19329467046599424,0
Hulimavu,0.610284388663103,0.06514611004296868,0.2938096493353147,0.3761256772675265,0.3483241505021686,0
Hulimavu,0.8540419069119343,0.06514611004296868,0.21123938112782475,0.2681811803309156,0.4009335537072699,0
Hulimavu,0.2549956085946894,0.06514611004296868,0.6436766736497099,0.4669018783729466,0.30756291250691586,0
Hulimavu,0.7449070224313612,0.06514611004296868,0.25375016091833025,0.658521187863228,0.4297895012270172,0
Hulimavu,0.4443813301752752,0.06514611004296868,0.2743373222174748,0.5297973369778911,0.30941436356441554,0
Hulimavu,0.2942760963104691,0.06514611004296868,0.240277728337152,0.6252070904384833,0.2643770759547577,0
Hulimavu,0.4027074617194956,0.06514611004296868,0.20136791962296544,0.3562012779143898,0.2541952202264656,0
Hulimavu,0.4364475483657919,0.06514611004296868,0.20366228071541334,0.33758243211891314,0.26367029590183744,0
Hulimavu,0.5233799142204977,0.06514611004296868,0.16205349449383155,0.40398501431969136,0.2957352540367848,0
Hulimavu,0.34028320220731684,0.06514611004296868,0.430276206633587,0.4491966137206459,0.2920776871702658,0
Hulimavu,0.646472239434988,0.06514611004296868,0.18911371931405158,0.5988904299294102,0.37346542516735826,0
Hulimavu,0.2886932340853849,0.06514611004296868,0.10867170930500904,0.48844746572506054,0.2155879266625362,0
Hulimavu,0.6124437880881819,0.06514611004296868,0.5516984992659667,0.22999483778689117,0.37873808436498124,0
Hulimavu,0.22525764601853382,0.06514611004296868,0.11592000488842504,0.3064515827882596,0.1675357475153014,0
Hulimavu,0.3630081547193199,0.06514611004296868,0.43568014493297264,0.6416385179971793,0.329978493850824,0
Hulimavu,0.5070255917418164,0.06514611004296868,0.30566628963897063,0.15199761660856906,0.2809356905416058,0
Hulimavu,0.3833226580440844,0.06514611004296868,0.14369606629445228,0.32476332935446584,0.23116047599038045,0
Hulimavu,0.2924181278907738,0.06514611004296868,0.14535803189983637,0.5569314258107388,0.23450149802623954,0
Hulimavu,0.4633017365797245,0.06514611004296868,0.3994088753825875,0.2924847890316448,0.30545393424705836,0
Hulimavu,0.6037201379611118,0.06514611004296868,0.09261822818148187,0.3065097865667715,0.2953459949205919,0
Hulimavu,0.010461186528221256,0.06514611004296868,0.23366062878341592,0.5687649467564279,0.1552521160679154,0
Upparpet,0.08698275403771377,0.06482450657908286,0.2048252192037031,0.0949744688558569,0.10510253005604384,0
Upparpet,0.32983083281835524,0.06482450657908286,0.07699340193480386,0.28652452247486754,0.19326550221834007,0
Upparpet,0.26304659815834475,0.06482450657908286,0.28545178664657644,0.3250054322434004,0.21735483349497087,0
Upparpet,0.8274502045389864,0.06482450657908286,0.11452420804994014,0.632483636609926,0.426832310663847,0
Upparpet,0.1977462695047308,0.06482450657908286,0.3381483395773259,0.3287354754954445,0.2055985355401625,0
Upparpet,0.22817608680530113,0.06482450657908286,0.1891197890748436,0.19526956591368166,0.1664233750576012,0
Upparpet,0.4545980389076349,0.06482450657908286,0.321231547231181,0.5238792097323167,0.3213848564974808,0
Upparpet,0.8871511490553079,0.06482450657908286,0.128538687240536,0.3095785930230032,0.4020947805446403,0
Upparpet,0.8611486080871185,0.06482450657908286,0.18154990653670378,0.24232543552937458,0.3935081614409633,0
Upparpet,0.19996301855831713,0.06482450657908286,0.5359111091183305,0.5372924965238062,0.2772105047713729,0
Upparpet,0.5749157916850021,0.06482450657908286,0.2946814247446957,0.6180743700473826,0.3723153195195221,0
Upparpet,0.26566899192273263,0.06482450657908286,0.16095192196406258,0.30659819843229585,0.19061161330433818,0
Upparpet,0.40070469779964313,0.06482450657908286,0.2511530787622616,0.4235520565581625,0.27345742043977667,0
Upparpet,0.4751352206281005,0.06482450657908286,0.5128917150442706,0.057030248051444646,0.29687755941013083,0
Upparpet,0.22268891721807346,0.06482450657908286,0.11467363842836031,0.5750549960651973,0.20658145009550222,0
Upparpet,0.14830446790687868,0.06482450657908286,0.08926218273110446,0.40577630627377753,0.15007279822841993,0
Upparpet,0.8302132846346839,0.06482450657908286,0.12299683432030609,0.1374316161541215,0.3552361108830437,0
Upparpet,0.47995990488500356,0.06482450657908286,0.26656405258025073,0.5498993771174605,0.32323103576714535,0
Upparpet,0.23298964623631369,0.06482450657908286,0.2716467162451776,0.5538080459534394,0.23839427829848608,0
Upparpet,0.5657897696279679,0.06482450657908286,0.5334836656267291,0.46483968647767276,0.39389645744051033,0
Upparpet,0.4618919788672045,0.06482450657908286,0.547726203923223,0.2646996930573875,0.33035973932049917,0
Upparpet,0.29415346120418456,0.06482450657908286,0.24319453095604543,0.1102964934615092,0.1875844436056249,0
Upparpet,0.142579812892771,0.06482450657908286,0.23102140620007947,0.6240341014379566,0.20915968294190407,0
Upparpet,0.6140032795345323,0.06482450657908286,0.4541397985713583,0.224396992267607,0.35883600836522384,0
Upparpet,0.3870326027358585,0.06482450657908286,0.15158066384009078,0.3332945371906368,0.23521907627788896,0
Upparpet,0.3488779072950195,0.06482450657908286,0.27499257899717466,0.2104347191424078,0.22811834319777777,0
Upparpet,0.1170526900001092,0.06482450657908286,0.054988674879657765,0.44379116939941526,0.1379822038596069,0
Upparpet,0.2905010095552901,0.06482450657908286,0.24218260050545595,0.5526038552511766,0.2524498037068441,0
Upparpet,0.5063911881125418,0.06482450657908286,0.34638917508532324,0.6105121244086864,0.3575389214914821,0
Upparpet,0.18091361904667086,0.06482450657908286,0.3229967988604442,0.19361705016033798,0.1764090359361992,0
Upparpet,0.23598891794839255,0.06482450657908286,0.6787147824208478,0.3565233346731894,0.2912649299408102,0
Upparpet,0.17613630833930558,0.06482450657908286,0.4350915125219605,0.10205961277747647,0.18342230431349538,0
Upparpet,0.13565852287419483,0.06482450657908286,0.06431336812337542,0.45157347304868634,0.14752652956167106,0
Upparpet,0.16004036173814407,0.06482450657908286,0.2631319166285112,0.33583813036898585,0.1784635814631254,0
Upparpet,0.47252175884788106,0.06482450657908286,0.2523932086418439,0.14740377889282869,0.25741917613277626,0
Upparpet,0.43856483119620854,0.06482450657908286,0.06726671002919207,0.26587386870733637,0.22627946520433673,0
Upparpet,0.8301271814227019,0.06482450657908286,0.13099444586806216,0.16382393354287225,0.36076434467671376,0
Upparpet,0.4774443851558289,0.06482450657908286,0.401782078517751,0.2913538435324262,0.3106123790116791,0
Upparpet,0.3160376406986944,0.06482450657908286,0.5030461572753944,0.1482209614518882,0.25290290189113,0
Upparpet,0.23604154942085137,0.06482450657908286,0.3746630236502757,0.3256648060419278,0.22584421990736714,0
Upparpet,0.5577498060853061,0.06482450657908286,0.32581631946078027,0.540144391628817,0.3608447067400606,0
Upparpet,0.3261946205799943,0.06482450657908286,0.08833721457099901,0.1252491340532441,0.1700702821989093,0
Upparpet,0.2831383171631204,0.06482450657908286,0.14599715333894042,0.07194764359257946,0.15853734018749197,0
Upparpet,0.41278250170670033,0.06482450657908286,0.06758994352911386,0.6200819499581781,0.27045150877061946,0
Upparpet,0.15548773814455527,0.06482450657908286,0.10412010850027614,0.28166605975979925,0.1369419909883443,0
Upparpet,0.3064374804402381,0.06482450657908286,0.2729874448776192,0.5652915537872001,0.26609169217141204,0
Upparpet,0.39939182048135874,0.06482450657908286,0.4287736802990411,0.5509425419523089,0.3276306064948549,0
Upparpet,0.3133932936288273,0.06482450657908286,0.2115740584734151,0.22927488671396412,0.20584104944559203,0
Upparpet,0.725025786814369,0.06482450657908286,0.3705637241698287,0.2024619013194686,0.37768840739064,0
Upparpet,0.33055431536416496,0.06482450657908286,0.19870992672522136,0.20585976511732657,0.20576231246382587,0
Jayanagar,0.4108498394454151,0.06306921744607126,0.35191549672882955,0.4239783295826935,0.29669805782288655,0
Jayanagar,0.688817735577022,0.06306921744607126,0.10798847451311476,0.2693884862340856,0.32201294052351487,0
Jayanagar,0.6806415745390784,0.06306921744607126,0.76312864171,0.22393611956297382,0.4433614625989448,0
Jayanagar,0.3145315025823969,0.06306921744607126,0.0910158859504928,0.2529095106379277,0.185146394923448,0
Jayanagar,0.5806954876369171,0.06306921744607126,0.5123612161623028,0.27217458038966824,0.3654626161976532,0
Jayanagar,0.6218131570994476,0.06306921744607126,0.26206485217589975,0.30547450350268474,0.3347895161792107,0
Jayanagar,0.020620233948949573,0.06306921744607126,0.16034655214781596,0.6276085926382755,0.15234844644125822,0
Jayanagar,0.3157325012066544,0.06306921744607126,0.4248981623419178,0.36419590559536785,0.26903615896383914,0
Jayanagar,0.5773839896162215,0.06306921744607126,0.49590892536737113,0.3008827202431165,0.3653193547094406,0
Jayanagar,0.18305485768252552,0.06306921744607126,0.17496229216786857,0.08988551312805491,0.13146525082548727,0
Jayanagar,0.4585330977225484,0.06306921744607126,0.41371749546976194,0.6983468440650503,0.3669028751404233,0
Jayanagar,0.4808248302741559,0.06306921744607126,0.36530935482228083,0.47607024826010275,0.3316818640332475,0
Jayanagar,0.3768760137998278,0.06306921744607126,0.32834803367032195,0.18037175319481868,0.24355273977704833,0
Jayanagar,0.1845928781650879,0.06306921744607126,0.07666167186888527,0.07655882815553564,0.11034443118870954,0
Jayanagar,0.20485396141358303,0.06306921744607126,0.27239373185463994,0.3110454246069244,0.19175521179054208,0
Jayanagar,0.31976073563066065,0.06306921744607126,0.2999700325777678,0.36682302801003785,0.24585448342161184,0
Jayanagar,0.24616281560484604,0.06306921744607126,0.10895372925021472,0.23576997131881772,0.16223399224338308,0
Jayanagar,0.33826755725723967,0.06306921744607126,0.29732091782799824,0.4379526868459317,0.26247149686634463,0
Jayanagar,0.046519468859433644,0.06306921744607126,0.1240445557236655,0.515697309236084,0.13736608686476887,0
Jayanagar,0.2969231482505202,0.06306921744607126,0.22769712719682042,0.12054591943710011,0.18646518047643254,0
Jayanagar,0.47640906662062893,0.06306921744607126,0.22565121885485875,0.22946627063565073,0.26521412291736085,0
Jayanagar,0.4468077203653084,0.06306921744607126,0.6174612699429446,0.35420071642110573,0.3519258288134341,0
Jayanagar,0.38209071507211356,0.06306921744607126,0.4678696375357561,0.31740627548541234,0.2938373843390242,0
Jayanagar,0.4043931443055223,0.06306921744607126,0.5978408061006248,0.16391563254220365,0.30461387184220967,0
Jayanagar,0.427533001926372,0.06306921744607126,0.4055208885081003,0.20951869029191922,0.28108929715345954,0
Jayanagar,0.49494412582193537,0.06306921744607126,0.0759801880291286,0.3029153398096497,0.2527845478487719,0
Jayanagar,0.4330030630048486,0.06306921744607126,0.23446407820576007,0.4899207255599284,0.29085276176065966,0
Jayanagar,0.21204617725580455,0.06306921744607126,0.24938091966028583,0.5048691439025934,0.21874348279079914,0
Jayanagar,0.3963762477993587,0.06306921744607126,0.09489756759785457,0.41972979023520474,0.23959143401844857,0
Jayanagar,0.29758177935789365,0.06306921744607126,0.18428498169227575,0.7617564126765878,0.27419484624902746,0
Jayanagar,0.3590839785150565,0.06306921744607126,0.23500598466876121,0.1605310698489842,0.21568101512519103,0
Jayanagar,0.4268381915849057,0.06306921744607126,0.07193208140201093,0.4817119899410086,0.2549573470600918,0
Jayanagar,0.3207752639124819,0.06306921744607126,0.49440515226808746,0.35239084997863185,0.2829317655536023,0
Jayanagar,0.5671744700011532,0.06306921744607126,0.58937279921906,0.548653234129003,0.4176043746973874,0
Jayanagar,0.5018389478663873,0.06306921744607126,0.5022313629403596,0.3949080267624278,0.354246873589493,0
Jayanagar,0.5358961871132938,0.06306921744607126,0.11876820115043694,0.33341155665280203,0.2802498044514819,0
Jayanagar,0.2755246165412795,0.06306921744607126,0.49302706397327556,0.19540138146528746,0.24327000103771745,0
Jayanagar,0.0,0.06306921744607126,0.34745188093198887,0.5573006211105587,0.17200623458680298,0
Jayanagar,0.47400002602211166,0.06306921744607126,0.09798070986100152,0.2860116410395052,0.24731866246968656,0
Jayanagar,0.002835145902897851,0.06306921744607126,0.2404058622107914,0.10623060030348903,0.08392882878751726,0
Jayanagar,0.5281637582519993,0.06306921744607126,0.43234728159532754,0.46786246229260886,0.360426906284978,0
Jayanagar,0.17469443194882198,0.06306921744607126,0.3762297389633724,0.3214824980670333,0.20353213891863856,0
Jayanagar,0.19414876245906676,0.06306921744607126,0.3939878378179189,0.18967629084702242,0.19412184328513188,0
Jayanagar,0.3618261117045781,0.06306921744607126,0.286956689513485,0.04046191784105737,0.20902052990927936,0
Jayanagar,0.23154210853973217,0.06306921744607126,0.2923467759498586,0.3698773150710813,0.21391145567336156,0
Jayanagar,0.30424672296504884,0.06306921744607126,0.08907314133675749,0.3177481286867534,0.19088396584195297,0
Jayanagar,0.018930821019831845,0.06306921744607126,0.25145389038672983,0.2165080505970542,0.10831353825766663,0
Jayanagar,0.2787665328748774,0.06306921744607126,0.23692334070657134,0.479261326415225,0.2357629188436265,0
Jayanagar,0.0,0.06306921744607126,0.6590141130866564,0.5984291494536657,0.2404879602692025,0
Jayanagar,0.38005595738010384,0.06306921744607126,0.33117868807965367,0.18895359685221758,0.24651912746062107,0
Halasooru,0.17553370787818703,0.06245559478533281,0.2670293623336261,0.04963663734805434,0.14102484426189868,0
Halasooru,0.6819926878527205,0.06245559478533281,0.15402777207101934,0.38585418151266426,0.34611780082515553,0
Halasooru,0.46847008064643286,0.06245559478533281,0.14384967647971675,0.5250591226479028,0.2902300103549801,0
Halasooru,0.5648747837092996,0.06245559478533281,0.1292954503557796,0.2740615834296694,0.283411180319461,0
Halasooru,0.3029584981743021,0.06245559478533281,0.29274388301588106,0.39484325276021026,0.24254741731381332,0
Halasooru,0.17698759693768992,0.06245559478533281,0.20005640779716474,0.23998672812341704,0.15669162814173682,0
Halasooru,0.30123929846984643,0.06245559478533281,0.11820120507010161,0.10416306290342736,0.1634351333495805,0
Halasooru,0.6424575769939723,0.06245559478533281,0.08995719986575017,0.6186924697208466,0.35439214081476716,0
Halasooru,0.4898077735573136,0.06245559478533281,0.37511149351446954,0.301705716457167,0.31044755535212853,0
Halasooru,0.3692761225344793,0.06245559478533281,0.34600113244872566,0.21482441625299345,0.24940721025036175,0
Halasooru,0.49275760229326504,0.06245559478533281,0.36484536783302896,0.04734235207356697,0.2712722656158834,0
Halasooru,0.5231635548367982,0.06245559478533281,0.380634309564994,0.20378588432100161,0.30853866718962825,0
Halasooru,0.22223650916404378,0.06245559478533281,0.34737606705493473,0.13639164753548572,0.18645341718432495,0
Halasooru,0.4878280487251646,0.06245559478533281,0.1665009651758071,0.33064238795864576,0.27237304671836576,0
Halasooru,0.570261182672812,0.06245559478533281,0.5192117500927047,0.21623178301764145,0.35460520984227123,0
Halasooru,0.4836137404468706,0.06245559478533281,0.2517440352165089,0.20576272726676384,0.2692147037253209,0
Halasooru,0.37778117478501616,0.06245559478533281,0.04859067328263074,0.39489854653243267,0.21991300624674653,0
Halasooru,0.2369413606283987,0.06245559478533281,0.20124772212325864,0.27653532654576257,0.1833959980620555,0
Halasooru,0.29872280089158254,0.06245559478533281,0.2987071111898543,0.4634497348781101,0.2525485412173411,0
Halasooru,0.6704574090710762,0.06245559478533281,0.23509438952846157,0.1759233775588751,0.32680415615,0
Halasooru,0.4270934630219775,0.06245559478533281,0.13525843700786286,0.07388646498462981,0.206354047642559,0
Halasooru,0.318798036783907,0.06245559478533281,0.4947435930629132,0.29178905536016553,0.27303306822657475,0
Halasooru,0.7762486826887183,0.06245559478533281,0.4242706376851388,0.48100769838392143,0.4474289996712672,0
Halasooru,0.2520317259258583,0.06245559478533281,0.5384404121124589,0.12213464784307507,0.2329560621086033,0
Halasooru,0.2315209332695155,0.06245559478533281,0.05999510263146934,0.2069386570569574,0.14280882416476776,0
Halasooru,0.3419837534308326,0.06245559478533281,0.3711816851800688,0.3546000338977787,0.2658573342570718,0
Halasooru,0.4926232769359608,0.06245559478533281,0.4011488520625722,0.36014927314816914,0.32540698674792595,0
Halasooru,0.4139463476832857,0.06245559478533281,0.3026337765878989,0.04985634122430183,0.23162310662597488,0
Halasooru,0.41476904143382576,0.06245559478533281,0.3030436408239408,0.24659577644495762,0.2615039375689706,0
Halasooru,0.4488284165672646,0.06245559478533281,0.40529023084486016,0.14220195290215298,0.2782149633384374,0
Halasooru,0.18418184534057905,0.06245559478533281,0.6250913330749299,0.09261812322613469,0.2221113094037087,0
Halasooru,0.37497546811819216,0.06245559478533281,0.6885002168825806,0.41819093540378866,0.3504067759640515,0
Halasooru,0.6580740279255317,0.06245559478533281,0.33933302067355325,0.2189217627498504,0.3497674567567241,0
Halasooru,0.37120955386981974,0.06245559478533281,0.2556003255243739,0.32680224069367336,0.24880042349896253,0
Halasooru,0.6914775380019749,0.06245559478533281,0.19279120452652032,0.5653797323370201,0.38411901749214816,0
Halasooru,0.3961234683705843,0.06245559478533281,0.17977840494502034,0.19891582624607188,0.22317294729121917,0
Halasooru,0.7004092094141237,0.06245559478533281,0.40796208037011983,0.14229408464047974,0.366816430500639,0
Halasooru,0.3213546395525801,0.06245559478533281,0.5246580710704559,0.3302308102466856,0.2856770380300969,0
Halasooru,0.6177500322881441,0.06245559478533281,0.5428353717910146,0.1716126712638925,0.36925816478423706,0
Halasooru,0.016939213616754878,0.06245559478533281,0.4741734971887956,0.10522621417322724,0.13528403476520726,0
Halasooru,0.4265934832635002,0.06245559478533281,0.14928379825747232,0.08176190975071829,0.21016544369192713,0
Halasooru,0.24702101962488235,0.06245559478533281,0.4158463934717606,0.5171272528059988,0.26593240191956063,0
Halasooru,0.5506383895772524,0.06245559478533281,0.15171427352374064,0.45670716332232686,0.31030904399073533,0
Halasooru,0.6489627000129694,0.06245559478533281,0.650657455344677,0.3074253766064576,0.4221189210000431,0
Halasooru,0.4462119827392722,0.06245559478533281,0.2932556630301823,0.0879821995583411,0.24675933493413274,0
Halasooru,0.04202464255860944,0.06245559478533281,0.2759623967933719,0.2056174253446,0.11948039649147753,0
Halasooru,0.0,0.06245559478533281,0.22671212692520323,0.3217700517512556,0.11234461158332884,0
Halasooru,0.6183422465554406,0.06245559478533281,0.07059953460087874,0.2074443313171672,0.2803930213477549,0
Halasooru,0.41831452778374417,0.06245559478533281,0.10673628932990895,0.42615247041430004,0.2504168915880371,0
Halasooru,0.5050967242844367,0.06245559478533281,0.31290333521025104,0.6388868923955939,0.353934232836542,0
Jalahalli,0.30291170693656333,0.06162905552628439,0.2908179919303455,0.09339863139093194,0.19668120718039137,0
Jalahalli,0.46541886463549426,0.06162905552628439,0.46380945014262664,0.6817821327187763,0.3764145292166501,0
Jalahalli,0.18596678325050364,0.06162905552628439,0.39435256671846114,0.276615749630351,0.20393996658380648,0
Jalahalli,0.557861063741108,0.06162905552628439,0.2914810209281048,0.2165722112352138,0.30452212483817614,0
Jalahalli,0.12300482587936273,0.06162905552628439,0.17206965667442378,0.49076367918094826,0.1695688889276893,0
Jalahalli,0.469632275721027,0.06162905552628439,0.33752788021535246,0.5612087881360005,0.33454690742371535,0
Jalahalli,0.3789193401889611,0.06162905552628439,0.28482581114856864,0.2998638006688477,0.25305521805406256,0
Jalahalli,0.08276392893738926,0.06162905552628439,0.2770832569584677,0.42092728486020486,0.16601183590669583,0
Jalahalli,0.39412130158622305,0.06162905552628439,0.32334687218481917,0.14525033110130553,0.24288809631522304,0
Jalahalli,0.4509710661201307,0.06162905552628439,0.22340616629345122,0.7434973427420212,0.3325344244699245,0
Jalahalli,0.4413402192022853,0.06162905552628439,0.07079541890930781,0.1476373565340693,0.2092624806406571,0
Jalahalli,0.7009502906871554,0.06162905552628439,0.19060394924732516,0.392828123535828,0.360866326778229,0
Jalahalli,0.5695533274123392,0.06162905552628439,0.5146286470050053,0.1799148680321154,0.3477453408580224,0
Jalahalli,0.5238869722221665,0.06162905552628439,0.2084206353717329,0.1925197888942133,0.27241125234412217,0
Jalahalli,0.17592432712671202,0.06162905552628439,0.30272017879644586,0.592348567385877,0.22945855201940524,0
Jalahalli,0.04840476952644318,0.06162905552628439,0.2763052186449301,0.4067093319590481,0.15169782951498367,0
Jalahalli,0.4554259351450931,0.06162905552628439,0.493269177417188,0.3024843773329381,0.3219142860420462,0
Jalahalli,0.0,0.06162905552628439,0.3671889202427316,0.17962725106305702,0.11887058836589019,0
Jalahalli,0.23454580603786115,0.06162905552628439,0.04198558413205413,0.30860074586537634,0.155266977477354,0
Jalahalli,0.08272650813430188,0.06162905552628439,0.0742208940328799,0.16898686016583753,0.08763520233634259,0
Jalahalli,0.3692228208586916,0.06162905552628439,0.15147262388215701,0.08315208038907265,0.19048404079321968,0
Jalahalli,0.5307976755493863,0.06162905552628439,0.2527215983925085,0.16822915452628487,0.28004659595761494,0
Jalahalli,0.017781828464603355,0.06162905552628439,0.23254307777647318,0.5725282006534824,0.1571002022738135,0
Jalahalli,0.06332515126541266,0.06162905552628439,0.4533728696278282,0.40022149419877956,0.19136031765616232,0
Jalahalli,0.33708696870776483,0.06162905552628439,0.2030253560144139,0.32461352949872,0.22576625633329378,0
Jalahalli,0.4660076013192518,0.06162905552628439,0.33394548814314134,0.21539296509806605,0.2806894195129616,0
Jalahalli,0.325944742498182,0.06162905552628439,0.6699905461892789,0.14364588630560685,0.2881143687159458,0
Jalahalli,0.5512168594475308,0.06162905552628439,0.12586940502546248,0.18860831994125113,0.26487974646080126,0
Jalahalli,0.5745913004081495,0.06162905552628439,0.8073298926896171,0.45974355600126016,0.4500231837388501,0
Jalahalli,0.4489369829073716,0.06162905552628439,0.31770354438044135,0.13126896704867358,0.2588477146088547,0
Jalahalli,0.06210542235170469,0.06162905552628439,0.6128773703581016,0.2308597608600018,0.19743005268160255,0
Jalahalli,0.34367807941522166,0.06162905552628439,0.07458745878212544,0.35029103130756667,0.206237190905773,0
Jalahalli,0.9029462265320329,0.06162905552628439,0.36247650658005987,0.41944291518459764,0.46993163453779846,0
Jalahalli,0.18315843359924414,0.06162905552628439,0.1546441175282621,0.09314380332216175,0.12749456242159746,0
Jalahalli,0.4104502973227709,0.06162905552628439,0.4781426540183054,0.32795915330049724,0.3069687245195908,0
Jalahalli,0.33302338194516823,0.06162905552628439,0.26456707400318047,0.3056770835222581,0.23381187766766903,0
Jalahalli,0.5328710501309992,0.06162905552628439,0.1566170084302342,0.4540992724920562,0.3044318767635903,0
Jalahalli,0.2916324168370483,0.06162905552628439,0.21845076824753587,0.3531827261873122,0.21722762512845623,0
Jalahalli,0.2680016491302127,0.06162905552628439,0.5970233715182802,0.1036912144018583,0.24724765031739454,0
Jalahalli,0.5459075089725836,0.06162905552628439,0.2462489835414066,0.089818336983125,0.27227889205403966,0
Jalahalli,0.5543239882920468,0.06162905552628439,0.2283311966565385,0.19533997590498517,0.2874693482771572,0
Jalahalli,0.20364134348310242,0.06162905552628439,0.06640550921369118,0.4430199892079167,0.1694972871008969,0
Jalahalli,0.058473082443180335,0.06162905552628439,0.13424943210441415,0.6558375005605898,0.16417980701796975,0
Jalahalli,0.30694185215767755,0.06162905552628439,0.4906577385104221,0.10521362817669834,0.23983195684166164,0
Jalahalli,0.5497977088840584,0.06162905552628439,0.3466699579111448,0.6305947701943588,0.37484112187868857,0
Jalahalli,0.27252780297830825,0.06162905552628439,0.37010106478757954,0.42710199371349994,0.25195895971483406,0
Jalahalli,0.13995835692322758,0.06162905552628439,0.2853215984777696,0.6524956464376331,0.22241280824221388,0
Jalahalli,0.33270117160453105,0.06162905552628439,0.1353579108533673,0.4329232418555823,0.226944195168482,0
Jalahalli,0.6406862257958684,0.06162905552628439,0.5015547105265445,0.1780093595923223,0.3697412417305965,0
Jalahalli,0.61416160867928,0.06162905552628439,0.5562132256960344,0.7665328492736496,0.4596678522258877,0
S.S.Nagar,0.4657570942437772,0.06147616714381601,0.30290193801948334,0.4154892257553415,0.30436160459566475,0
S.S.Nagar,0.6772133601360679,0.06147616714381601,0.5628362707527077,0.38135408364871726,0.4252378928886177,0
S.S.Nagar,0.4069449026756116,0.06147616714381601,0.19675204516910544,0.12249337237536456,0.21859798096973465,0
S.S.Nagar,0.4283997661375063,0.06147616714381601,0.06999245356252315,0.2920135691878085,0.2261832943819479,0
S.S.Nagar,0.4442689524153956,0.06147616714381601,0.5983438873613306,0.36770536369308254,0.3487615655147618,0
S.S.Nagar,0.23343604699068707,0.06147616714381601,0.380867616502123,0.6101385182568626,0.26783976762883926,0
S.S.Nagar,0.358278783423129,0.06147616714381601,0.20965590126295397,0.12078099708553588,0.20388875415666116,0
S.S.Nagar,0.27870758937837076,0.06147616714381601,0.18277238324198805,0.35898945963332873,0.20639340201897147,0
S.S.Nagar,0.42586075797984435,0.06147616714381601,0.05972094748171613,0.31240029926612933,0.22629834982235297,0
S.S.Nagar,0.5021096086941881,0.06147616714381601,0.6246930610553344,0.5994576859878601,0.40903847829535656,0
S.S.Nagar,0.5612985003188572,0.06147616714381601,0.4470750748275251,0.45764850515777344,0.37295961599391586,0
S.S.Nagar,0.4746863541079805,0.06147616714381601,0.7270153814566861,0.24555605666804717,0.36681955887248224,0
S.S.Nagar,0.40119413312339025,0.06147616714381601,0.34640921578854894,0.15586344879212582,0.25152215721286003,0
S.S.Nagar,0.3050990208105103,0.06147616714381601,0.48358356867292646,0.25340347106206895,0.25995474182071904,0
S.S.Nagar,0.5742942173630604,0.06147616714381601,0.4244216201908502,0.15087890401770374,0.3269619858610416,0
S.S.Nagar,0.6763791664392013,0.06147616714381601,0.3402676743798134,0.2321428901581598,0.35805052679655186,0
S.S.Nagar,0.28492679026298223,0.06147616714381601,0.2919900464469167,0.40178117768396515,0.23683241267716668,0
S.S.Nagar,0.7025953215025559,0.06147616714381601,0.3190493615767228,0.48624753453538644,0.40109821516469185,0
S.S.Nagar,0.6253236050795532,0.06147616714381601,0.09992137045490684,0.1273461638177416,0.27639231058463104,0
S.S.Nagar,0.6417630481188404,0.06147616714381601,0.21031249285741033,0.5883392226886411,0.3733732989595172,0
S.S.Nagar,0.0,0.06147616714381601,0.31879837457681215,0.43223415178912,0.14703764782687523,0
S.S.Nagar,0.15237299382161423,0.06147616714381601,0.11625513108267313,0.44366216221407,0.1615737485293549,0
S.S.Nagar,0.22727309911460622,0.06147616714381601,0.12112275851198656,0.6519753771373845,0.22000929310626197,0
S.S.Nagar,0.24719359893687087,0.06147616714381601,0.38985747901512297,0.36125683578372864,0.2371206309416335,0
S.S.Nagar,0.3613024556966478,0.06147616714381601,0.6043060094662059,0.3349336219680295,0.31599995482541715,0
S.S.Nagar,0.4315231930885242,0.06147616714381601,0.2703212878209115,0.23246169702966984,0.2584094798427611,0
S.S.Nagar,0.4184693732640896,0.06147616714381601,0.20682428661845256,0.34205432614402176,0.25758013703086996,0
S.S.Nagar,0.4812765247274333,0.06147616714381601,0.36656447781007967,0.0819685557852975,0.272497812727557,0
S.S.Nagar,0.32665489844182805,0.06147616714381601,0.46146481159049346,0.23942739047176048,0.26097913548664736,0
S.S.Nagar,0.5717371726825781,0.06147616714381601,0.07539022884321446,0.3619460757437225,0.28792081771224837,0
S.S.Nagar,0.3941415936511743,0.06147616714381601,0.17471953133802318,0.4536848226107373,0.259389037580271,0
S.S.Nagar,0.2789081803970842,0.06147616714381601,0.55032428755585,0.05399482950634774,0.2342247952192464,0
S.S.Nagar,0.6200829956462369,0.06147616714381601,0.3925705859673986,0.25005046496486355,0.35149358555753696,0
S.S.Nagar,0.4282367271216282,0.06147616714381601,0.3216225420352978,0.26666082788691725,0.2726493372258118,0
S.S.Nagar,0.490152825510406,0.06147616714381601,0.08585529333616518,0.6131250258070244,0.29913615161007356,0
S.S.Nagar,0.32160809126523565,0.06147616714381601,0.03245254826960728,0.29182261890906674,0.18126958457625872,0
S.S.Nagar,0.4257638928901586,0.06147616714381601,0.2536635556724697,0.1526516756388931,0.24109067513502822,0
S.S.Nagar,0.08423399757995392,0.06147616714381601,0.2259566406148723,0.05228924148100586,0.10095946364125401,0
S.S.Nagar,0.3131249776055701,0.06147616714381601,0.27670606247750146,0.08081614570669393,0.19550022665659872,0
S.S.Nagar,0.10178144927340621,0.06147616714381601,0.2410172711451723,0.46962823661956443,0.1727140471108061,0
S.S.Nagar,0.33713431212366396,0.06147616714381601,0.2580071886286741,0.2879476383564871,0.2312334428656351,0
S.S.Nagar,0.0,0.06147616714381601,0.5314500315826312,0.32159904954107066,0.17297271389083163,0
S.S.Nagar,0.6265704358241462,0.06147616714381601,0.10902639022843258,0.31151887365581293,0.3062756117756544,0
S.S.Nagar,0.04788574639634208,0.06147616714381601,0.2180305827820023,0.5856591278047449,0.16665784710897674,0
S.S.Nagar,0.48936556150831234,0.06147616714381601,0.5912234587031034,0.41777425081591263,0.3706316260340617,0
S.S.Nagar,0.6863814969919488,0.06147616714381601,0.31434561887626405,0.1973693908988277,0.35115090650040387,0
S.S.Nagar,0.40664624480186545,0.06147616714381601,0.20719038428754377,0.16949440588671183,0.22763127356431323,0
S.S.Nagar,0.3472323922784223,0.06147616714381601,0.4782070496618171,0.2962502339868555,0.28005313247098435,0
S.S.Nagar,0.3859953158455426,0.06147616714381601,0.19322697544382794,0.372271447375764,0.2480273228842149,0
S.S.Nagar,0.20144035666884502,0.06147616714381601,0.4923509915707502,0.311836963530814,0.2341927178210127,0
H.Grounds,0.3847844906404173,0.060764887368895126,0.31328442652489763,0.5619428848309902,0.2998523559644426,0
H.Grounds,0.31106199224797454,0.060764887368895126,0.42512934654032514,0.12855197233886767,0.2314098286563548,0
H.Grounds,0.18790827780448946,0.060764887368895126,0.13316032385473237,0.3051544705843428,0.15640259880083773,0
H.Grounds,0.0,0.060764887368895126,0.2986930856337669,0.398114838755623,0.13768530915076538,0
H.Grounds,0.21958819783310998,0.060764887368895126,0.3321937922575178,0.1320926350597678,0.18133798916272575,0
H.Grounds,0.28116604471464873,0.060764887368895126,0.4016748736186645,0.3643458584554804,0.25162443535285056,0
H.Grounds,0.2968089079136751,0.060764887368895126,0.3247579182694304,0.24906196309104792,0.22442346209799807,0
H.Grounds,0.42073436550836546,0.060764887368895126,0.18411036870628716,0.4017704926236699,0.2625741417734044,0
H.Grounds,0.31595011332380996,0.060764887368895126,0.027098337530077544,0.5375713205010677,0.21486737145517765,0
H.Grounds,0.5961100739734261,0.060764887368895126,0.3261874470265146,0.23713018315186152,0.32767500897944984,0
H.Grounds,0.3017212394335853,0.060764887368895126,0.4173580751170495,0.35258252937714385,0.26019089444240484,0
H.Grounds,0.36040925579314587,0.060764887368895126,0.6021413458611018,0.5433024897265697,0.34629634836947537,0
H.Grounds,0.3761754074455827,0.060764887368895126,0.04506514593159751,0.5427202116778473,0.24031191975461907,0
H.Grounds,0.3516015851656992,0.060764887368895126,0.2096269418768535,0.5383491772880376,0.2639677859872396,0
H.Grounds,0.5603979091058182,0.060764887368895126,0.1874636442986523,0.08613630544376694,0.2647819090740004,0
H.Grounds,0.4681554824472473,0.060764887368895126,0.24839111424420596,0.21452386799412512,0.263940688115165,0
H.Grounds,0.27668117708054196,0.060764887368895126,0.3890201722778585,0.3429813992773027,0.24431912253602533,0
H.Grounds,0.44984506259841467,0.060764887368895126,0.6634036117837778,0.39388604653132014,0.36743886745656723,0
H.Grounds,0.42050635529139874,0.060764887368895126,0.791680627586182,0.21983312711586947,0.3567177851472749,0
H.Grounds,0.5447649845959918,0.060764887368895126,0.3346283981912588,0.2245665582940572,0.30950787420162595,0
H.Grounds,0.3041558624791295,0.060764887368895126,0.6607970080981549,0.25093784553845455,0.294484096528763,0
H.Grounds,0.3127287598315106,0.060764887368895126,0.33126615846567087,0.07583269602729381,0.2053126682489255,0
H.Grounds,0.43705309405103976,0.060764887368895126,0.13167384791361697,0.4083292403360626,0.25878220476166525,0
H.Grounds,0.4452022680538269,0.060764887368895126,0.08250208692873413,0.35705406617263935,0.24410878734115068,0
H.Grounds,0.37180887822062253,0.060764887368895126,0.13220591712075652,0.6605187733226519,0.2738815730104355,0
H.Grounds,0.0889416459051261,0.060764887368895126,0.15680514601887713,0.22657850606143176,0.11470684739045287,0
H.Grounds,0.23361983706500686,0.060764887368895126,0.6087109524565787,0.10784459102435554,0.23791528832839,0
H.Grounds,0.33818727138349236,0.060764887368895126,0.3647939242519562,0.3230483813328602,0.2580110532452112,0
H.Grounds,0.3331061737724291,0.060764887368895126,0.05533078258660757,0.6574776157030537,0.24450442590379828,0
H.Grounds,0.5061013475482854,0.060764887368895126,0.25609731496336485,0.23933108702188013,0.28248406389852343,0
H.Grounds,0.20590021768216915,0.060764887368895126,0.33929838751199665,0.24110634720632737,0.19432017198277618,0
H.Grounds,0.18862947382365172,0.060764887368895126,0.1485232464728467,0.2604611540761327,0.15302360445493587,0
H.Grounds,0.34675139912015496,0.060764887368895126,0.08500621319118043,0.4808103696646729,0.22871525399065978,0
H.Grounds,0.49771139097095657,0.060764887368895126,0.18157768873538482,0.39238503016081394,0.28760174532170235,0
H.Grounds,0.32126008246162024,0.060764887368895126,0.44473900655224385,0.3200686566890346,0.2676285948860396,0
H.Grounds,0.3721360319966789,0.060764887368895126,0.25544182925677933,0.2454839345237055,0.23638803343941783,0
H.Grounds,0.12372166382578581,0.060764887368895126,0.27403002001503907,0.2502707926028192,0.15387867144312425,0
H.Grounds,0.13849964853739632,0.060764887368895126,0.40803202276440087,0.514669067142421,0.2255111078230006,0
H.Grounds,0.26298531546034887,0.060764887368895126,0.3463569841903668,0.3173197197593014,0.2271436814237592,0
H.Grounds,0.27298871929029866,0.060764887368895126,0.25796531240073317,0.21447746172737267,0.1975401997015256,0
H.Grounds,0.39052361086856174,0.060764887368895126,0.19870652371914033,0.39384654624186105,0.2537310166947723,0
H.Grounds,0.36447728871916435,0.060764887368895126,0.4177341906147292,0.3053249026723436,0.27514209078617347,0
H.Grounds,0.18716022141854516,0.060764887368895126,0.33708513655980843,0.3040611776883238,0.1967617476723696,0
H.Grounds,0.08970575448156126,0.060764887368895126,0.39876144528301755,0.27774201342898047,0.17104007135016555,0
H.Grounds,0.5438389288087746,0.060764887368895126,0.38077054893488804,0.18878191758626706,0.3130444887186573,0
H.Grounds,0.52217185048701,0.060764887368895126,0.22212158833241546,0.3562035965084544,0.29884447102387324,0
H.Grounds,0.636228588563563,0.060764887368895126,0.22098218353786492,0.26909138526475784,0.32546961670520225,0
H.Grounds,0.0,0.060764887368895126,0.9227818533467343,0.5366150689044054,0.2832780972156762,0
H.Grounds,0.5938111608531942,0.060764887368895126,0.20738305905931287,0.18765377216531606,0.29568805014594646,0
H.Grounds,0.4721110313871064,0.060764887368895126,0.2196277041384746,0.13180204248057759,0.24716417439593732,0
Airport,0.46479115042638774,0.06017645863538891,0.4409426668636367,0.12271533862719572,0.2873256744066591,0
Airport,0.3185875558463791,0.06017645863538891,0.5321696420696501,0.32042521575600663,0.28405629291418033,0
Airport,0.44986806198277696,0.06017645863538891,0.5176871651219992,0.38389532469534643,0.3366284910132904,0
Airport,0.47056944100997633,0.06017645863538891,0.4087768295533542,0.6592094491173438,0.3633890252223808,0
Airport,0.2074512777843775,0.06017645863538891,0.2832135406247869,0.35563509556345907,0.20064885727462503,0
Airport,0.0,0.06017645863538891,0.7113389459979086,0.476203938030708,0.23175131749480457,0
Airport,0.3700007533532298,0.06017645863538891,0.0790002939592513,0.46011654492606574,0.23237074179500722,0
Airport,0.5066489222986875,0.06017645863538891,0.6480435958439166,0.4200016889456629,0.3879890329057901,0
Airport,0.2862793381069764,0.06017645863538891,0.26450632370616123,0.3403688815566589,0.2222073029027895,0
Airport,0.35159904980513557,0.06017645863538891,0.22808808885785675,0.3078052383590245,0.23290100854783916,0
Airport,0.702600082455394,0.06017645863538891,0.45894276203502316,0.32598891942675373,0.4046498567710222,0
Airport,0.302166240767815,0.06017645863538891,0.2582094295628285,0.13482317666644192,0.19567648427188392,0
Airport,0.46102593267938513,0.06017645863538891,0.29724874331065226,0.6680112597371279,0.3390634516511011,0
Airport,0.4857883239084357,0.06017645863538891,0.0424765384072322,0.3401621465078143,0.24759848061618772,0
Airport,0.26061404454287296,0.06017645863538891,0.4118752305586456,0.20904547208070867,0.22299972010445765,0
Airport,0.47307735791079225,0.06017645863538891,0.26183235656655623,0.5074762968087367,0.31211792869401567,0
Airport,0.12063198203247238,0.06017645863538891,0.25804284776589903,0.5721124595159827,0.1976995697825592,0
Airport,0.4302637110548577,0.06017645863538891,0.20879198330249354,0.3401747326457975,0.2614298430171852,0
Airport,0.5731910019111217,0.06017645863538891,0.3371165096399666,0.37418416463234044,0.34222071488235367,0
Airport,0.23593706053006844,0.06017645863538891,0.29012852235530034,0.6829827200253289,0.261104021251,0
Airport,0.5406246975752746,0.06017645863538891,0.20549371752336187,0.5109854693959519,0.325018145656028,0
Airport,0.607451022248176,0.06017645863538891,0.4259621911630328,0.33408617578276584,0.36596615997749976,0
Airport,0.4841129662502742,0.06017645863538891,0.30967904562601045,0.6030567589956783,0.3398867987527665,0
Airport,0.1444390789214759,0.06017645863538891,0.2615066161085668,0.30293997902221675,0.16634893528817912,0
Airport,0.13023844183630962,0.06017645863538891,0.5271812434372282,0.33235810133220356,0.2189263561206012,0
Airport,0.24977339744350482,0.06017645863538891,0.1945896635612691,0.7718008005303144,0.26016167948764435,0
Airport,0.5273182020796621,0.06017645863538891,0.2714621951530718,0.44058262200964615,0.32299414065055965,0
Airport,0.13131277689215878,0.06017645863538891,0.10178504450940237,0.27321136490776593,0.1253511231409176,0
Airport,0.6011111876087222,0.06017645863538891,0.0434381754970608,0.4028523244281,0.2975573370172966,0
Airport,0.400047268284031,0.06017645863538891,0.3409362110104855,0.5479666103227172,0.3084517152405322,0
Airport,0.32366607531614394,0.06017645863538891,0.4970014583747498,0.2796162994507487,0.2726788005438293,0
Airport,0.2543201939668216,0.06017645863538891,0.29010442487401383,0.33903517007554945,0.21594116596513943,0
Airport,0.5998420182870186,0.06017645863538891,0.12069121460488516,0.09309760134070802,0.2661005271131564,0
Airport,0.3152031790102204,0.06017645863538891,0.37854696724593284,0.5836247726607975,0.2916271595925,0
Airport,0.148988758252601,0.06017645863538891,0.36120842266378905,0.443075086345622,0.2089019504636281,0
Airport,0.3664602712792886,0.06017645863538891,0.2845521965645368,0.5142918232981493,0.2803682453459974,0
Airport,0.35054820300817363,0.06017645863538891,0.0758602337373362,0.3552060246007557,0.20919775908105803,0
Airport,0.20703799459824604,0.06017645863538891,0.5150770484780536,0.4557577714843392,0.26189531111826436,0
Airport,0.4250323199680264,0.06017645863538891,0.14764436290923078,0.46167707597512403,0.2655946835575406,0
Airport,0.17215060697505635,0.06017645863538891,0.25265035593483987,0.3373641343294758,0.17944034136827575,0
Airport,0.2967831247537853,0.06017645863538891,0.1720585628178532,0.10373461588057575,0.17189893620009852,0
Airport,0.20903391365961693,0.06017645863538891,0.25016546461811234,0.19227668564733713,0.17008940314220564,0
Airport,0.1162900472973239,0.06017645863538891,0.18665312434340986,0.39824078050348444,0.15582119608888467,0
Airport,0.357850503919497,0.06017645863538891,0.38332607264266366,0.14432376355799176,0.24161439302467216,0
Airport,0.43179633748530416,0.06017645863538891,0.3494767902169383,0.5569014385933676,0.3226122295428659,0
Airport,0.4416269610631931,0.06017645863538891,0.10125570195739884,0.3052326368014534,0.238658409874432,0
Airport,0.21798787846785952,0.06017645863538891,0.203185778575519,0.10794857422804818,0.15117813690367854,0
Airport,0.3664293439138598,0.06017645863538891,0.12848394191425552,0.3085594679238355,0.21828391653189402,0
Airport,0.7690920198669948,0.06017645863538891,0.4059368596385324,0.6422926429890722,0.46476641292013215,0
Airport,0.12390255439373027,0.06017645863538891,0.27669834632901025,0.26343414414222516,0.1562736225155581,0
Magadi Road,0.36458270873411347,0.05975047773909946,0.08944176699097328,0.16196904410706586,0.1877128013929241,0
Magadi Road,0.4886793402057158,0.05975047773909946,0.07740519843779392,0.5981538438144272,0.29416702865345323,0
Magadi Road,0.4638746946375287,0.05975047773909946,0.1282975206398096,0.5467294714383357,0.2879502112885772,0
Magadi Road,0.3413313899355126,0.05975047773909946,0.2089748636223023,0.4010802735865935,0.23934814356160874,0
Magadi Road,0.5191639159677782,0.05975047773909946,0.11485077188628326,0.2106168367478219,0.25419519379988215,0
Magadi Road,0.2150669812282014,0.05975047773909946,0.6220507996087474,0.46906144587530124,0.287967963554645,0
Magadi Road,0.506846517746042,0.05975047773909946,0.5734917667823325,0.42927454280126587,0.37441095930950086,0
Magadi Road,0.2866533768434969,0.05975047773909946,0.33323221273789844,0.1641768858289058,0.2095268006388693,0
Magadi Road,0.2487058219345307,0.05975047773909946,0.4129274924186911,0.6607747883049645,0.2866738977282985,0
Magadi Road,0.2741789333791174,0.05975047773909946,0.26342056198555125,0.44413872216180317,0.23319269072580168,0
Magadi Road,0.17757548627586223,0.05975047773909946,0.4993366534182298,0.2896350526296455,0.2233891520963744,0
Magadi Road,0.4205716465148656,0.05975047773909946,0.24654048770416406,0.5576554878316914,0.2980816403175193,0
Magadi Road,0.5464705015122108,0.05975047773909946,0.20095992020150533,0.6972679379774717,0.3539719935879254,0
Magadi Road,0.5437532341673541,0.05975047773909946,0.47992958077422027,0.35893059801742655,0.35806428113776184,0
Magadi Road,0.31708706793680136,0.05975047773909946,0.627339372206717,0.17916747778527223,0.2812486132087445,0
Magadi Road,0.26308351082047415,0.05975047773909946,0.4691530048271226,0.6320874007845987,0.2986480831920101,0
Magadi Road,0.5012214585594063,0.05975047773909946,0.026432498874790218,0.1788906397617535,0.22547274955674307,0
Magadi Road,0.21877280861035722,0.05975047773909946,0.39917851239562147,0.24023931107464178,0.21036722547567543,0
Magadi Road,0.12686139174023975,0.05975047773909946,0.26990191241499306,0.49402256729648625,0.1904103980082853,0
Magadi Road,0.5033219037832273,0.05975047773909946,0.2216932395419282,0.35473559945507366,0.29163679747250604,0
Magadi Road,0.4592128667667609,0.05975047773909946,0.3865576233879703,0.26382238790298235,0.2955345295531375,0
Magadi Road,0.5096307906254698,0.05975047773909946,0.37586099629763514,0.14311316451067962,0.29293509397677325,0
Magadi Road,0.028432419352607874,0.05975047773909946,0.3022107827372928,0.37038286994400055,0.14387607713420122,0
Magadi Road,0.12791481014416733,0.05975047773909946,0.2531221984189979,0.2815829466854726,0.1555572085588089,0
Magadi Road,0.448210147462846,0.05975047773909946,0.394707926073774,0.5623403813169563,0.33809133734602415,0
Magadi Road,0.4422814654774987,0.05975047773909946,0.3522848637373131,0.5096591353908719,0.31962949929494777,0
Magadi Road,0.19648497707947185,0.05975047773909946,0.25565447253820484,0.6241884355689995,0.23145404514253587,0
Magadi Road,0.724555708516589,0.05975047773909946,0.4238314556706933,0.5131946288062398,0.4332651267576106,0
Magadi Road,0.5914162722254922,0.05975047773909946,0.33579049067360406,0.4024692964420973,0.3524493312016875,0
Magadi Road,0.4750285243164157,0.05975047773909946,0.3178962475714979,0.2981789037716649,0.29249121191252464,0
Magadi Road,0.3486099264472885,0.05975047773909946,0.21955002056372636,0.3201147048361406,0.23186582741644715,0
Magadi Road,0.35508104954955544,0.05975047773909946,0.19011393864176443,0.6794858434444861,0.2821491749091,0
Magadi Road,0.7270127793953225,0.05975047773909946,0.586123430794867,0.2824834123792342,0.43197681412595124,0
Magadi Road,0.26449717262403977,0.05975047773909946,0.247161077903362,0.15431118503942823,0.18307804707673037,0
Magadi Road,0.3757925243129515,0.05975047773909946,0.06725431165175856,0.2180666760312672,0.19561339056630464,0
Magadi Road,0.1400323972373512,0.05975047773909946,0.47204373847881514,0.5648331376172695,0.24607020069315622,0
Magadi Road,0.3386808701619797,0.05975047773909946,0.3783340421699992,0.1339170988872245,0.2322178211455062,0
Magadi Road,0.4515518722388738,0.05975047773909946,0.041705019657938616,0.7622005589410774,0.298639386378085,0
Magadi Road,0.545973913366369,0.05975047773909946,0.1478000242762801,0.40961591518362184,0.3000184051327583,0
Magadi Road,0.39545553156300295,0.05975047773909946,0.13196464437943378,0.1302479278436102,0.20226469742120917,0
Magadi Road,0.3898022529348144,0.05975047773909946,0.5279045684456478,0.3328454476865118,0.3098636626910212,0
Magadi Road,0.531342607839622,0.05975047773909946,0.290656664383376,0.5148632502448588,0.3392558764790015,0
Magadi Road,0.06550506668754835,0.05975047773909946,0.07046602125177295,0.41667298518318663,0.11744606869020432,0
Magadi Road,0.47974182398575915,0.05975047773909946,0.4512390474036839,0.1470201554821202,0.29813561451980036,0
Magadi Road,0.33830727857958387,0.05975047773909946,0.36205604969380434,0.3754298011535404,0.2650583709363761,0
Magadi Road,0.824346355812892,0.05975047773909946,0.352049947538352,0.550144395945029,0.45937801675566675,0
Magadi Road,0.5758475728748731,0.05975047773909946,0.044169926000148976,0.6517309015478604,0.32606541426014424,0
Magadi Road,0.7141103472911632,0.05975047773909946,0.31642844777804136,0.11949423176346702,0.34907358919376524,0
Magadi Road,0.4304024792552971,0.05975047773909946,0.26201254368626986,0.2584623971535035,0.25973787937136333,0
Magadi Road,0.3095979488338289,0.05975047773909946,0.7632437473067889,0.08080117211030285,0.2910533506914732,0
Vijayanagar,0.7095240916329574,0.058507760087469426,0.43381359486555465,0.31397885111796237,0.3997453067385812,0
Vijayanagar,0.4740411411899384,0.058507760087469426,0.27823422812844195,0.7829970532180236,0.35656313105111115,0
Vijayanagar,0.44603203884140835,0.058507760087469426,0.3013115957781386,0.1589161224758907,0.25776327914774505,0
Vijayanagar,0.1365706473248531,0.058507760087469426,0.538559526715361,0.419054606548689,0.23592215091531493,0
Vijayanagar,0.3701800854191684,0.058507760087469426,0.31285268283081136,0.33478586179816844,0.2599037737588373,0
Vijayanagar,0.5658018451739433,0.058507760087469426,0.15816590869016522,0.519466438368055,0.3251361213303623,0
Vijayanagar,0.3671606600547619,0.058507760087469426,0.1833129820850301,0.6026147001046758,0.27311336047811485,0
Vijayanagar,0.5197032356509433,0.058507760087469426,0.2787504249088536,0.0863334310537733,0.2681485601439077,0
Vijayanagar,0.35068625437053574,0.058507760087469426,0.5084380162965227,0.29613853784332694,0.2864009009917319,0
Vijayanagar,0.16100782564257227,0.058507760087469426,0.10183979923962652,0.5944759163764184,0.18344441430552919,0
Vijayanagar,0.22717949691376213,0.058507760087469426,0.3160807586912103,0.3007583457805819,0.20539505555138693,0
Vijayanagar,0.26386573694660453,0.058507760087469426,0.30880386829062356,0.2930216174963439,0.2156193522401287,0
Vijayanagar,0.40751083354261186,0.058507760087469426,0.10060969484035785,0.40657843005157124,0.24128982324196221,0
Vijayanagar,0.6891996881030176,0.058507760087469426,0.25580626250277844,0.37607184159848933,0.36634424760262607,0
Vijayanagar,0.49910390990515197,0.058507760087469426,0.2635929161763356,0.2821748278186946,0.28728350390111534,0
Vijayanagar,0.34414422586133003,0.058507760087469426,0.4326209015744755,0.2456151464043319,0.2613692593532512,0
Vijayanagar,0.37765617412464425,0.058507760087469426,0.33280738759230016,0.5298812654727904,0.2957756563092449,0
Vijayanagar,0.23806180354820422,0.058507760087469426,0.09100523548209165,0.4577709034917013,0.18774064188828582,0
Vijayanagar,0.03869002462593635,0.058507760087469426,0.19856902796690418,0.577952010763152,0.1575004438531722,0
Vijayanagar,0.5615848303543661,0.058507760087469426,0.3790855648109516,0.42333910221893906,0.35342499694530016,0
Vijayanagar,0.2969384361677897,0.058507760087469426,0.3511011172674482,0.11465509507292486,0.2088992683993956,0
Vijayanagar,0.0,0.058507760087469426,0.13486760409759796,0.4145276437648197,0.10670499541048337,0
Vijayanagar,0.41543501974889485,0.058507760087469426,0.6647531921073059,0.23212722435029637,0.3307243070123596,0
Vijayanagar,0.14200321232200644,0.058507760087469426,0.23106954690912146,0.7850481359136845,0.23122458210782004,0
Vijayanagar,0.30904271685668405,0.058507760087469426,0.029099493265736992,0.19067943940321624,0.16013909348971006,0
Vijayanagar,0.26085837584421434,0.058507760087469426,0.470568580928261,0.28632623788848577,0.24591541144064089,0
Vijayanagar,0.4012338604845397,0.058507760087469426,0.4225131820876978,0.15672268845507048,0.26599521888162986,0
Vijayanagar,0.3690479241596828,0.058507760087469426,0.33495064218181303,0.20099041155008818,0.24385779165100563,0
Vijayanagar,0.1181830527606672,0.058507760087469426,0.3259447548947553,0.16060273938410868,0.1481957583790417,0
Vijayanagar,0.016761120674303576,0.058507760087469426,0.04167706570593052,0.1449558549917398,0.053497511652194144,0
Vijayanagar,0.45272997593022896,0.058507760087469426,0.5783410718079628,0.10722435746025956,0.3077596875824524,0
Vijayanagar,0.5747778514302282,0.058507760087469426,0.7586079333784925,0.4679485795239997,0.44063844963111914,0
Vijayanagar,0.5337220960826955,0.058507760087469426,0.26246526820309424,0.4564564344415759,0.3253165804620395,0
Vijayanagar,0.21578905653999678,0.058507760087469426,0.33966352116328014,0.31919105927021385,0.2088898609384278,0
Vijayanagar,0.6896489450396297,0.058507760087469426,0.31013401154337156,0.479520360974576,0.3928843152449719,0
Vijayanagar,0.8146166585087165,0.058507760087469426,0.35409107494955633,0.2238630164851464,0.40706582596697477,0
Vijayanagar,0.30126219595860393,0.058507760087469426,0.18421586896840303,0.2419187698589021,0.1961250858842681,0
Vijayanagar,0.27414405641323386,0.058507760087469426,0.4215796461791319,0.2241877419265904,0.23144683829568763,0
Vijayanagar,0.3539861304389981,0.058507760087469426,0.3621403495404545,0.17648675190400764,0.2403485563735822,0
Vijayanagar,0.2540623349933536,0.058507760087469426,0.39109352394998537,0.3702943644094638,0.24023700472533124,0
Vijayanagar,0.18568377414337658,0.058507760087469426,0.2891521076281076,0.455696011838057,0.2087264722777527,0
Vijayanagar,0.3156233199396466,0.058507760087469426,0.1394555266680804,0.1532152045243817,0.17889387601739046,0
Vijayanagar,0.37013500154801315,0.058507760087469426,0.36596145466905206,0.5861348404891091,0.3082120955752222,0
Vijayanagar,0.6472155892456948,0.058507760087469426,0.1555287762063983,0.4030746177037589,0.3356447321590775,0
Vijayanagar,0.6705620082025654,0.058507760087469426,0.3495547138502642,0.5284003781107041,0.40142003038379714,0
Vijayanagar,0.06561349623704837,0.058507760087469426,0.4847246767483392,0.10289998408048834,0.15289698467094887,0
Vijayanagar,0.39118662268473847,0.058507760087469426,0.275941117165811,0.2961569395937957,0.2540794103381308,0
Vijayanagar,0.4791456626099425,0.058507760087469426,0.19602473783037858,0.617991241735079,0.31715694376605824,0
Vijayanagar,0.5205924486139775,0.058507760087469426,0.35292950262669054,0.49220293956101546,0.34417602650062334,0
Vijayanagar,0.24695140188138393,0.058507760087469426,0.27070164520305057,0.2612528218413094,0.1973135710015317,0
Cubbon Park,0.44336082704886814,0.05846704910589466,0.4078547602645683,0.5142463034071575,0.33142430176285953,0
Cubbon Park,0.4147785314330498,0.05846704910589466,0.10223590032196263,0.32386253083612665,0.23173916042314735,0
Cubbon Park,0.23179778572594276,0.05846704910589466,0.2547749955789032,0.4729725609442426,0.22057022299326537,0
Cubbon Park,0.2759648882869169,0.05846704910589466,0.11610373427318235,0.2497991125518439,0.1748184393696024,0
Cubbon Park,0.27304882956228116,0.05846704910589466,0.6040206652662705,0.6317469806696415,0.32867338523226713,0
Cubbon Park,0.39379071841753044,0.05846704910589466,0.6427258616548339,0.2237148095157342,0.31746925993623093,0
Cubbon Park,0.15582392580287302,0.05846704910589466,0.048141995399935106,0.3801190652606537,0.13872474763185905,0
Cubbon Park,0.2167350787248855,0.05846704910589466,0.18799703590940353,0.5048978322366937,0.2067314743028631,0
Cubbon Park,0.20184918373989222,0.05846704910589466,0.3558855906336125,0.6150241653234937,0.25161807196597724,0
Cubbon Park,0.4035049064260023,0.05846704910589466,0.7084179121756414,0.1576439494545892,0.3240970068341859,0
Cubbon Park,0.20560829387255453,0.05846704910589466,0.34716608936096544,0.07862380864751925,0.17072980675648344,0
Cubbon Park,0.4384310788519128,0.05846704910589466,0.29794428815797086,0.14084528814545832,0.2517066431833508,0
Cubbon Park,0.22269130104881918,0.05846704910589466,0.3748338224310027,0.07536769531247291,0.18175398888192656,0
Cubbon Park,0.2984331424691015,0.05846704910589466,0.32742022424965683,0.1895683473812882,0.2159110115530785,0
Cubbon Park,0.6749689458929768,0.05846704910589466,0.24187898918805717,0.5277342671881495,0.3813151837101441,0
Cubbon Park,0.0,0.05846704910589466,0.20467621692118088,0.6583983646009315,0.1572351128061443,0
Cubbon Park,0.42808009507030453,0.05846704910589466,0.08822950352004448,0.20516797130341857,0.21578924440589667,0
Cubbon Park,0.34747331892014904,0.05846704910589466,0.3190622165097279,0.25125091633505947,0.24065585710602505,0
Cubbon Park,0.8823688112189745,0.05846704910589466,0.5443725562203866,0.4705626497186867,0.5058281073602898,0
Cubbon Park,0.10386202604686234,0.05846704910589466,0.6977291797836934,0.3078096964718603,0.23960911427568793,0
Cubbon Park,0.3013695679950997,0.05846704910589466,0.38069401534569197,0.5612391692263123,0.2833441419831385,0
Cubbon Park,0.32606364189276077,0.05846704910589466,0.18671744699866352,0.2964815530731728,0.21347811175494327,0
Cubbon Park,0.5260248734414859,0.05846704910589466,0.5099681399211311,0.2666621986551506,0.3436417782187873,0
Cubbon Park,0.48614670688776523,0.05846704910589466,0.0637539490926674,0.12019425746987313,0.21847139058150067,0
Cubbon Park,0.3729955223463965,0.05846704910589466,0.37372727703527625,0.20664776703870258,0.2538311680158678,0
Cubbon Park,0.2391298878838033,0.05846704910589466,0.12139316256901703,0.4651017285640548,0.19527946728951118,0
Cubbon Park,0.4111909045721211,0.05846704910589466,0.5679117624780691,0.5362088463538585,0.35547061078070336,0
Cubbon Park,0.40525437835139044,0.05846704910589466,0.11715272906149421,0.5658521774323575,0.2676875195819075,0
Cubbon Park,0.4170393666298848,0.05846704910589466,0.19278571215910878,0.14568606226190872,0.22391394482333613,0
Cubbon Park,0.10082491293278922,0.05846704910589466,0.31370588677460026,0.1637404132464017,0.14013107360012494,0
Cubbon Park,0.603310512512972,0.05846704910589466,0.5195345303128259,0.5274796314886119,0.4117276448971655,0
Cubbon Park,0.5012717935079624,0.05846704910589466,0.0908162971991096,0.12391379846732899,0.22973557166947647,0
Cubbon Park,0.47157360986816643,0.05846704910589466,0.3939113099889653,0.42970692119741827,0.3258291783630325,0
Cubbon Park,0.4384588557545523,0.05846704910589466,0.09574552821900027,0.05146629586214511,0.1978697642689835,0
Cubbon Park,0.29711761267864123,0.05846704910589466,0.3414932590283331,0.5135705432619793,0.2668655124642563,0
Cubbon Park,0.3226146235275838,0.05846704910589466,0.16462779419242163,0.2246413422311178,0.19707699313957472,0
Cubbon Park,0.2642815523446903,0.05846704910589466,0.17393837716274663,0.9038170313479239,0.28039888818714787,0
Cubbon Park,0.5636427679052959,0.05846704910589466,0.34326974824348083,0.5339638502306192,0.36356361068191095,0
Cubbon Park,0.38224067228822095,0.05846704910589466,0.5656564721316462,0.18144363094151755,0.2916721891002026,0
Cubbon Park,0.36968517862072325,0.05846704910589466,0.7032647850907117,0.3526150424416207,0.34047514063340695,0
Cubbon Park,0.42449242875293514,0.05846704910589466,0.19499049286953538,0.1137677044859609,0.22217571904209688,0
Cubbon Park,0.384482734211041,0.05846704910589466,0.32350943268310633,0.5266547243859083,0.29580916690014025,0
Cubbon Park,0.34681623213136764,0.05846704910589466,0.3277905075533055,0.263169295906091,0.24395929187432183,0
Cubbon Park,0.18118771585213397,0.05846704910589466,0.158164190979331,0.6573513040804105,0.21119134908794307,0
Cubbon Park,0.22920921748370868,0.05846704910589466,0.514279500500713,0.12958826645487753,0.2200574809194407,0
Cubbon Park,0.5867183405167062,0.05846704910589466,0.624906840854433,0.580225477767374,0.4349067237486083,0
Cubbon Park,0.3275995697076709,0.05846704910589466,0.2897635451131986,0.3058165049817981,0.23602514889936263,0
Cubbon Park,0.6550238340304302,0.05846704910589466,0.04700344920619201,0.2547598048465667,0.2944131172106424,0
Cubbon Park,0.32650317123424655,0.05846704910589466,0.12271630384299773,0.6171354534996563,0.24892980345730265,0
Cubbon Park,0.2998195961509005,0.05846704910589466,0.13968125904275586,0.2141005139167368,0.18252830228064523,0
R T Nagar,0.30451246509099716,0.056268618526895506,0.2311820490163995,0.20173592701005205,0.19995674719470535,0
R T Nagar,0.2913205358168257,0.056268618526895506,0.5516150347634123,0.3879659326844461,0.28736066994930703,0
R T Nagar,0.29724884409159885,0.056268618526895506,0.24782033123563968,0.3287987495124365,0.21980155966412165,0
R T Nagar,0.02375235419268723,0.056268618526895506,0.1491620611935886,0.37847711495128233,0.11179788900691925,0
R T Nagar,0.6349174637895665,0.056268618526895506,0.1507184885244637,0.23883214714143228,0.3050702176605245,0
R T Nagar,0.11492894307555157,0.056268618526895506,0.23071119813567162,0.4808003141003695,0.17536800237670142,0
R T Nagar,0.4471147338525694,0.056268618526895506,0.1471601574829869,0.33917121787616505,0.25367845658449006,0
R T Nagar,0.5387302954838118,0.056268618526895506,0.30193863022526923,0.20451529652395972,0.2965012095010506,0
R T Nagar,0.230069540808298,0.056268618526895506,0.5706733374963155,0.16541083585773247,0.23635121771889595,0
R T Nagar,0.6732489480838446,0.056268618526895506,0.19880403092993124,0.5985922584540369,0.382067362341506,0
R T Nagar,0.33362971293416993,0.056268618526895506,0.15256326447940827,0.3581335568503811,0.21788367150846694,0
R T Nagar,0.24950189732024583,0.056268618526895506,0.19246597256614417,0.19140465636958467,0.17141014258882123,0
R T Nagar,0.47716247397052447,0.056268618526895506,0.14176866693891058,0.3602504567237316,0.26627875334409407,0
R T Nagar,0.2519625935718779,0.056268618526895506,0.27585276937592146,0.1713797482407712,0.18594500941952588,0
R T Nagar,0.41231814904942254,0.056268618526895506,0.3244837954500229,0.2573633564868011,0.2646932002883913,0
R T Nagar,0.5194945594802797,0.056268618526895506,0.3143299458685095,0.032244414928253064,0.2664063327891064,0
R T Nagar,0.5355187030136029,0.056268618526895506,0.2358194691886261,0.31301912384031183,0.29842889402660167,0
R T Nagar,0.45576575192472357,0.056268618526895506,0.4652331752877203,0.1616923390045431,0.2936990846399475,0
R T Nagar,0.44493584520175056,0.056268618526895506,0.49860349012690625,0.2555449571662306,0.31066057297899713,0
R T Nagar,0.6223168425378631,0.056268618526895506,0.16573924648399274,0.3198426073463908,0.3158157208450779,0
R T Nagar,0.3525054614257709,0.056268618526895506,0.307203793284331,0.08563089547039696,0.2145428900345142,0
R T Nagar,0.30370153863749294,0.056268618526895506,0.20523775429539864,0.34741796791087226,0.21633637012690174,0
R T Nagar,0.6168807463861932,0.056268618526895506,0.10781462547502323,0.31334557608789654,0.3013536083014253,0
R T Nagar,0.4259440250222761,0.056268618526895506,0.6425706867145854,0.7146587475966861,0.40167394379828525,0
R T Nagar,0.20752351814368164,0.056268618526895506,0.3798975535295335,0.6970207862256035,0.2700464455481045,0
R T Nagar,0.4439248054865752,0.056268618526895506,0.4299671206450198,0.5001649032247765,0.3332724270910904,0
R T Nagar,0.1835865606717562,0.056268618526895506,0.16772860972944606,0.24064082060549039,0.1507777268298961,0
R T Nagar,0.20368435782952193,0.056268618526895506,0.29152737389163136,0.28508828370440353,0.18923882813238813,0
R T Nagar,0.41440116710223757,0.056268618526895506,0.07023406925599085,0.5414010565394861,0.2571779663759729,0
R T Nagar,0.4251188127108866,0.056268618526895506,0.2397079477796873,0.3297094010086658,0.2630701697141163,0
R T Nagar,0.18784927946696744,0.056268618526895506,0.4886391417929036,0.47449688261528755,0.2515301941223811,0
R T Nagar,0.4828054531561332,0.056268618526895506,0.4716110108118391,0.24439767207951102,0.3168443471370097,0
R T Nagar,0.344640052356961,0.056268618526895506,0.2735727988243926,0.4737649259768896,0.26328390254441697,0
R T Nagar,0.46532979991802703,0.056268618526895506,0.03995494847393512,0.28586341101167995,0.23061651687591714,0
R T Nagar,0.610994839167409,0.056268618526895506,0.19729876882390834,0.6142936541182576,0.3623325811491821,0
R T Nagar,0.47034016814777174,0.056268618526895506,0.42507939299093866,0.33171245803268,0.31627239171287846,0
R T Nagar,0.21723264504390238,0.056268618526895506,0.6714349523347958,0.5034876432888313,0.30272214828371835,0
R T Nagar,0.16005432184859086,0.056268618526895506,0.3780135299956131,0.24624270851261704,0.18543871048109062,0
R T Nagar,0.07221710333658604,0.056268618526895506,0.3193459856270796,0.11237322385129953,0.12288175242898462,0
R T Nagar,0.4017803234490687,0.056268618526895506,0.23737607021716392,0.36384117758545276,0.2595550894464934,0
R T Nagar,0.02621705163204907,0.056268618526895506,0.4353510099664126,0.3071977815555777,0.159206422855905,0
R T Nagar,0.7984313054463947,0.056268618526895506,0.18056994514541663,0.15491903074781968,0.355683386105563,0
R T Nagar,0.5585741698184488,0.056268618526895506,0.5454541660744399,0.3274351218748013,0.3705876464906339,0
R T Nagar,0.10516507049250756,0.056268618526895506,0.2409509886745024,0.5565640205332182,0.18536316104532952,0
R T Nagar,0.22644173540502066,0.056268618526895506,0.29883855288729405,0.6298873865760598,0.25038601151369366,0
R T Nagar,0.33770570419530604,0.056268618526895506,0.45457379773128,0.24481583637391338,0.26271471702876875,0
R T Nagar,0.2917441073178254,0.056268618526895506,0.22688393291625505,0.4124208541395794,0.22623093782349546,0
R T Nagar,0.3019024399546509,0.056268618526895506,0.4773048971474147,0.0480649531254062,0.22521716194049035,0
R T Nagar,0.311065589661233,0.056268618526895506,0.801893321060169,0.06139814692798243,0.29534192819073135,0
R T Nagar,0.4798305897326335,0.056268618526895506,0.24761148743564892,0.34157686929012276,0.28558011984513854,0
Chamarajpet,0.20172713570911815,0.05356919163113306,0.04510309425536099,0.6240825599265334,0.18930825782758348,0
Chamarajpet,0.3908162476574544,0.05356919163113306,0.17988303939007705,0.3149126795856531,0.2360699539853123,0
Chamarajpet,0.2584225798541714,0.05356919163113306,0.4173536960979675,0.5103286530016367,0.2665386976081389,0
Chamarajpet,0.6665992312723559,0.05356919163113306,0.3781578548760583,0.7331904133983469,0.43499062141962813,0
Chamarajpet,0.39013077929588735,0.05356919163113306,0.44287215432459603,0.6507376211538807,0.3388016042809018,0
Chamarajpet,0.29946255404915817,0.05356919163113306,0.6897003181383253,0.433582432585549,0.3238600799220427,0
Chamarajpet,0.5653855320869579,0.05356919163113306,0.35863427329389647,0.09939429864613913,0.3005916931754753,0
Chamarajpet,0.3087782188934929,0.05356919163113306,0.4003197147445715,0.2716300018779703,0.24495157733267228,0
Chamarajpet,0.5388558841382088,0.05356919163113306,0.5127378394414908,0.8585018833079378,0.43599316732220184,0
Chamarajpet,0.44916378691859327,0.05356919163113306,0.4425100800721804,0.12547293049816227,0.280601038500008,0
Chamarajpet,0.6335468120518408,0.05356919163113306,0.20142342119670117,0.25874230112308794,0.31690817111528763,0
Chamarajpet,0.49484468993933417,0.05356919163113306,0.5408000258316541,0.2486901175138948,0.33472992176152194,0
Chamarajpet,0.3728413560700429,0.05356919163113306,0.25565954544997954,0.5076754385317691,0.27384845698361615,0
Chamarajpet,0.35014358926450984,0.05356919163113306,0.3763763715249259,0.03819868552431576,0.21962609086555088,0
Chamarajpet,0.4039772271832359,0.05356919163113306,0.3071303872771366,0.2103091058743981,0.25043523034005954,0
Chamarajpet,0.42648952007998253,0.05356919163113306,0.5834508650750636,0.5501111234200347,0.3645489310453517,0
Chamarajpet,0.030655086498953765,0.05356919163113306,0.4034403473585697,0.5919101074350986,0.19627462335095247,0
Chamarajpet,0.3474378519937931,0.05356919163113306,0.5014074198890289,0.5640126769835199,0.32255739121250127,0
Chamarajpet,0.4154645246168827,0.05356919163113306,0.3820719779861078,0.3130591871750611,0.2848566147787296,0
Chamarajpet,0.1999437591275922,0.05356919163113306,0.5144784726695726,0.20923432854513108,0.22033191699968135,0
Chamarajpet,0.4407620791103967,0.05356919163113306,0.5991896814024523,0.30848221479953253,0.3364477536783991,0
Chamarajpet,0.28857831309500886,0.05356919163113306,0.2300898684486235,0.17145080631224455,0.18880876170915442,0
Chamarajpet,0.38222615408144617,0.05356919163113306,0.4456630672557402,0.19529976832890342,0.26827749011832963,0
Chamarajpet,0.17323370557617518,0.05356919163113306,0.2941241404261652,0.33686755366965687,0.1860575155766828,0
Chamarajpet,0.2738841514314193,0.05356919163113306,0.5254569664025437,0.2880339614252945,0.2602266979846396,0
Chamarajpet,0.4638601187949246,0.05356919163113306,0.6743907427526808,0.27868296611341703,0.3551023925351123,0
Chamarajpet,0.20929384672946222,0.05356919163113306,0.5198870524467868,0.32560208376057426,0.2421413268980952,0
Chamarajpet,0.14856377516771316,0.05356919163113306,0.19730191014462517,0.49069836102884373,0.1811332149812911,0
Chamarajpet,0.0,0.05356919163113306,0.4184412302884183,0.591219573894857,0.1884419396312521,0
Chamarajpet,0.36463426470887744,0.05356919163113306,0.5132952705339151,0.48838241594470777,0.3196091666359362,0
Chamarajpet,0.16804120297660952,0.05356919163113306,0.22601292497326508,0.4669403594529369,0.1901288174437468,0
Chamarajpet,0.4430980080973645,0.05356919163113306,0.33954433943667633,0.5738864315059915,0.3251468929366515,0
Chamarajpet,0.1764336073731703,0.05356919163113306,0.2944664558158329,0.3416907628187263,0.18796942565592506,0
Chamarajpet,0.387769604221549,0.05356919163113306,0.1202826409577048,0.2944360498149511,0.22001205463066567,0
Chamarajpet,0.24368180999702438,0.05356919163113306,0.22659365623496713,0.6659892186609855,0.24657650503443967,0
Chamarajpet,0.3893162942515432,0.05356919163113306,0.2899383789218072,0.37209151591042805,0.2661328636483057,0
Chamarajpet,0.34289943746782015,0.05356919163113306,0.4675059538361469,0.13795599183217178,0.2502801501451321,0
Chamarajpet,0.4112952048263865,0.05356919163113306,0.5045205726705978,0.7375037327734113,0.3715537536287064,0
Chamarajpet,0.5396537952224186,0.05356919163113306,0.516255664588962,0.7261921497999657,0.4171295412049737,0
Chamarajpet,0.1556858523152184,0.05356919163113306,0.45574944530225153,0.25360007070036733,0.19975070546517176,0
Chamarajpet,0.29875942637047714,0.05356919163113306,0.15324995829709095,0.1462363808678781,0.17322200550860684,0
Chamarajpet,0.32560563579184665,0.05356919163113306,0.43563432748886083,0.15762045459854526,0.2408026637040402,0
Chamarajpet,0.04994631836833513,0.05356919163113306,0.5313515016648345,0.24118295038063198,0.1759997118083189,0
Chamarajpet,0.3654683766839313,0.05356919163113306,0.3328577886069369,0.5962248341396483,0.2999899721710505,0
Chamarajpet,0.4830406467233701,0.05356919163113306,0.4298285429647731,0.2670914882726408,0.3111644156763702,0
Chamarajpet,0.5162237372306068,0.05356919163113306,0.1175087103528061,0.7184433928461865,0.32801731651754146,0
Chamarajpet,0.2895056394510285,0.05356919163113306,0.24483743028943425,0.24069831776585845,0.2024699650199655,0
Chamarajpet,0.4390157562443434,0.05356919163113306,0.39854762320253684,0.48450508958130617,0.3221115602525634,0
Chamarajpet,0.3379024920195235,0.05356919163113306,0.5587368366514848,0.2784840885216842,0.28785661030472276,0
Chamarajpet,0.30904802061902803,0.05356919163113306,0.2424905172646151,0.1991196518481935,0.20260361593615178,0
W.Garden,0.2823900880271753,0.05287673231592272,0.5537554388550081,0.3202421701658482,0.273486963800167,0
W.Garden,0.6253190800438787,0.05287673231592272,0.4120207006328436,0.5283065494269438,0.39637482025074466,0
W.Garden,0.260461516312337,0.05287673231592272,0.39392438123192025,0.2627232341342838,0.22521791177062137,0
W.Garden,0.25238174769084193,0.05287673231592272,0.33503763130614456,0.4868167812436641,0.24422667483435,0
W.Garden,0.20897146441088818,0.05287673231592272,0.27925693350097297,0.2583467666342618,0.18360643393392154,0
W.Garden,0.032283041267005985,0.05287673231592272,0.2599074810234555,0.14374810268650717,0.1007057957458961,0
W.Garden,0.5914527719714374,0.05287673231592272,0.20809627014232093,0.4991870078882915,0.3393687950964879,0
W.Garden,0.4080074212311075,0.05287673231592272,0.2571223839771298,0.03368714667335268,0.21514316592209332,0
W.Garden,0.4724045135776729,0.05287673231592272,0.2981842784340662,0.6978013080077272,0.34551165133493467,0
W.Garden,0.28624985245044193,0.05287673231592272,0.12444788517427698,0.23057424057016634,0.17552618117281182,0
W.Garden,0.3072023925358617,0.05287673231592272,0.3053160289050532,0.26604196428907523,0.22435335750670032,0
W.Garden,0.5185775831106076,0.05287673231592272,0.5716583816078821,0.3070685000256186,0.3577571251089087,0
W.Garden,0.745628089092192,0.05287673231592272,0.3223444955639532,0.5221315267278123,0.4196214789990065,0
W.Garden,0.7224528477460551,0.05287673231592272,0.21367675474018388,0.3092664626092615,0.3578468367453221,0
W.Garden,0.44707565935690013,0.05287673231592272,0.4809590209446331,0.36022064736383325,0.3225644017631935,0
W.Garden,0.2253764944433476,0.05287673231592272,0.13700710575982925,0.3474753959651051,0.17426752329668008,0
W.Garden,0.38846080360092305,0.05287673231592272,0.30185424424546126,0.3701250567602591,0.267713908318231,0
W.Garden,0.09563381837102697,0.05287673231592272,0.16128371246204687,0.3813959849734304,0.13880099636306018,0
W.Garden,0.5420152379364875,0.05287673231592272,0.42649894018988105,0.5934159814559725,0.37988053822891954,0
W.Garden,0.38274489433647985,0.05287673231592272,0.35370597453605757,0.07783743779366335,0.23224054328880578,0
W.Garden,0.1983648335007305,0.05287673231592272,0.21390052869877096,0.07498323537451577,0.13931830246596405,0
W.Garden,0.46423399687937544,0.05287673231592272,0.28057582955838384,0.46306602452300166,0.30391998819268523,0
W.Garden,0.3946165961651152,0.05287673231592272,0.292070279175932,0.39470300460280666,0.27159833487817453,0
W.Garden,0.49883642322353144,0.05287673231592272,0.2627007595043767,0.1529326473189911,0.26593581682173684,0
W.Garden,0.30126642979876395,0.05287673231592272,0.27582902052767916,0.300119631850394,0.22149001900743912,0
W.Garden,0.7140984845433682,0.05287673231592272,0.33823816239344623,0.3424160027161735,0.38480752217107095,0
W.Garden,0.2873906576206492,0.05287673231592272,0.08946857312800292,0.713638121631099,0.24138918273226945,0
W.Garden,0.2630817149453693,0.05287673231592272,0.4860832851144407,0.17867765147992098,0.23195992467053236,0
W.Garden,0.3095691182120155,0.05287673231592272,0.16000109157746134,0.47522173612203233,0.22749568980277934,0
W.Garden,0.6045999367048207,0.05287673231592272,0.0735521251383976,0.30830178190408003,0.28842868985475556,0
W.Garden,0.6484165999337063,0.05287673231592272,0.45958946383386845,0.8151124741501029,0.4569935935608631,0
W.Garden,0.3982879623163758,0.05287673231592272,0.19976328030772947,0.5070295499347721,0.2712708950572701,0
W.Garden,0.5571197811491941,0.05287673231592272,0.48786596879912175,0.5352215815545034,0.3887113740899946,0
W.Garden,0.5010994826954154,0.05287673231592272,0.16693880103351974,0.15289850435900454,0.24757037449872682,0
W.Garden,0.22372279172212967,0.05287673231592272,0.07648749207719951,0.5319599012095055,0.18925748039438792,0
W.Garden,0.3724654111096606,0.05287673231592272,0.49179107360001945,0.3973375725670354,0.3041847641882172,0
W.Garden,0.2956639606964384,0.05287673231592272,0.1865034681803568,0.3797325826494032,0.2136059869720121,0
W.Garden,0.12389511614372734,0.05287673231592272,0.43221420046554027,0.1387580236450714,0.16648285398495016,0
W.Garden,0.0,0.05287673231592272,0.37405173957628385,0.5627425201672032,0.17508474563511406,0
W.Garden,0.15099677536248393,0.05287673231592272,0.18522718557729798,0.6096460896004094,0.1972042416271672,0
W.Garden,0.31022459277792425,0.05287673231592272,0.2390429367343532,0.3853062283116076,0.23004614876066204,0
W.Garden,0.34697810623228087,0.05287673231592272,0.5286075792705042,0.2904900259993079,0.28660037663007215,0
W.Garden,0.4905470295675248,0.05287673231592272,0.22350276919040676,0.2793440093599575,0.2741566352854855,0
W.Garden,0.17133595573732294,0.05287673231592272,0.3302622350363918,0.1456356965294437,0.16372840568953473,0
W.Garden,0.5329218212754625,0.05287673231592272,0.2765767902453325,0.1034980657548257,0.27322572505347903,0
W.Garden,0.6189948941343768,0.05287673231592272,0.17718267988379002,0.3179276157300007,0.31563691097806684,0
W.Garden,0.48558308355894675,0.05287673231592272,0.12399834833759825,0.31248589551298944,0.25748965293487625,0
W.Garden,0.3615280927564039,0.05287673231592272,0.41796301877997544,0.34073986031368086,0.2771014349625654,0
W.Garden,0.3192977327471467,0.05287673231592272,0.2515901198963894,0.5514864735108143,0.2606582211621782,0
W.Garden,0.46155956671877185,0.05287673231592272,0.1844119114436161,0.11923819842898346,0.2321769800994177,0
F.Town,0.3775555286134591,0.0516965091188991,0.5003481081340918,0.5699163050815079,0.333210455139425,0
F.Town,0.6117228971434014,0.0516965091188991,0.4437509820336751,0.20276202440386693,0.3487764668031753,0
F.Town,0.534707809901585,0.0516965091188991,0.34872873597774107,0.1762831684127143,0.2988449086586798,0
F.Town,0.46168484242873786,0.0516965091188991,0.08863664754364732,0.7654623391350373,0.309645327964713,0
F.Town,0.865800946304282,0.0516965091188991,0.7841057710318685,0.29478557459679966,0.519578274338062,0
F.Town,0.2580125563483263,0.0516965091188991,0.35761103333144345,0.12715522396984216,0.19640883771934897,0
F.Town,0.3149969311187,0.0516965091188991,0.19805659564038128,0.2738299072748779,0.20644368384652265,0
F.Town,0.2994735055270097,0.0516965091188991,0.17559952467489875,0.34018424019743143,0.20647222063471757,0
F.Town,0.5764908690914472,0.0516965091188991,0.222003464518927,0.07889858021354516,0.27351623685349347,0
F.Town,0.591580165388126,0.0516965091188991,0.5105262881506288,0.3973025129925118,0.3842626452005164,0
F.Town,0.4434499460118627,0.0516965091188991,0.25790437320753684,0.296530630734228,0.26677690309146324,0
F.Town,0.3961084733909683,0.0516965091188991,0.09307636934329705,0.44799463558916613,0.23996138762954294,0
F.Town,0.608067197694242,0.0516965091188991,0.28391745566942583,0.5474078657025785,0.36722714291792635,0
F.Town,0.2552207547247968,0.0516965091188991,0.28851094897666313,0.2500676595997351,0.2000485556246415,0
F.Town,0.7056042082671059,0.0516965091188991,0.11700699807664383,0.4008545774619364,0.34600001186377605,0
F.Town,0.5533229798199668,0.0516965091188991,0.2243128785780883,0.05868168410840298,0.26283682400453623,0
F.Town,0.7038190102361277,0.0516965091188991,0.10032268166216654,0.2270515539718246,0.3159678757465214,0
F.Town,0.5407916514833152,0.0516965091188991,0.305725630458379,0.4315590507096353,0.33066501445295116,0
F.Town,0.0,0.0516965091188991,0.46679249851863325,0.4736462029121815,0.1799143828762236,0
F.Town,0.5831052851793646,0.0516965091188991,0.33950605242070875,0.21127905564049873,0.31918887137866386,0
F.Town,0.46369446026262306,0.0516965091188991,0.6228483252770229,0.23874976479267518,0.3381841436018937,0
F.Town,0.8073262800033025,0.0516965091188991,0.22609858956790815,0.47301321802686924,0.41424485135443756,0
F.Town,0.5795538534255366,0.0516965091188991,0.21011311964817486,0.4685915595929135,0.33066415930317955,0
F.Town,0.05713810907967953,0.0516965091188991,0.09317969686269835,0.333297619988596,0.10413787328438662,0
F.Town,0.3266766961341143,0.0516965091188991,0.27906138023212657,0.4035723898358592,0.2461939309044139,0
F.Town,0.31309263788039304,0.0516965091188991,0.5731861378430272,0.20273586749932246,0.2701389836873111,0
F.Town,0.4491190510707938,0.0516965091188991,0.1949618794885908,0.327480451601817,0.26081506424843826,0
F.Town,0.2664133377987953,0.0516965091188991,0.08634789247058282,0.45374216963897424,0.19408452490521078,0
F.Town,0.2916006160164297,0.0516965091188991,0.5716951141576573,0.2671990143251687,0.2719880433217269,0
F.Town,0.5272529610339689,0.0516965091188991,0.21542054005363176,0.6419838342397816,0.3394291722442524,0
F.Town,0.6179794696426426,0.0516965091188991,0.20391068308024882,0.14547237109519995,0.2944047593909244,0
F.Town,0.5819684462388106,0.0516965091188991,0.07648909374771477,0.4926868932793458,0.30839876166069824,0
F.Town,0.1252387380184324,0.0516965091188991,0.11221356647648484,0.1879286776755192,0.10997452598874592,0
F.Town,0.3427612152603981,0.0516965091188991,0.3075135799797636,0.45507298645611866,0.2652390420411796,0
F.Town,0.4661898212076173,0.0516965091188991,0.2535242575464651,0.3598041095456759,0.2833508580994802,0
F.Town,0.24024157284304407,0.0516965091188991,0.4545792274867092,0.43624736254250657,0.25594645310945296,0
F.Town,0.39860856370926434,0.0516965091188991,0.5893031920503043,0.6915890787518362,0.3766209502567485,0
F.Town,0.3992080534411176,0.0516965091188991,0.06370379856404176,0.2192617405592512,0.20086179223675693,0
F.Town,0.2580519038894387,0.0516965091188991,0.07267671309026859,0.14401790126729433,0.14196514690512113,0
F.Town,0.6046702092075451,0.0516965091188991,0.24886891251265902,0.13598870575021252,0.2973156143233742,0
F.Town,0.49340748289963154,0.0516965091188991,0.13711441336959856,0.4998662635853065,0.29060439396225646,0
F.Town,0.41797757530054463,0.0516965091188991,0.1854156372926533,0.7347396331578042,0.3090951765230616,0
F.Town,0.41531590406897934,0.0516965091188991,0.5461833223653948,0.5414259583786885,0.35132007738969473,0
F.Town,0.35547663192267054,0.0516965091188991,0.2177979500841184,0.26439442381421924,0.223144527497561,0
F.Town,0.5559514406605603,0.0516965091188991,0.2987848386442928,0.27156955058804433,0.3105843572839311,0
F.Town,0.6000358596685701,0.0516965091188991,0.09538086910422985,0.39808678438836576,0.3043106950987701,0
F.Town,0.5272636041744997,0.0516965091188991,0.07262785128919767,0.33615395207418886,0.2649998772657125,0
F.Town,0.36766176043068793,0.0516965091188991,0.40281052287335306,0.5954914982895254,0.31407639820450994,0
F.Town,0.009459259636041883,0.0516965091188991,0.3491695717174121,0.7916892361725351,0.20740699337764706,0
F.Town,0.2124661365718234,0.0516965091188991,0.058614436762183156,0.1611988691292762,0.12577481825763598,0
Ashokanagar,0.4220323683869681,0.04835499457595836,0.1864779296434113,0.26223826257776583,0.23884915262357348,0
Ashokanagar,0.2862839216487294,0.04835499457595836,0.2767508957869059,0.2679646864498816,0.21025075307470623,0
Ashokanagar,0.38097519709303124,0.04835499457595836,0.0182592170944162,0.5303979623914524,0.23105935513294956,0
Ashokanagar,0.4663647919327936,0.04835499457595836,0.3897834132601847,0.34858589031040654,0.3079787417478632,0
Ashokanagar,0.21048563675224052,0.04835499457595836,0.1928065319488744,0.5624165988664528,0.2111002674558145,0
Ashokanagar,0.23241824757810048,0.04835499457595836,0.41386710118676207,0.49423147430102576,0.25276102640762893,0
Ashokanagar,0.2834206969079432,0.04835499457595836,0.32238441099857057,0.4612001218391466,0.24736064276615372,0
Ashokanagar,0.4576846703683743,0.04835499457595836,0.3657321022058856,0.30902180127743667,0.29419582363451113,0
Ashokanagar,0.20601506616880036,0.04835499457595836,0.6611094978766476,0.369266239689092,0.274223607060561,0
Ashokanagar,0.29549694950677263,0.04835499457595836,0.04751622149467055,0.3490861654623389,0.1797965998184429,0
Ashokanagar,0.585714410971433,0.04835499457595836,0.5559675290789616,0.18625185458206855,0.3586378262158917,0
Ashokanagar,0.4376576829553254,0.04835499457595836,0.16221169278389594,0.1274062635148439,0.21923996549115718,0
Ashokanagar,0.08953770249227572,0.04835499457595836,0.10316501741294537,0.1351628200278996,0.08675212073185803,0
Ashokanagar,0.5190230658430982,0.04835499457595836,0.20014499980364311,0.18120965738744393,0.2633750199867171,0
Ashokanagar,0.32641455758997145,0.04835499457595836,0.322581994012463,0.5090425710921272,0.2696243779955892,0
Ashokanagar,0.4125399946228772,0.04835499457595836,0.24663809008257803,0.5026400279553961,0.2836191187006195,0
Ashokanagar,0.3782411954791934,0.04835499457595836,0.18834767155288973,0.5259104357758336,0.26344701646745816,0
Ashokanagar,0.05434615709824836,0.04835499457595836,0.12051703399699093,0.20731975474165854,0.0887290233678214,0
Ashokanagar,0.6476538102561444,0.04835499457595836,0.10056585535531706,0.35225581516035953,0.31413687530755535,0
Ashokanagar,0.20399613394208493,0.04835499457595836,0.5670909522174751,0.28975968813608255,0.24278728891642462,0
Ashokanagar,0.43143358440730467,0.04835499457595836,0.019490367969542483,0.11791008057796099,0.18709283859594678,0
Ashokanagar,0.5618333444127112,0.04835499457595836,0.29099972257729523,0.08875409076301329,0.2826612270471474,0
Ashokanagar,0.404469189346469,0.04835499457595836,0.2972489089435905,0.28619018090714476,0.2584490235688415,0
Ashokanagar,0.2612329316817314,0.04835499457595836,0.414762374092151,0.3113542627061202,0.23559363868574174,0
Ashokanagar,0.4409020160319667,0.04835499457595836,0.16461852765461943,0.1887530160922159,0.23005886192873212,0
Ashokanagar,0.28688206345682843,0.04835499457595836,0.28223611139096366,0.44753290066077306,0.23849237795998612,0
Ashokanagar,0.3463389161982095,0.04835499457595836,0.3839478505982997,0.40826062266658325,0.27375378256180827,0
Ashokanagar,0.7602354696347555,0.04835499457595836,0.17933688960504898,0.37642614233377,0.3729202120160272,0
Ashokanagar,0.4139874567130371,0.04835499457595836,0.262564079587922,0.03882874658431877,0.21773923612758272,0
Ashokanagar,0.7625078879923015,0.04835499457595836,0.2909088242197229,0.053356162489019664,0.34756944838739057,0
Ashokanagar,0.4555696533378227,0.04835499457595836,0.5228982903582996,0.16731149488036762,0.30363225934474053,0
Ashokanagar,0.6895923136876159,0.04835499457595836,0.33551488117430134,0.34334164642203224,0.37446803136161816,0
Ashokanagar,0.22159659365647022,0.04835499457595836,0.05683578547098375,0.21743858498098817,0.13604825099389706,0
Ashokanagar,0.2220875133225111,0.04835499457595836,0.32300120222879686,0.11907599664466716,0.17469876797812584,0
Ashokanagar,0.262324426359382,0.04835499457595836,0.1926315700891368,0.3914945826302658,0.20357054901093846,0
Ashokanagar,0.31690402136503587,0.04835499457595836,0.2261184869881603,0.5550165030340477,0.25389907870328926,0
Ashokanagar,0.870524125455113,0.04835499457595836,0.3183048847532418,0.18509394549935532,0.4106150110576287,0
Ashokanagar,0.38892967560265684,0.04835499457595836,0.1712127136299636,0.2958328609521323,0.22924935670252997,0
Ashokanagar,0.5940638804676889,0.04835499457595836,0.17541043048184324,0.6660253817050742,0.3574147498886084,0
Ashokanagar,0.19668454592621878,0.04835499457595836,0.09245016766026738,0.21092113953924752,0.13347429390990467,0
Ashokanagar,0.5653241571936489,0.04835499457595836,0.31938073568667347,0.8493192418299755,0.40364398680239566,0
Ashokanagar,0.2439355517427089,0.04835499457595836,0.14524217330990924,0.4466694815981765,0.1959327983844439,0
Ashokanagar,0.0,0.04835499457595836,0.29653063836749477,0.2466778131218525,0.11081429801456434,0
Ashokanagar,0.4594657500164341,0.04835499457595836,0.12524247478725037,0.4159835906247573,0.26276554442970307,0
Ashokanagar,0.07269709150819287,0.04835499457595836,0.251427995374683,0.37927307281553546,0.14712704039792193,0
Ashokanagar,0.23165975853539691,0.04835499457595836,0.26111236734486376,0.3056147940023857,0.19365210642950703,0
Ashokanagar,0.5952573626282999,0.04835499457595836,0.08724350364987829,0.706199687374922,0.3462252291289064,0
Ashokanagar,0.40954978070850545,0.04835499457595836,0.32480370787409946,0.1575670806571674,0.24644472529415937,0
Ashokanagar,0.3972094142790843,0.04835499457595836,0.2505460966105791,0.5864094291741935,0.2916004270687118,0
Ashokanagar,0.51493736071011,0.04835499457595836,0.17741634668246578,0.0889780850598828,0.24356455671680155,0
Chickpet,0.46116383928278426,0.04292732408319164,0.3868804931363462,0.3041922570702946,0.29729047816174536,0
Chickpet,0.21938791638110106,0.04292732408319164,0.07393799141628787,0.5164887019644235,0.18192487153626397,0
Chickpet,0.4251543669295726,0.04292732408319164,0.2939809093114893,0.14856274305113934,0.24276281897027663,0
Chickpet,0.04559939377105299,0.04292732408319164,0.4479169913654182,0.36348617705571773,0.17294430987626735,0
Chickpet,0.5051600226044708,0.04292732408319164,0.2289737675461554,0.4803988826227963,0.30753879103917275,0
Chickpet,0.41389735196544636,0.04292732408319164,0.6681021237666767,0.4231571373843518,0.35483626577385186,0
Chickpet,0.4931804834221825,0.04292732408319164,0.13466721773386128,0.10146510356823983,0.22764457550472958,0
Chickpet,0.5362033780280359,0.04292732408319164,0.20754674562934444,0.43799456290152095,0.3077579130958671,0
Chickpet,0.2807508766552557,0.04292732408319164,0.20502855357204322,0.22148464764247397,0.18536941191507672,0
Chickpet,0.2029605156178751,0.04292732408319164,0.32710959572110404,0.5281071303951903,0.22855236639471313,0
Chickpet,0.28044520539357043,0.04292732408319164,0.6663796056735685,0.12135660485549937,0.26251343097574575,0
Chickpet,0.42153056244949066,0.04292732408319164,0.2199263496956301,0.22792683969360622,0.2385881899754462,0
Chickpet,0.5683991748454548,0.04292732408319164,0.6294494516091085,0.3692799342064984,0.39309978887366315,0
Chickpet,0.7155274901415267,0.04292732408319164,0.12734441380868797,0.3872768719224884,0.34687323232460265,0
Chickpet,0.2694459406128873,0.04292732408319164,0.0938774735653593,0.4922156773163293,0.1997921227499893,0
Chickpet,0.24799305270265604,0.04292732408319164,0.18813687049462136,0.2649423294921488,0.1770444891936337,0
Chickpet,0.300351104742544,0.04292732408319164,0.46108177879681855,0.46914501781850315,0.28058919231698704,0
Chickpet,0.648185925831462,0.04292732408319164,0.6374951590786777,0.04574126915671924,0.3741034934552126,0
Chickpet,0.42138718305390854,0.04292732408319164,0.5045037463162078,0.08342371077561322,0.273778017173409,0
Chickpet,0.26008937440918395,0.04292732408319164,0.7509067819957463,0.3889469122103204,0.3124328714988692,0
Chickpet,0.11116595018328596,0.04292732408319164,0.15118234997123986,0.7108915343537217,0.1886564799364138,0
Chickpet,0.5636071977765775,0.04292732408319164,0.2624857158969323,0.6835051678058692,0.3651636347970265,0
Chickpet,0.0,0.04292732408319164,0.3419646541592538,0.49473956028626176,0.15548206209974752,0
Chickpet,0.35592721643696906,0.04292732408319164,0.139532167559574,0.4599868689466299,0.23435718683180592,0
Chickpet,0.43420705253138203,0.04292732408319164,0.02159401395760825,0.3663498823303478,0.224121950752015,0
Chickpet,0.4317045587437887,0.04292732408319164,0.13783087958386966,0.8518849184041324,0.3193237064626773,0
Chickpet,0.8133129652373656,0.04292732408319164,0.09173326277925217,0.4487144107325237,0.3831915492237644,0
Chickpet,0.44757485048555445,0.04292732408319164,0.13236599166866073,0.6050709214773292,0.2867632314502331,0
Chickpet,0.750891326866353,0.04292732408319164,0.19922797974799727,0.5449232698641734,0.39727424805740646,0
Chickpet,0.31542486515699014,0.04292732408319164,0.43202131288608825,0.6508760289301276,0.30731256694664083,0
Chickpet,0.72196738493299,0.04292732408319164,0.15888400879385708,0.13357669681063505,0.31738008823187064,0
Chickpet,0.33779157853106667,0.04292732408319164,0.09090679239462385,0.27648909170683933,0.19075997194578148,0
Chickpet,0.1700450002127083,0.04292732408319164,0.4963888781879458,0.3765041419210534,0.22814734422515257,0
Chickpet,0.46406773441744387,0.04292732408319164,0.25950033705584385,0.2116977997559168,0.2589566416456191,0
Chickpet,0.409370656390136,0.04292732408319164,0.3629282931686331,0.2276300829965283,0.26288809804471097,0
Chickpet,0.7747570321777617,0.04292732408319164,0.2876054016944595,0.23748665437925384,0.37718723698295403,0
Chickpet,0.32445023038450993,0.04292732408319164,0.4033652697050645,0.5161538795548218,0.2845319137337721,0
Chickpet,0.7140242592333375,0.04292732408319164,0.317529607385416,0.18357733590275907,0.35382920981912264,0
Chickpet,0.4119182064200323,0.04292732408319164,0.14150107271031406,0.31655866356738493,0.23283358354913936,0
Chickpet,0.5129534472359353,0.04292732408319164,0.3730647872348722,0.24933429224005155,0.30442500504051695,0
Chickpet,0.5647225740977064,0.04292732408319164,0.4767248713300636,0.08452032693375046,0.31855412146523004,0
Chickpet,0.3588498232924149,0.04292732408319164,0.07749181925785889,0.24518461239210912,0.1907516910876908,0
Chickpet,0.8742734644959937,0.04292732408319164,0.3221954571579091,0.7677917697300946,0.4984817666896513,0
Chickpet,0.5221647802461642,0.04292732408319164,0.6173608105629013,0.07781262274880384,0.3307799258360158,0
Chickpet,0.35268743787327295,0.04292732408319164,0.2963231741931239,0.1273762446698853,0.21468987201971057,0
Chickpet,0.22126502263712963,0.04292732408319164,0.3920771935182115,0.2123275190933858,0.20058552171560304,0
Chickpet,0.15168258966174716,0.04292732408319164,0.8049133691534525,0.609371271781184,0.3183554682044371,0
Chickpet,0.5099060898194212,0.04292732408319164,0.5517034444644792,0.25982796403544584,0.3406602121599676,0
Chickpet,0.4161204905050574,0.04292732408319164,0.14048008064168524,0.3953541572745567,0.24591950862124812,0
Chickpet,0.23854915475132007,0.04292732408319164,0.16605278270318902,0.10797759898073703,0.14577759777566787,0
Pulikeshinagar,0.12261944858808871,0.04167311376715123,0.5004590067179513,0.1480740635402632,0.17772165201060613,0
Pulikeshinagar,0.44668993628049736,0.04167311376715123,0.16631710981707573,0.649323604409355,0.2995053744531378,0
Pulikeshinagar,0.09383880391838667,0.04167311376715123,0.2795005194812208,0.08677839874365634,0.11426237920937332,0
Pulikeshinagar,0.13197536927600623,0.04167311376715123,0.40866638188502497,0.3807697967821077,0.19754205927106872,0
Pulikeshinagar,0.34788394228044095,0.04167311376715123,0.5471451124916566,0.5706784725734931,0.329292107312655,0
Pulikeshinagar,0.16677358048755694,0.04167311376715123,0.0316899629235675,0.2898412246825794,0.12068686358789071,0
Pulikeshinagar,0.19398169195950515,0.04167311376715123,0.07350154289829317,0.3017085982011198,0.14035212462579877,0
Pulikeshinagar,0.2659762563371061,0.04167311376715123,0.2893961799381574,0.7773026315008066,0.28006825456088497,0
Pulikeshinagar,0.3630376913034274,0.04167311376715123,0.3888983457536962,0.40228543141894973,0.27768760994992664,0
Pulikeshinagar,0.6289335455819154,0.04167311376715123,0.07396716046490164,0.5151731694655608,0.3246980825966302,0
Pulikeshinagar,0.5358195067102827,0.04167311376715123,0.2539824014556089,0.14762587287719636,0.2729791227014455,0
Pulikeshinagar,0.11265397070567867,0.04167311376715123,0.4121052342899111,0.7673881136242974,0.24946008777875972,0
Pulikeshinagar,0.3215087841699463,0.04167311376715123,0.2295682150252473,0.5920020494717189,0.25974395901543385,0
Pulikeshinagar,0.41477971267858116,0.04167311376715123,0.4371791422495201,0.2876580279415637,0.28825936620878734,0
Pulikeshinagar,0.37105337950057055,0.04167311376715123,0.055441164160915546,0.3997372929280302,0.21341944372673266,0
Pulikeshinagar,0.2902714192094074,0.04167311376715123,0.5212656190888667,0.24656401095092031,0.2553346563138494,0
Pulikeshinagar,0.1322973980647445,0.04167311376715123,0.2241168278986562,0.2937507627484693,0.14769200344480757,0
Pulikeshinagar,0.34403241346125796,0.04167311376715123,0.1591464037217021,0.2789037814343778,0.2065781268010827,0
Pulikeshinagar,0.3624016968709628,0.04167311376715123,0.20025309658398469,0.3880026804873327,0.23759354942487917,0
Pulikeshinagar,0.310253865592633,0.04167311376715123,0.045542087916675425,0.23152956559391558,0.16492863950998934,0
Pulikeshinagar,0.15891337175872383,0.04167311376715123,0.17194161678471598,0.21058763421229998,0.1340980827344869,0
Pulikeshinagar,0.5052635555986459,0.04167311376715123,0.3335915158512368,0.3351357400738709,0.30633284277099937,0
Pulikeshinagar,0.22605396712653664,0.04167311376715123,0.3921190358082138,0.13064557503673804,0.18964146604158666,0
Pulikeshinagar,0.32471536067802986,0.04167311376715123,0.21136818091012463,0.2406767603428967,0.20452746060091523,0
Pulikeshinagar,0.1911222439751239,0.04167311376715123,0.1945818561700132,0.5895609783050588,0.2067452375012002,0
Pulikeshinagar,0.42681896409819153,0.04167311376715123,0.15816241439725104,0.2716668678055289,0.23427108461479196,0
Pulikeshinagar,0.41089857075783004,0.04167311376715123,0.3497908395519755,0.5570898075680183,0.3098380729409837,0
Pulikeshinagar,0.6102705234009344,0.04167311376715123,0.23700788952666282,0.1867129856146204,0.30150514306799797,0
Pulikeshinagar,0.5215970632177869,0.04167311376715123,0.34822521898257813,0.040629001852583016,0.27080030033077385,0
Pulikeshinagar,0.43145160835352436,0.04167311376715123,0.03650493106111359,0.08151346761239685,0.18303800340796111,0
Pulikeshinagar,0.2728555062088013,0.04167311376715123,0.3422739451861173,0.8544526329635876,0.30462404528498743,0
Pulikeshinagar,0.5149466418169125,0.04167311376715123,0.3774872934573791,0.14164028474219365,0.28947676016886964,0
Pulikeshinagar,0.20855031306603508,0.04167311376715123,0.26901009414011673,0.6362832484273209,0.23473904979537913,0
Pulikeshinagar,0.35019507566159674,0.04167311376715123,0.11951764328933613,0.522894298848366,0.23740788409682634,0
Pulikeshinagar,0.5113227079817765,0.04167311376715123,0.20606645132653512,0.39217236560277685,0.2915040270294907,0
Pulikeshinagar,0.27022594969366437,0.04167311376715123,0.2009367020889582,0.3003319706582209,0.19231815253945267,0
Pulikeshinagar,0.31432360681967175,0.04167311376715123,0.2562136176034383,0.48817184689019627,0.24698369707124757,0
Pulikeshinagar,0.6095350601771533,0.04167311376715123,0.3951158382974178,0.2208582036093914,0.3379911033930413,0
Pulikeshinagar,0.11483498291838329,0.04167311376715123,0.2050644786486415,0.6941263537212482,0.19782602693949503,0
Pulikeshinagar,0.29609854510554834,0.04167311376715123,0.7245586165839243,0.42368356618619185,0.3246006831618009,0
Pulikeshinagar,0.3357007066368181,0.04167311376715123,0.319933783185109,0.48767044986158226,0.2671345055692908,0
Pulikeshinagar,0.29914831492516303,0.04167311376715123,0.31838137791243387,0.2397642268226019,0.2168447539598295,0
Pulikeshinagar,0.5352976265273681,0.04167311376715123,0.3216788962392403,0.39838058226329215,0.323948970002066,0
Pulikeshinagar,0.17959808277484562,0.04167311376715123,0.20294887874525658,0.30317949003480676,0.16142796235561366,0
Pulikeshinagar,0.16406047441173474,0.04167311376715123,0.11395390730438595,0.43710741591906305,0.15827999402298917,0
Pulikeshinagar,0.6627758262866328,0.04167311376715123,0.01691936120282807,0.1681746703037605,0.2730835461165965,0
Pulikeshinagar,0.3319382765224617,0.04167311376715123,0.4634994598638972,0.19150081082886472,0.2501053445101161,0
Pulikeshinagar,0.5626082900317193,0.04167311376715123,0.07950969350413963,0.1236073903491604,0.2438578828944491,0
Pulikeshinagar,0.38961057208143896,0.04167311376715123,0.5169134032635694,0.16021142098232483,0.2762800281587116,0
Pulikeshinagar,0.42839862660282196,0.04167311376715123,0.29983717366806095,0.057399337641875346,0.23101878882102653,0
Ulsoor,0.3439363327182806,0.03919388773939528,0.16108841094723958,0.1659825017054516,0.18925094021848243,0
Ulsoor,0.49942482965712576,0.03919388773939528,0.1463426490930499,0.8235243222737588,0.3393540348614864,0
Ulsoor,0.19844898753700763,0.03919388773939528,0.24366205814227757,0.42256967733088585,0.19333317518785964,0
Ulsoor,0.3009265397404093,0.03919388773939528,0.22616507252012313,0.06167331603890247,0.17156646714082183,0
Ulsoor,0.37743523511488625,0.03919388773939528,0.5699772921210857,0.19285728006635017,0.28678454904619843,0
Ulsoor,0.07779741793341999,0.03919388773939528,0.41024524759529846,0.34452322596941387,0.17271479601298736,0
Ulsoor,0.2178418986275533,0.03919388773939528,0.34978164917394294,0.36423803588434583,0.2125948660589027,0
Ulsoor,0.2556481609917184,0.03919388773939528,0.07469733707734158,0.31153897833258354,0.16290533683427585,0
Ulsoor,0.41943214564112213,0.03919388773939528,0.5361910714800748,0.5564252972058918,0.34926142617311007,0
Ulsoor,0.7492156111202388,0.03919388773939528,0.3183396002600767,0.11015427028314875,0.3541746908083898,0
Ulsoor,0.0,0.03919388773939528,0.39841127301219437,0.28797842720130307,0.13463718500445293,0
Ulsoor,0.31892348860534947,0.03919388773939528,0.20843344770196504,0.6690564722824096,0.26542654771644536,0
Ulsoor,0.33515951431033547,0.03919388773939528,0.4342131867286915,0.2769132448164706,0.2574436203986449,0
Ulsoor,0.6414491776089583,0.03919388773939528,0.3808360780659301,0.11838630010213504,0.33019053911346025,0
Ulsoor,0.631462719643745,0.03919388773939528,0.09697673393834344,0.3084188337915988,0.29842829005353777,0
Ulsoor,0.6189823168147666,0.03919388773939528,0.2787397860220338,0.1608558208941165,0.3082783075455111,0
Ulsoor,0.1661735705057799,0.03919388773939528,0.5050827661756567,0.3485971801087316,0.22322504625028264,0
Ulsoor,0.3349871984964526,0.03919388773939528,0.2740179862896998,0.5834870356345626,0.2713303383987013,0
Ulsoor,0.29929032924806637,0.03919388773939528,0.2291997303198146,0.15385125034405353,0.18542741517421277,0
Ulsoor,0.7446913522464158,0.03919388773939528,0.3197382348149374,0.43506967297681365,0.40160823751757363,0
Ulsoor,0.4725305331204412,0.03919388773939528,0.42767030799429023,0.182760792982152,0.2900920334601539,0
Ulsoor,0.4104311527386749,0.03919388773939528,0.369798242758002,0.17693812206408335,0.25590943664156773,0
Ulsoor,0.26489224050286253,0.03919388773939528,0.2784513220969404,0.47978172181009543,0.23212797318872289,0
Ulsoor,0.3658194399707488,0.03919388773939528,0.5621330756533586,0.3602677545726963,0.3062617486281568,0
Ulsoor,0.13130693886751052,0.03919388773939528,0.221950462038481,0.4653698826792956,0.17191116973503778,0
Ulsoor,0.36619031828284015,0.03919388773939528,0.13482545823846637,0.22106304391552328,0.2000493259558344,0
Ulsoor,0.2518082283425528,0.03919388773939528,0.25983733073162263,0.8113886148098619,0.2735668046095159,0
Ulsoor,0.023126189290039068,0.03919388773939528,0.06561334354305912,0.5509349404888648,0.1156152423552738,0
Ulsoor,0.6762665621006203,0.03919388773939528,0.16252779926097907,0.11769395467385654,0.29861111611030994,0
Ulsoor,0.28741559107146636,0.03919388773939528,0.10776084180664092,0.3707498487621678,0.18951826887248516,0
Ulsoor,0.3290078117850966,0.03919388773939528,0.19187980796314633,0.41133366976829266,0.22698691250447556,0
Ulsoor,0.30307634262113947,0.03919388773939528,0.45620699375184404,0.5040763925270525,0.28468774386864404,0
Ulsoor,0.20617111946743544,0.03919388773939528,0.3789212929006151,0.24628559537474842,0.19664515602175628,0
Ulsoor,0.4267541140543443,0.03919388773939528,0.10361301248944713,0.7881265072926856,0.30006368483263135,0
Ulsoor,0.8879288334346642,0.03919388773939528,0.34056965029817565,0.6597085887914801,0.48960347640230817,0
Ulsoor,0.13845346922625953,0.03919388773939528,0.10695379802298799,0.5377522999196382,0.16227048514355275,0
Ulsoor,0.465242630753874,0.03919388773939528,0.07352119037282892,0.4038626371929898,0.2498767207391887,0
Ulsoor,0.25033931267667353,0.03919388773939528,0.26162762154076313,0.1901415080763736,0.18022367627826297,0
Ulsoor,0.26073664439050076,0.03919388773939528,0.5141399448190674,0.4384657399215758,0.2716138418105437,0
Ulsoor,0.579514855719198,0.03919388773939528,0.36073269855678475,0.23231331808601915,0.32158190324779773,0
Ulsoor,0.15539381633942168,0.03919388773939528,0.16554711522243762,0.5176377414109191,0.17690108629674156,0
Ulsoor,0.0,0.03919388773939528,0.3102651345492458,0.0643232870564436,0.0834596862901343,0
Ulsoor,0.38936987122554234,0.03919388773939528,0.31495301474297743,0.3125120007067835,0.2579050243053714,0
Ulsoor,0.2363557079173069,0.03919388773939528,0.6583964075156242,0.4000168772916705,0.2861644771897514,0
Ulsoor,0.3695264138500133,0.03919388773939528,0.40086525504665915,0.08750335087916308,0.2343909648105295,0
Ulsoor,0.3241508248887995,0.03919388773939528,0.6913217513715695,0.4216080147046522,0.32671650751291015,0
Ulsoor,0.49604079972102477,0.03919388773939528,0.07290103319550084,0.09350538327760133,0.21397846035491763,0
Ulsoor,0.666573565528689,0.03919388773939528,0.20024470409352874,0.28422889081963554,0.3277421886985108,0
Ulsoor,0.29188311286486146,0.03919388773939528,0.1756493651026856,0.32831892442495,0.1982949675087997,0
Ulsoor,0.09692661053214291,0.03919388773939528,0.4174104049131019,0.1484638432514927,0.1514341374784129,0
K.Swamy Lyt.,0.4448233376756609,0.03480412010977457,0.07072773008327382,0.11747475800361508,0.19789616393661072,0
K.Swamy Lyt.,0.821600207636343,0.03480412010977457,0.2515713579598787,0.5676134094054401,0.4334575917084442,0
K.Swamy Lyt.,0.5832524003555262,0.03480412010977457,0.5585520706884226,0.17588521673464502,0.35267277280524784,0
K.Swamy Lyt.,0.7068642520371949,0.03480412010977457,0.3470282426912809,0.5455972729798213,0.40908896373118,0
K.Swamy Lyt.,0.1904631970006097,0.03480412010977457,0.4238243964172967,0.17446225396275658,0.1880375723610186,0
K.Swamy Lyt.,0.38442830956275975,0.03480412010977457,0.13588289105164097,0.4229481434350567,0.23560994410548497,0
K.Swamy Lyt.,0.3717038692585013,0.03480412010977457,0.49067807335486957,0.47422039662318954,0.3098062644378602,0
K.Swamy Lyt.,0.26056306339557667,0.03480412010977457,0.1927382237341354,0.3714989387212146,0.19591079377639348,0
K.Swamy Lyt.,0.3780635469034714,0.03480412010977457,0.2746110471335745,0.1594132042745398,0.2215976675170432,0
K.Swamy Lyt.,0.1606779200093716,0.03480412010977457,0.0667665241023238,0.0713468772815981,0.0907338444489169,0
K.Swamy Lyt.,0.28986803746052675,0.03480412010977457,0.18773874901788107,0.05856417357821998,0.15822742498442594,0
K.Swamy Lyt.,0.5762281913003091,0.03480412010977457,0.19365918122260195,0.30938691003955665,0.2972609757384944,0
K.Swamy Lyt.,0.10647005886844435,0.03480412010977457,0.1269508766131689,0.14531281748585312,0.09489285458239964,0
K.Swamy Lyt.,0.32733464209274876,0.03480412010977457,0.26702879503235816,0.06266905006539834,0.1878144772816758,0
K.Swamy Lyt.,0.7097919813409301,0.03480412010977457,0.25310166485836044,0.31349478058829,0.3565129795621735,0
K.Swamy Lyt.,0.01961632060411117,0.03480412010977457,0.634001581371835,0.3623331934896819,0.1984572435421906,0
K.Swamy Lyt.,0.29358943750912875,0.03480412010977457,0.06125994303726737,0.31322237493269034,0.17243288400848444,0
K.Swamy Lyt.,0.1287165399015157,0.03480412010977457,0.5442524506430031,0.612222669563627,0.25617591556160757,0
K.Swamy Lyt.,0.30980878238779186,0.03480412010977457,0.06503172593405492,0.3069957145602757,0.17793001223951185,0
K.Swamy Lyt.,0.22638891280335038,0.03480412010977457,0.22981747324717855,0.2663555026503495,0.17559417556109314,0
K.Swamy Lyt.,0.41964531630549506,0.03480412010977457,0.2571179079846087,0.4341456580593831,0.27386252704568487,0
K.Swamy Lyt.,0.41498559947980274,0.03480412010977457,0.4188671736324793,0.4726339492468119,0.310354722964381,0
K.Swamy Lyt.,0.502836499937486,0.03480412010977457,0.3564786503914969,0.3509143602489233,0.31036689512669036,0
K.Swamy Lyt.,0.33216096927135486,0.03480412010977457,0.5205876708750348,0.549049985913534,0.3131726073399436,0
K.Swamy Lyt.,0.3379811520577569,0.03480412010977457,0.22208360892662354,0.2783193398743429,0.2148992620196234,0
K.Swamy Lyt.,0.25345504655085405,0.03480412010977457,0.3887440440517434,0.10809394283347849,0.19311340256110174,0
K.Swamy Lyt.,0.5365761789671748,0.03480412010977457,0.527063639716147,0.5642510540871453,0.3882932847277447,0
K.Swamy Lyt.,0.8560190889752397,0.03480412010977457,0.17627489492233622,0.4667952191295111,0.41532217902816015,0
K.Swamy Lyt.,0.2853004085674379,0.03480412010977457,0.046988722697274284,0.25968365513252395,0.15864667184086906,0
K.Swamy Lyt.,0.2909187517272437,0.03480412010977457,0.22634223002689102,0.29387805151901963,0.2016129528706988,0
K.Swamy Lyt.,0.34657571751640137,0.03480412010977457,0.2618880430530875,0.5717327920419184,0.2698802645805781,0
K.Swamy Lyt.,0.4870447891713854,0.03480412010977457,0.28416403155220993,0.24982644922496824,0.2752136859371045,0
K.Swamy Lyt.,0.25495783847502185,0.03480412010977457,0.5046195549256058,0.1163908843371394,0.21805902313488207,0
K.Swamy Lyt.,0.691355770767758,0.03480412010977457,0.27069007184499494,0.28794453222619715,0.34974545000457624,0
K.Swamy Lyt.,0.6374929619470846,0.03480412010977457,0.32000242540816537,0.25490698859030714,0.3358003060845911,0
K.Swamy Lyt.,0.4293496518924652,0.03480412010977457,0.035182258549538076,0.36082762750499564,0.22187421003095212,0
K.Swamy Lyt.,0.22224750961579007,0.03480412010977457,0.35037818065368875,0.32005974322498176,0.2063124620129439,0
K.Swamy Lyt.,0.5099005353233602,0.03480412010977457,0.4533874869750666,0.4896470640401789,0.3530309803971486,0
K.Swamy Lyt.,0.4791893748958491,0.03480412010977457,0.26375957921255977,0.4776140624655183,0.30255154245881927,0
K.Swamy Lyt.,0.39712094892450145,0.03480412010977457,0.09942078099005502,0.5652997338572996,0.25411268443311386,0
K.Swamy Lyt.,0.22996590237728518,0.03480412010977457,0.5406891793957929,0.17389752653173346,0.22515176672390078,0
K.Swamy Lyt.,0.38724005083213753,0.03480412010977457,0.49963159388126727,0.20579474864779726,0.27677078489760354,0
K.Swamy Lyt.,0.18125734235645563,0.03480412010977457,0.13742720014415682,0.5185436814286479,0.1791482981008204,0
K.Swamy Lyt.,0.21007830091470475,0.03480412010977457,0.1368220264185347,0.7163756519970601,0.21878939443634499,0
K.Swamy Lyt.,0.43866563160984284,0.03480412010977457,0.12358758680232451,0.31606950468799855,0.23610215016004205,0
K.Swamy Lyt.,0.0,0.03480412010977457,0.06763538640274816,0.05745869294862214,0.03258711725577532,0
K.Swamy Lyt.,0.3549286203793884,0.03480412010977457,0.062140309851257534,0.04387104347684771,0.15367497165749694,0
K.Swamy Lyt.,0.33218696458594554,0.03480412010977457,0.16825125741741015,0.5162999302059144,0.23780191465238248,0
K.Swamy Lyt.,0.6446532064585768,0.03480412010977457,0.3884290336143787,0.5943247905708473,0.40290438360193703,0
K.Swamy Lyt.,0.47461801925128677,0.03480412010977457,0.31420174827343045,0.20289440782939852,0.2698320535999786,0
Yelahanka,0.06664751796024992,0.031285472743016234,0.1843575716804929,0.49381772659129514,0.14365644643378517,0
Yelahanka,0.34356063014089483,0.031285472743016234,0.5304678001650438,0.21280907810117122,0.2676467841204025,0
Yelahanka,0.38195731564210067,0.031285472743016234,0.13558279648256738,0.6005348907053413,0.26026749519995473,0
Yelahanka,0.5032228274216777,0.031285472743016234,0.3916327921488952,0.16510086376006008,0.2886053194142801,0
Yelahanka,0.052474992977003254,0.031285472743016234,0.29281379004134744,0.4631044269360509,0.15578031141353313,0
Yelahanka,0.2965038810331464,0.031285472743016234,0.1998546127486287,0.40242396740128106,0.213496517844424,0
Yelahanka,0.1353786761954168,0.031285472743016234,0.25602163657240845,0.18956492733928085,0.13640724490667455,0
Yelahanka,0.5755251561915212,0.031285472743016234,0.11076169741015558,0.2955561067830565,0.2773052019894269,0
Yelahanka,0.34616733574564906,0.031285472743016234,0.22149246249186472,0.7143300305356466,0.281992206412602,0
Yelahanka,0.0880126050673013,0.031285472743016234,0.7852872358503772,0.5941523899865623,0.2863703592645201,0
Yelahanka,0.3124459586810915,0.031285472743016234,0.2121176492563164,0.6156666262765439,0.25351525115403173,0
Yelahanka,0.2879384384102822,0.031285472743016234,0.22859337912501262,0.7363188004465289,0.2663305911584855,0
Yelahanka,0.6585201002311287,0.031285472743016234,0.3052214901024279,0.27988668983825604,0.34289497840002386,0
Yelahanka,0.20148678143596205,0.031285472743016234,0.04385261489070359,0.15462284739496668,0.1118699654128773,0
Yelahanka,0.5575060605087425,0.031285472743016234,0.143574474292513,0.3186140314311764,0.28101976257414374,0
Yelahanka,0.0,0.031285472743016234,0.29697791859687483,0.2631033843494968,0.10824673319470435,0
Yelahanka,0.4433317525890535,0.031285472743016234,0.4672651146880751,0.25763738331444375,0.29665038566385515,0
Yelahanka,0.2625323959798516,0.031285472743016234,0.22949817987501303,0.31588939640955643,0.194555025852289,0
Yelahanka,0.5593550936081129,0.031285472743016234,0.4313519563615804,0.4723209835251671,0.3622784633868355,0
Yelahanka,0.26945165355867295,0.031285472743016234,0.34169891031100147,0.2725808714781889,0.21292063335236905,0
Yelahanka,0.17585540796098115,0.031285472743016234,0.25498628658181727,0.2127056830672947,0.15383814438570592,0
Yelahanka,0.5636410594586474,0.031285472743016234,0.0717012551907928,0.27637049282623194,0.26245583759552477,0
Yelahanka,0.38150229385884715,0.031285472743016234,0.25609141173923416,0.3328120931007552,0.24405154098646148,0
Yelahanka,0.274626003566391,0.031285472743016234,0.5416901337186508,0.7194856028957747,0.3217656102492381,0
Yelahanka,0.11657424353440016,0.031285472743016234,0.3259740558421735,0.4981102875502546,0.19009798136091782,0
Yelahanka,0.5599901147408931,0.031285472743016234,0.32116122113726797,0.10885361129595508,0.28594246790406436,0
Yelahanka,0.25363040062719394,0.031285472743016234,0.3815617457700858,0.046137624310666675,0.1813892748430399,0
Yelahanka,0.45931906602424244,0.031285472743016234,0.340057983865829,0.32865402718113995,0.28745701578172655,0
Yelahanka,0.3182580048727666,0.031285472743016234,0.16150975258599434,0.36447028295444145,0.20774843648873825,0
Yelahanka,0.5531676353347196,0.031285472743016234,0.3618448487168394,0.12629462282254839,0.29430747735680685,0
Yelahanka,0.22412613308577647,0.031285472743016234,0.1755220023041993,0.28586416641498413,0.16581381382601412,0
Yelahanka,0.10365583781150595,0.031285472743016234,0.2643846533643997,0.31394808599432855,0.14563432862896117,0
Yelahanka,0.36029671304848515,0.031285472743016234,0.42216101490884567,0.4314831468026947,0.284644166392048,0
Yelahanka,0.2908320321737322,0.031285472743016234,0.22597222811038195,0.1933001099375339,0.1853663151964176,0
Yelahanka,0.24415623050499985,0.031285472743016234,0.5944266489052923,0.5844911409173345,0.30139932341831344,0
Yelahanka,0.5728728108668457,0.031285472743016234,0.36765879467709706,0.16112226789058434,0.3075912247453079,0
Yelahanka,0.5066372648578068,0.031285472743016234,0.44888076211301586,0.12920219931261062,0.295865166842632,0
Yelahanka,0.357027829148694,0.031285472743016234,0.1718512686491107,0.374947183926541,0.22495771334375106,0
Yelahanka,0.30162429256295376,0.031285472743016234,0.14165523857698084,0.24601164910755036,0.1801869393014674,0
Yelahanka,0.32324910730853085,0.031285472743016234,0.12566281251262884,0.26244540495117835,0.18702220262609318,0
Yelahanka,0.18239491826574633,0.031285472743016234,0.544539896289234,0.2312648499665913,0.2168215699687516,0
Yelahanka,0.41862684423313723,0.031285472743016234,0.09681148882523312,0.26346426473086076,0.21478697477917863,0
Yelahanka,0.3606997673555635,0.031285472743016234,0.48897677038442056,0.4665137844298717,0.30340298213871697,0
Yelahanka,0.4163719655223767,0.031285472743016234,0.39936900597952296,0.5684894815957726,0.32026305319100723,0
Yelahanka,0.3818763398042002,0.031285472743016234,0.45335537031962364,0.43775322370045383,0.2993764183733677,0
Yelahanka,0.31793681829510423,0.031285472743016234,0.17338298431727067,0.2237096507369887,0.18889657270019378,0
Yelahanka,0.11155179452335262,0.031285472743016234,0.4533457435581757,0.3319755283872685,0.1888942478758037,0
Yelahanka,0.30967687389769194,0.031285472743016234,0.4398810702850414,0.4778153912805566,0.2774210704361888,0
Yelahanka,0.4601618443174799,0.031285472743016234,0.4879702070605578,0.266889575311245,0.3080697650428212,0
Yelahanka,0.4597470911533996,0.031285472743016234,0.316886824318168,0.388296947038603,0.29191903064601876,0
White Field,0.36717492220690773,0.02526512729975554,0.27399928226276593,0.15426405564358628,0.2140302257614355,0
White Field,0.3751861037274205,0.02526512729975554,0.15370322618686147,0.5609253824892495,0.2537741271052836,0
White Field,0.47720432275370867,0.02526512729975554,0.26116084502262704,0.3640161551899449,0.2814356434367418,0
White Field,0.16340697916864827,0.02526512729975554,0.14483924700797884,0.2787923679237394,0.13555868548911024,0
White Field,0.14942116543856904,0.02526512729975554,0.19979733671231703,0.501815127851557,0.17510868261362278,0
White Field,0.5286156319787444,0.02526512729975554,0.26232735794726125,0.25007796614881944,0.28257217589426237,0
White Field,0.33221375359801514,0.02526512729975554,0.1771937073542961,0.43854003393938656,0.22507409851099916,0
White Field,0.23403861487097777,0.02526512729975554,0.09954617249578934,0.28020467121259496,0.151432988575816,0
White Field,0.3631773534001929,0.02526512729975554,0.12012925849322262,0.10443598119283812,0.1743828607575644,0
White Field,0.5716267675734931,0.02526512729975554,0.057057924765766745,0.060834421605198724,0.22818565503458235,0
White Field,0.296590953704769,0.02526512729975554,0.37588411349552786,0.2374898771023709,0.22218667625105704,0
White Field,0.35758207953632426,0.02526512729975554,0.5836412302663835,0.2811550068310909,0.29163476310558045,0
White Field,0.11307041832395764,0.02526512729975554,0.14298773223278466,0.21255678467262845,0.10763524875076302,0
White Field,0.07119753547055446,0.02526512729975554,0.3932359701623283,0.5742601741364232,0.19728489575754987,0
White Field,0.1822870488396183,0.02526512729975554,0.4074022855656642,0.6871792989806312,0.2559373572440206,0
White Field,0.22202816649001425,0.02526512729975554,0.47972917722431896,0.13511459006582285,0.20150242041616884,0
White Field,0.8369418677660527,0.02526512729975554,0.2133156436224248,0.39664373074567366,0.4026688802443811,0
White Field,0.3676996340198333,0.02526512729975554,0.39594707578937194,0.4969227954514616,0.29000224457246193,0
White Field,0.4004187416901166,0.02526512729975554,0.2214392837661301,0.6048106153737854,0.2827355468407613,0
White Field,0.1389259727620159,0.02526512729975554,0.09649821538801394,0.39707805710640176,0.1350649803001953,0
White Field,0.39273593393132733,0.02526512729975554,0.313810636396681,0.7966099178514621,0.32729073002294673,0
White Field,0.3518243017447241,0.02526512729975554,0.18525082912937302,0.16379038422839648,0.1923367672607142,0
White Field,0.4020022580965261,0.02526512729975554,0.37621334321669936,0.3776707044727915,0.2801736028379694,0
White Field,0.30685492623124927,0.02526512729975554,0.14516445046220564,0.2636816731713263,0.183563903439004,0
White Field,0.415903879492306,0.02526512729975554,0.11198544944818853,0.4028981195166903,0.235977703829375,0
White Field,0.4708551214729103,0.02526512729975554,0.32541873572019797,0.33859140109353336,0.28825128801351485,0
White Field,0.1637875364606464,0.02526512729975554,0.16818390776044229,0.1306932425973065,0.11814594389283732,0
White Field,0.5519325490453598,0.02526512729975554,0.2031760206935787,0.4633957521260622,0.31090049731342767,0
White Field,0.4910303593840395,0.02526512729975554,0.22978859128079096,0.311762484995635,0.2721622549798439,0
White Field,0.6187614812530141,0.02526512729975554,0.13214387309311368,0.17989116207153275,0.27755850555783423,0
White Field,0.2270482116682782,0.02526512729975554,0.30446590381438904,0.1917731244840459,0.17670556170930873,0
White Field,0.2644721947408561,0.02526512729975554,0.33303308184364555,0.2957730676690707,0.211117382868316,0
White Field,0.28086747312198646,0.02526512729975554,0.3503891706013664,0.48900507703620466,0.2493117494583259,0
White Field,0.4519201757423625,0.02526512729975554,0.5113448580062127,0.580672935616886,0.35512151164352895,0
White Field,0.5722312160639585,0.02526512729975554,0.43103710821045166,0.34261655176047334,0.3454603682184734,0
White Field,0.2391572343496839,0.02526512729975554,0.35726929297512405,0.3429942930759959,0.21418757276874023,0
White Field,0.2749598599540132,0.02526512729975554,0.38376708011425803,0.2224501451064581,0.2139364269626516,0
White Field,0.339331702650859,0.02526512729975554,0.286071038500666,0.0708642769548823,0.19418948336109285,0
White Field,0.22220106500457032,0.02526512729975554,0.061399936754115224,0.18576344036422465,0.12549441434698302,0
White Field,0.36360165735228217,0.02526512729975554,0.6189301803301144,0.5710605435990925,0.3442852358691122,0
White Field,0.24125009713214346,0.02526512729975554,0.18431463273628362,0.7466937312406264,0.24088405841952754,0
White Field,0.33321749815689866,0.02526512729975554,0.022124014129489472,0.46132498316234877,0.1978292128450914,0
White Field,0.3151441524755245,0.02526512729975554,0.35349068215860857,0.27920080240082695,0.230458248348206,0
White Field,0.4449246787403855,0.02526512729975554,0.02162432890380212,0.18978859442621013,0.19609633069375348,0
White Field,0.32773633051829026,0.02526512729975554,0.09663546837187731,0.3464436586236988,0.19358089633925857,0
White Field,0.4889251523976945,0.02526512729975554,0.12142149989465313,0.07171978617984898,0.2137456094350277,0
White Field,0.5640957199925722,0.02526512729975554,0.4588747292815928,0.31137753773659044,0.3434946167041341,0
White Field,0.3120129836054736,0.02526512729975554,0.5187797075926499,0.6276303066460536,0.31468456996728045,0
White Field,0.5168960493930991,0.02526512729975554,0.14462058661996835,0.5691064378179309,0.30278323847419464,0
White Field,0.37586379072460774,0.02526512729975554,0.3026765238757792,0.47820615736230354,0.2713980933230407,0
K.R.Pura,0.39560926289760473,0.023834306153520956,0.38153969514145947,0.11636018585913153,0.23937550076737957,0
K.R.Pura,0.7324495877205157,0.023834306153520956,0.0893778623294942,0.1534115104202731,0.3043949465771766,0
K.R.Pura,0.6197655882627379,0.023834306153520956,0.39010488898089263,0.2336013382353031,0.3371294262694885,0
K.R.Pura,0.20847007590780667,0.023834306153520956,0.11947332708585223,0.10362606813490029,0.11955339405119411,0
K.R.Pura,0.5867904723135524,0.023834306153520956,0.03688055637613579,0.5364673898652041,0.3003731769108074,0
K.R.Pura,0.44051234029778985,0.023834306153520956,0.6398268930209259,0.5572674720950236,0.37288511036872146,0
K.R.Pura,0.5381577549487798,0.023834306153520956,0.20400615144930279,0.03715108068651372,0.24187939847096682,0
K.R.Pura,0.7077654953208661,0.023834306153520956,0.1147214223975944,0.3435208856708126,0.3293406325385002,0
K.R.Pura,0.44609952942065356,0.023834306153520956,0.18257369311025687,0.10754801791246975,0.21593206845220686,0
K.R.Pura,0.2905401591832308,0.023834306153520956,0.30272975362430465,0.2390569473366288,0.20524384038554233,0
K.R.Pura,0.517147764679727,0.023834306153520956,0.24861844104679828,0.25991108329587237,0.2768623601877012,0
K.R.Pura,0.42513406139734894,0.023834306153520956,0.4995076363114007,0.40691621299014996,0.31688617254593104,0
K.R.Pura,0.22582456094099235,0.023834306153520956,0.4344524936152287,0.1686738100730251,0.1983804584094031,0
K.R.Pura,0.5735597894872364,0.023834306153520956,0.17614276021807967,0.42031350247051363,0.306171795580782,0
K.R.Pura,0.20701961193271942,0.023834306153520956,0.743601533149502,0.10176375461029173,0.24359202584395226,0
K.R.Pura,0.46056440036654844,0.023834306153520956,0.44051809643173795,0.134604131454488,0.276642070978869,0
K.R.Pura,0.5879059145988093,0.023834306153520956,0.16650407811060622,0.5040089161168919,0.32181951499529454,0
K.R.Pura,0.7204658581614228,0.023834306153520956,0.36710340636211897,0.30541796892375267,0.378546718813541,0
K.R.Pura,0.4030655148658918,0.023834306153520956,0.27131022145885275,0.08333255782407864,0.21498515001450078,0
K.R.Pura,0.3434614295993208,0.023834306153520956,0.25731391746712623,0.3432959936026081,0.23031897473963503,0
K.R.Pura,0.37813431200435876,0.023834306153520956,0.3543065184806197,0.5996312986260305,0.30030329953761037,0
K.R.Pura,0.3965509563979901,0.023834306153520956,0.4148564076268335,0.12329262472304957,0.24740830181917695,0
K.R.Pura,0.4098032155547393,0.023834306153520956,0.31094782913746427,0.38273656682175106,0.27018146814097055,0
K.R.Pura,0.11452222364221418,0.023834306153520956,0.12588736636817233,0.5364336848606762,0.15287559612356713,0
K.R.Pura,0.12124080299389153,0.023834306153520956,0.34761598032188057,0.2732538766600542,0.16009585045730254,0
K.R.Pura,0.2038756682158471,0.023834306153520956,0.44650828322658653,0.07474731048765113,0.17902052894006773,0
K.R.Pura,0.1880148276771134,0.023834306153520956,0.09447489454663029,0.20924773375080344,0.12323762050499254,0
K.R.Pura,0.1663551779792172,0.023834306153520956,0.3182479511042742,0.21939318632923263,0.16193317230902204,0
K.R.Pura,0.3322828242727846,0.023834306153520956,0.31292451951401357,0.23768750803241698,0.22168731044919615,0
K.R.Pura,0.19821095410130155,0.023834306153520956,0.31234065262148775,0.13241606352175436,0.15885466583407254,0
K.R.Pura,0.1635508840848146,0.023834306153520956,0.3807470732445578,0.8100137460650216,0.26204457783440616,0
K.R.Pura,0.6662901680627359,0.023834306153520956,0.04369274119363423,0.03663402396033832,0.2545855025007914,0
K.R.Pura,0.34477900502580844,0.023834306153520956,0.18624166376922568,0.24222447768050254,0.20140494801100975,0
K.R.Pura,0.4809695603629561,0.023834306153520956,0.40645022801674824,0.35201765274216507,0.3095823314877653,0
K.R.Pura,0.39099470647956963,0.023834306153520956,0.3715908058973431,0.09942054808365675,0.23322968250592277,0
K.R.Pura,0.2810011860171939,0.023834306153520956,0.3546235686728375,0.3190385925824771,0.2242812095740132,0
K.R.Pura,0.3050828563400946,0.023834306153520956,0.1447116777429184,0.2371733602947848,0.1784476311578908,0
K.R.Pura,0.4056790275709858,0.023834306153520956,0.27286095946298383,0.25857060796033315,0.24249573458254806,0
K.R.Pura,0.395258705128874,0.023834306153520956,0.2427523082309674,0.6768636542831556,0.295570848429829,0
K.R.Pura,0.45895189802915126,0.023834306153520956,0.10588181697315503,0.5984705203131435,0.2787303975978618,0
K.R.Pura,0.42631512822779344,0.023834306153520956,0.5935927947304902,0.5498953086824983,0.35756344197425677,0
K.R.Pura,0.5553525995008571,0.023834306153520956,0.48928294060567185,0.07378970342935734,0.31044874530689426,0
K.R.Pura,0.03045943490822578,0.023834306153520956,0.2649378954609692,0.2904545657073039,0.11436685801222472,0
K.R.Pura,0.567762015945524,0.023834306153520956,0.45037673748239193,0.1458725743764818,0.3178232310799403,0
K.R.Pura,0.14542630437833856,0.023834306153520956,0.5170488278505465,0.4841896047266286,0.2340877046575784,0
K.R.Pura,0.2654211446775635,0.023834306153520956,0.07710931763205421,0.6010401654748097,0.20562558083083576,0
K.R.Pura,0.5695318996604193,0.023834306153520956,0.38533597132891517,0.16640887297337909,0.30851498193899296,0
K.R.Pura,0.41057532300132055,0.023834306153520956,0.5185022194904212,0.26495201475849656,0.2942949010083772,0
K.R.Pura,0.19155210499168404,0.023834306153520956,0.35831150250687044,0.3682639031024046,0.20109541455988045,0
K.R.Pura,0.5089403903047349,0.023834306153520956,0.3865685851979521,0.6040036135622934,0.3531936875266479,0
Chikjala,0.35219879734841897,0.019394878127369196,0.1702667073314477,0.13563053179028955,0.18348596374499038,0
Chikjala,0.1735330693301513,0.019394878127369196,0.10235391475896895,0.3183062654593379,0.13477176047445819,0
Chikjala,0.5081721844902759,0.019394878127369196,0.4463056006957893,0.40086504004576323,0.3330696041558297,0
Chikjala,0.09891605322313324,0.019394878127369196,0.14471225877330773,0.1438175739450747,0.09095416991273014,0
Chikjala,0.44851431566594885,0.019394878127369196,0.2632557675798158,0.16886672493395968,0.24077963617734996,0
Chikjala,0.5287817414334968,0.019394878127369196,0.16148529445674137,0.06733307914235523,0.2332890937026362,0
Chikjala,0.3005912739000687,0.019394878127369196,0.17943419594744714,0.31948018787040905,0.19483427667328557,0
Chikjala,0.6860183817016591,0.019394878127369196,0.19985904473812785,0.271146081709125,0.3265686182377857,0
Chikjala,0.3887164792409459,0.019394878127369196,0.09290024509502688,0.22680364032281786,0.19446982623996986,0
Chikjala,0.3649449367978794,0.019394878127369196,0.377731709779617,0.28836312317255364,0.252350001749275,0
Chikjala,0.19591757590114714,0.019394878127369196,0.12706057421751807,0.35932800851827423,0.153700931124857,0
Chikjala,0.44350196733820774,0.019394878127369196,0.1571543587142393,0.6641530254470723,0.2920979775664922,0
Chikjala,0.4816084237848776,0.019394878127369196,0.6321854791364412,0.21373062612394036,0.3328781015087972,0
Chikjala,0.0,0.019394878127369196,0.1710897537581682,0.24825368976496767,0.07727446765458955,0
Chikjala,0.43842438648853665,0.019394878127369196,0.4041606929703641,0.4287700087169667,0.3044146386108164,0
Chikjala,0.25528152322879955,0.019394878127369196,0.1725578078431145,0.31646813073395264,0.17714877774700638,0
Chikjala,0.24739190795698285,0.019394878127369196,0.04223464476394782,0.4878298569833249,0.17402703872344305,0
Chikjala,0.6009414541259116,0.019394878127369196,0.36712380508210424,0.3865614804025512,0.3475569554590833,0
Chikjala,0.13712132613666678,0.019394878127369196,0.4139123545054297,0.36096065221101975,0.19073749631878303,0
Chikjala,0.39356252467669317,0.019394878127369196,0.7560465183287187,0.42589498156057587,0.3586588979748835,0
Chikjala,0.49267616908911416,0.019394878127369196,0.46301604607761226,0.5234828420926749,0.34938075814882436,0
Chikjala,0.16828651205932757,0.019394878127369196,0.4801565302552646,0.5060674113810399,0.2366601604171843,0
Chikjala,0.36350404596897395,0.019394878127369196,0.23517509129542094,0.423850040655558,0.24365740388476953,0
Chikjala,0.11125533322043901,0.019394878127369196,0.20882796836434805,0.037613622729381326,0.09216546714764122,0
Chikjala,0.5966372231973619,0.019394878127369196,0.13495396792112535,0.19143662747274937,0.2703477792624249,0
Chikjala,0.21818283216817577,0.019394878127369196,0.2294643352806049,0.21117831125219946,0.15975206844102316,0
Chikjala,0.0,0.019394878127369196,0.0836256353182683,0.6192450566491774,0.11543034899924104,0
Chikjala,0.311002313176059,0.019394878127369196,0.07571921052034244,0.39440727057986313,0.18897420574087934,0
Chikjala,0.716701735084016,0.019394878127369196,0.24071349209115675,0.08085967021313681,0.3169357196678182,0
Chikjala,0.5007795542405709,0.019394878127369196,0.01697167179633457,0.268564697823759,0.22477034645524133,0
Chikjala,0.5634678456893212,0.019394878127369196,0.02865298247270231,0.45742897538351235,0.27737715223154047,0
Chikjala,0.23816579242607236,0.019394878127369196,0.15890237346953434,0.33894023155652164,0.1717980002147212,0
Chikjala,0.5130818399246069,0.019394878127369196,0.46645215453980066,0.44571418391111794,0.345544665906451,0
Chikjala,0.49573595257373626,0.019394878127369196,0.11412015989667561,0.28454523614555194,0.24483186424018635,0
Chikjala,0.6735212185354387,0.019394878127369196,0.25722092987085693,0.18564287996402695,0.3208415078943897,0
Chikjala,0.2408620610869298,0.019394878127369196,0.06049114293348479,0.1855102586673133,0.13004495220543014,0
Chikjala,0.27072721378382014,0.019394878127369196,0.316261804332901,0.47114044879494393,0.23449641644836958,0
Chikjala,0.43117735631694654,0.019394878127369196,0.15877805194184874,0.6509861684862356,0.2861340738104471,0
Chikjala,0.34421360488248787,0.019394878127369196,0.1661320109364505,0.21728172735559995,0.19211188643771157,0
Chikjala,0.6171806443247115,0.019394878127369196,0.11560256632516,0.21566999952166052,0.27730270214514086,0
Chikjala,0.3562722440359913,0.019394878127369196,0.4929960079897624,0.34618322312868205,0.2810404339180625,0
Chikjala,0.1278230177105419,0.019394878127369196,0.7223717887532591,0.5812376210462402,0.2822165205444883,0
Chikjala,0.5069677680199782,0.019394878127369196,0.37353590760526234,0.44161634722705073,0.3242068158503132,0
Chikjala,0.40770813843320114,0.019394878127369196,0.29793403344991887,0.2458734457761804,0.244984135446242,0
Chikjala,0.3727230756421941,0.019394878127369196,0.18830387611507501,0.07962287465911763,0.18587574633486134,0
Chikjala,0.1691997919209827,0.019394878127369196,0.22278858472776045,0.18278331684208388,0.13701360508241936,0
Chikjala,0.6655624603127517,0.019394878127369196,0.3387054931438965,0.24208041664820995,0.34281848567368467,0
Chikjala,0.5383581034289567,0.019394878127369196,0.5688649838310993,0.39060760546295553,0.3666079372240088,0
Chikjala,0.37153861069428146,0.019394878127369196,0.34573371016104104,0.40739797391221727,0.26611341530025007,0
Chikjala,0.2790408146220461,0.019394878127369196,0.3880161815885714,0.3077326209957691,0.22724587802300653,0
Chamarajapet,0.4152004668739131,0.01614139101635591,0.13972900932880625,0.15455131311739095,0.20129107954414624,0
Chamarajapet,0.70427910258624,0.01614139101635591,0.5710469922675595,0.5868146868621045,0.45357170469291835,0
Chamarajapet,0.49708028539097054,0.01614139101635591,0.18653020337205015,0.5501426865154649,0.2986479608434762,0
Chamarajapet,0.36839408553124237,0.01614139101635591,0.3556910107721699,0.5451998107441879,0.2866985210069038,0
Chamarajapet,0.5918057309377587,0.01614139101635591,0.20959812973647313,0.3361925787964029,0.3043229358998774,0
Chamarajapet,0.6457964639268012,0.01614139101635591,0.4697970668410636,0.5631689983136818,0.40930594279455224,0
Chamarajapet,0.7270102290172764,0.01614139101635591,0.305912071920651,0.18282727509404545,0.3479025031091905,0
Chamarajapet,0.6019398602270416,0.01614139101635591,0.1636665861590315,0.17541944076449476,0.2745676017308519,0
Chamarajapet,0.582170743963593,0.01614139101635591,0.213997500115007,0.4639684293308715,0.32099694211479646,0
Chamarajapet,0.5582309925100539,0.01614139101635591,0.3080739372318927,0.05954510849624574,0.270769818404241,0
Chamarajapet,0.09268918363936446,0.01614139101635591,0.11976910003694542,0.3852325521888548,0.11902233441440165,0
Chamarajapet,0.22151521939280555,0.01614139101635591,0.21744995104216974,0.2928216525790992,0.16978598218768753,0
Chamarajapet,0.32458296445618606,0.01614139101635591,0.35981872062949044,0.5077565950901578,0.26657368825399363,0
Chamarajapet,0.3573036422728947,0.01614139101635591,0.1749478165436586,0.5203007329079333,0.24293336534534166,0
Chamarajapet,0.06924990173913631,0.01614139101635591,0.3796509977991753,0.13987784716530935,0.12599175954823594,0
Chamarajapet,0.3031571894433259,0.01614139101635591,0.41342479945130256,0.5373175552296238,0.2742300267847749,0
Chamarajapet,0.1343751587666405,0.01614139101635591,0.0844258802250839,0.227320287875962,0.10285694209964202,0
Chamarajapet,0.5226018571821005,0.01614139101635591,0.136166560953075,0.3248556589019481,0.2637147283445492,0
Chamarajapet,0.7486654032950537,0.01614139101635591,0.3125246595578242,0.6921422933796626,0.43320158437668976,0
Chamarajapet,0.5312949230765224,0.01614139101635591,0.45754324202336266,0.3863364013850979,0.34025474899412683,0
Chamarajapet,0.3875036429010901,0.01614139101635591,0.21997680515800735,0.1270704376195395,0.20352461899482072,0
Chamarajapet,0.12125730356144501,0.01614139101635591,0.2758114895068841,0.5151823802423757,0.1797221284891457,0
Chamarajapet,0.39182578455969835,0.01614139101635591,0.4678694700990616,0.3229862614092567,0.284003275132002,0
Chamarajapet,0.3257036434525332,0.01614139101635591,0.12594367729179412,0.48277200590637337,0.21644322885760822,0
Chamarajapet,0.0,0.01614139101635591,0.4741174478240089,0.5181521625920803,0.17738873125852062,0
Chamarajapet,0.4286514469022886,0.01614139101635591,0.30805275749235794,0.4195114515757691,0.27940769295554474,0
Chamarajapet,0.0,0.01614139101635591,0.41291185519990964,0.21775232934024114,0.12008763774592487,0
Chamarajapet,0.3762862228733921,0.01614139101635591,0.42037372354897545,0.4146656965202972,0.2828171944984337,0
Chamarajapet,0.38746602918434103,0.01614139101635591,0.14045617319319514,0.17174303158095788,0.19430821689520883,0
Chamarajapet,0.37509759737173975,0.01614139101635591,0.24493150044676554,0.30933384255972307,0.23151295285832726,0
Chamarajapet,0.28333952324955586,0.01614139101635591,0.10325274309039714,0.5180856828667548,0.20237465149034395,0
Chamarajapet,0.20750488875778544,0.01614139101635591,0.5699876893925546,0.3007976805417608,0.23658631832990673,0
Chamarajapet,0.3198487416092202,0.01614139101635591,0.23533798769423248,0.32170498434358774,0.2121128220585185,0
Chamarajapet,0.3967685305198013,0.01614139101635591,0.65793251949458,0.18595998268227293,0.30319190428809417,0
Chamarajapet,0.34636945385441775,0.01614139101635591,0.5753644473217737,0.2974680592304614,0.28576482450287694,0
Chamarajapet,0.4472024205503393,0.01614139101635591,0.18422112002799132,0.10910944234251593,0.2145739048545012,0
Chamarajapet,0.5295923086844979,0.01614139101635591,0.24565890873783164,0.30172954039529,0.28459093815134084,0
Chamarajapet,0.04782457299388648,0.01614139101635591,0.0975167784016931,0.5785847678845983,0.12787208871579542,0
Chamarajapet,0.4812652767511766,0.01614139101635591,0.40809035311352315,0.2532673727771195,0.29289344070709117,0
Chamarajapet,0.1703810014612229,0.01614139101635591,0.6624680782430499,0.643565538185353,0.2935042141927477,0
Chamarajapet,0.3044901379640067,0.01614139101635591,0.3011778223927568,0.282166331136101,0.21397447974127562,0
Chamarajapet,0.5625863555919526,0.01614139101635591,0.13130374154834035,0.546474962728408,0.30997963448101945,0
Chamarajapet,0.6357731402969162,0.01614139101635591,0.2861160733794592,0.8107539843220413,0.4061993287330255,0
Chamarajapet,0.5289539108438124,0.01614139101635591,0.35950335375759723,0.28359721785130915,0.3044165395294569,0
Chamarajapet,0.5739160152156229,0.01614139101635591,0.21922852794351658,0.11186411416326252,0.2663383453435675,0
Chamarajapet,0.5238288818760097,0.01614139101635591,0.42885362836565194,0.3546595196991937,0.32715217958951964,0
Chamarajapet,0.08656821172738433,0.01614139101635591,0.518086996964776,0.2079795194884541,0.1699556187257146,0
Chamarajapet,0.528615941456734,0.01614139101635591,0.4316524555458275,0.058614676631759816,0.2849806894186931,0
Chamarajapet,0.3522010248698652,0.01614139101635591,0.4436429000813243,0.22445835116113377,0.2505101086997945,0
Chamarajapet,0.35221668519375965,0.01614139101635591,0.3528257278180473,0.3435391658264028,0.2502142775602925,0
B.Pura,0.11457850495759353,0.015666004480349726,0.05685950474410875,0.2819346175409153,0.0984643716592217,0
B.Pura,0.0,0.015666004480349726,0.4878679579392636,0.44594129212288,0.16916458675038964,0
B.Pura,0.16982055095861456,0.015666004480349726,0.2671008319125167,0.4415382491048813,0.18378789792785555,0
B.Pura,0.24234494697537368,0.015666004480349726,0.17048883594693917,0.44069211348700915,0.1897221169979249,0
B.Pura,0.4365141472277316,0.015666004480349726,0.010746736604109478,0.6610268012997127,0.2587831203895898,0
B.Pura,0.5373052833137248,0.015666004480349726,0.11031763924424125,0.29819756695096566,0.25954981339540173,0
B.Pura,0.5454517806221382,0.015666004480349726,0.286133381435384,0.08396396114403192,0.26542919502053486,0
B.Pura,0.46183301103192975,0.015666004480349726,0.4535956832682605,0.7209907779738761,0.3652091085550139,0
B.Pura,0.4961855551340264,0.015666004480349726,0.4789212129485031,0.2013865188045072,0.30435696605139084,0
B.Pura,0.43758056720616767,0.015666004480349726,0.22898505851059123,0.6292178017831783,0.29803268183585857,0
B.Pura,0.7263069835117099,0.015666004480349726,0.4647041788649544,0.3063784733032232,0.39780485234167773,0
B.Pura,0.42047209238506406,0.015666004480349726,0.1697143865567432,0.11524449867536887,0.2030945857915313,0
B.Pura,0.41617227527477324,0.015666004480349726,0.4186272757096896,0.8185553285675587,0.35686885211734726,0
B.Pura,0.4922372800972359,0.015666004480349726,0.11175554373138387,0.18683691629894877,0.22735949556925655,0
B.Pura,0.17068950672560135,0.015666004480349726,0.30113197981853695,0.31617910910194774,0.17209439102706495,0
B.Pura,0.3284773658253489,0.015666004480349726,0.056443856570741704,0.15611704092290846,0.15437320683556163,0
B.Pura,0.30049090872231243,0.015666004480349726,0.07584825847591582,0.2533823333493449,0.16304862109449916,0
B.Pura,0.11191736610491992,0.015666004480349726,0.13576155840803086,0.2673252606454187,0.11112198025924586,0
B.Pura,0.6816502748013348,0.015666004480349726,0.5994073731874835,0.38983816782976094,0.4216345973365329,0
B.Pura,0.3960788461561618,0.015666004480349726,0.5432821106896356,0.08810566967414378,0.2651996700878102,0
B.Pura,0.4310818763158056,0.015666004480349726,0.036893913068548,0.3676890989556218,0.21811060551168973,0
B.Pura,0.6070739752524519,0.015666004480349726,0.20508423592746308,0.46666116480859393,0.32819171458924473,0
B.Pura,0.22098069206060575,0.015666004480349726,0.3955304227841046,0.25753134269839273,0.19977882952689677,0
B.Pura,0.4575042993292103,0.015666004480349726,0.07795116501043771,0.4046270546419568,0.24111059730770956,0
B.Pura,0.5509499813090368,0.015666004480349726,0.5020975313472728,0.16691002872523894,0.3229883053805082,0
B.Pura,0.3510961565906705,0.015666004480349726,0.14557180611177464,0.046614258842827015,0.1636899561996186,0
B.Pura,0.06585195739808747,0.015666004480349726,0.17492010774820238,0.10753003100642303,0.07886151263403945,0
B.Pura,0.5637819004678064,0.015666004480349726,0.3219915784143511,0.2367924501488894,0.3019406497130408,0
B.Pura,0.2780327553594625,0.015666004480349726,0.37835514615395144,0.6055598369523132,0.2685162704935541,0
B.Pura,0.18149456227299288,0.015666004480349726,0.0757501380572964,0.7905923734255556,0.20196178176494503,0
B.Pura,0.05838292860334754,0.015666004480349726,0.2527896518017289,0.08069061399174145,0.08779534881438356,0
B.Pura,0.12644593880626004,0.015666004480349726,0.4245930321802666,0.49272738060052457,0.20778359345242792,0
B.Pura,0.46685485091175233,0.015666004480349726,0.217618007027488,0.3483060326344543,0.26386850546388396,0
B.Pura,0.16436264972402562,0.015666004480349726,0.05983525078118805,0.417692376342521,0.13684763535512964,0
B.Pura,0.25495418333560754,0.015666004480349726,0.4980317518356207,0.8871616475744167,0.3266143630148542,0
B.Pura,0.46413793332727926,0.015666004480349726,0.3360586609561173,0.38077102999084544,0.29147546469850294,0
B.Pura,0.43893564218023084,0.015666004480349726,0.35541088406101207,0.46909429781557155,0.29977359759172384,0
B.Pura,0.321557554430609,0.015666004480349726,0.343065821137943,0.07860597666903649,0.19764900612276215,0
B.Pura,0.08987256319826098,0.015666004480349726,0.2042916077168854,0.304803899349396,0.12273410490928274,0
B.Pura,0.26116030965717296,0.015666004480349726,0.5065995474638751,0.39689289109497067,0.2569597528811361,0
B.Pura,0.25273155721319474,0.015666004480349726,0.3907413560149632,0.3551651669957915,0.22457889262108444,0
B.Pura,0.39885818206689844,0.015666004480349726,0.1368552989895557,0.08398014009973649,0.18426824588039098,0
B.Pura,0.5736478822150208,0.015666004480349726,0.32388554535565744,0.2297403459957072,0.3047147210898497,0
B.Pura,0.10957899851663719,0.015666004480349726,0.16164743496538167,0.2268550832286867,0.10941020030230726,0
B.Pura,0.357324020051497,0.015666004480349726,0.19633519963465962,0.6068861627014706,0.26006317269428136,0
B.Pura,0.6223731905572185,0.015666004480349726,0.2695444344596163,0.5956491457643458,0.3657866767957065,0
B.Pura,0.5496859741812334,0.015666004480349726,0.6207433106726077,0.1954561027031179,0.3505569698475258,0
B.Pura,0.23752500885990374,0.015666004480349726,0.18858384199620695,0.4670655548382125,0.19561015607004448,0
B.Pura,0.16788607187181157,0.015666004480349726,0.28896319600642373,0.3420400699147995,0.17255857618774362,0
B.Pura,0.0,0.015666004480349726,0.052446686841271836,0.5538578545680134,0.0982678168975613,0
Devanahalli,0.7000430453901489,0.015225925910468216,0.2608656344282574,0.2196107899318043,0.3346975890351147,0
Devanahalli,0.2605171831483824,0.015225925910468216,0.39527222111087285,0.23467327202891294,0.21000422690158582,0
Devanahalli,0.462267875412635,0.015225925910468216,0.36947922918269854,0.12141913768338623,0.25847025065661033,0
Devanahalli,0.49167258548316795,0.015225925910468216,0.2312869882098462,0.8947661574915368,0.35712550395794895,0
Devanahalli,0.38048492660360106,0.015225925910468216,0.1505890266399056,0.08025118084975577,0.1798929845398453,0
Devanahalli,0.2906497935788486,0.015225925910468216,0.475617336569293,0.3188774208120716,0.2492502859614068,0
Devanahalli,0.5185139251694995,0.015225925910468216,0.3390597836609496,0.10702535555771366,0.2699134116483122,0
Devanahalli,0.11551024651394493,0.015225925910468216,0.4858541911811838,0.24592040467809692,0.17905526299097246,0
Devanahalli,0.3665371163437151,0.015225925910468216,0.41769705980760513,0.5436139133516521,0.2979372674577096,0
Devanahalli,0.31121093408374906,0.015225925910468216,0.25927122673653374,0.24313175947821367,0.20181561397149142,0
Devanahalli,0.3911899186001157,0.015225925910468216,0.11981073938002396,0.603491105021853,0.2559700629124637,0
Devanahalli,0.7453386857748338,0.015225925910468216,0.09639731463046518,0.07959975765372967,0.2966557443684848,0
Devanahalli,0.20637119906190565,0.015225925910468216,0.1242021699059162,0.16590812481937153,0.1265243501488964,0
Devanahalli,0.15802211670890348,0.015225925910468216,0.6481820562230017,0.604740747786971,0.2802230420339027,0
Devanahalli,0.036027054856416496,0.015225925910468216,0.5857245475769213,0.18623496583303178,0.16225740136322528,0
Devanahalli,0.23930582137803108,0.015225925910468216,0.01704086434502843,0.30896962734318734,0.13807843222593513,0
Devanahalli,0.43187533188135213,0.015225925910468216,0.3685310994846857,0.12011625697928908,0.24744780237544423,0
Devanahalli,0.23379188231440978,0.015225925910468216,0.47306688587153783,0.15074852458205076,0.20362059244479905,0
Devanahalli,0.40479741846316175,0.015225925910468216,0.33913340324915525,0.632800296150722,0.30899359930768644,0
Devanahalli,0.33678914336385435,0.015225925910468216,0.21674431166201846,0.049122984015767215,0.17316128788525825,0
Devanahalli,0.42115265417170916,0.015225925910468216,0.2288143794038445,0.21517715441075452,0.23001065577562074,0
Devanahalli,0.1305208241848832,0.015225925910468216,0.30491616602336463,0.3061425539676669,0.15715468253767254,0
Devanahalli,0.15611281196975962,0.015225925910468216,0.15511861514785502,0.10979907362249475,0.10670084603550155,0
Devanahalli,0.36903769306894635,0.015225925910468216,0.5328471129141606,0.32528194225422097,0.289092684268237,0
Devanahalli,0.7281715678179199,0.015225925910468216,0.20985786826084832,0.33950759517793905,0.35232553943827294,0
Devanahalli,0.18605905732776518,0.015225925910468216,0.21925507584803378,0.290663622102173,0.157139006322791,0
Devanahalli,0.2351219045597589,0.015225925910468216,0.6112234062002464,0.5338768886326254,0.28918665890399914,0
Devanahalli,0.5668981720785481,0.015225925910468216,0.342694512781511,0.1840044226679064,0.29912170395712046,0
Devanahalli,0.6660639043843328,0.015225925910468216,0.2895811516118215,0.3064595467775804,0.3415753066466583,0
Devanahalli,0.30355969177580044,0.015225925910468216,0.20368068745133383,0.24510692088949332,0.1883158455183614,0
Devanahalli,0.5596899907981512,0.015225925910468216,0.08347917073349502,0.5039045875156093,0.29274079682653376,0
Devanahalli,0.3377057665593015,0.015225925910468216,0.3160069356870037,0.158721235454313,0.20977436852444364,0
Devanahalli,0.29163428229550287,0.015225925910468216,0.12073135491195569,0.38325272960511164,0.18827395699972438,0
Devanahalli,0.3677642723793713,0.015225925910468216,0.1701535866506491,0.3082535818329789,0.21355402771099707,0
Devanahalli,0.3923376000916075,0.015225925910468216,0.5215446832479255,0.5366461357679503,0.32669179481998073,0
Devanahalli,0.4420637861237927,0.015225925910468216,0.062264570206486,0.15062854993450606,0.19433729944794098,0
Devanahalli,0.1891755820201911,0.015225925910468216,0.45509005838885475,0.48115631311286994,0.2339706901249088,0
Devanahalli,0.16830207183568074,0.015225925910468216,0.11066555377095369,0.16338103995618988,0.11011376966324794,0
Devanahalli,0.36486890407019823,0.015225925910468216,0.027578797687984106,0.40694375652478776,0.19882921721402483,0
Devanahalli,0.312481842396101,0.015225925910468216,0.31119532630678304,0.37989353826639516,0.2331595186130917,0
Devanahalli,0.3203767421752082,0.015225925910468216,0.33626837855724134,0.2862763198273309,0.2268947612200112,0
Devanahalli,0.4556013316011669,0.015225925910468216,0.3518547582017996,0.4562479920756284,0.30283639428525305,0
Devanahalli,0.20682248502387476,0.015225925910468216,0.24894516119217008,0.3192478096324695,0.17463185121480107,0
Devanahalli,0.2640625889291446,0.015225925910468216,0.29894270329612566,0.5617683377312598,0.24104347521725517,0
Devanahalli,0.39094664534036155,0.015225925910468216,0.4149231244399931,0.4398401564999455,0.29035975200525743,0
Devanahalli,0.3126569033578724,0.015225925910468216,0.39735490141191754,0.18532223117788452,0.22126700890746198,0
Devanahalli,0.37163744649226077,0.015225925910468216,0.1970337573926304,0.1820010727521763,0.20134779643678424,0
Devanahalli,0.3663151164259836,0.015225925910468216,0.07967554992117018,0.42756866705506424,0.21284847856472838,0
Devanahalli,0.5706863063416207,0.015225925910468216,0.44529632358401405,0.24740655996475094,0.33047823370422313,0
Devanahalli,0.4770486586659625,0.015225925910468216,0.12632346798315536,0.09527309821760568,0.21109046663549927,0
Y.Pura,0.43679769187770623,0.012654598077276646,0.40426463729250117,0.6458260623426431,0.33440240839027685,0
Y.Pura,0.2170674633717746,0.012654598077276646,0.33985662509967274,0.3976558218614377,0.2073896899024543,0
Y.Pura,0.2572500461722312,0.012654598077276646,0.379046479676204,0.22096838662360488,0.20278844951224545,0
Y.Pura,0.4287068898119197,0.012654598077276646,0.30766213731806613,0.3874718462728819,0.2734969952619004,0
Y.Pura,0.4824169330475026,0.012654598077276646,0.3020288821148378,0.3142478936205175,0.2801852664558541,0
Y.Pura,0.19624499477419605,0.012654598077276646,0.6358675980515993,0.6190627121484091,0.29251505402673283,0
Y.Pura,0.47079996392796425,0.012654598077276646,0.11301801628631078,0.3664630224481109,0.24614942342244928,0
Y.Pura,0.2699006945348571,0.012654598077276646,0.3087057149445105,0.11866750407939897,0.1778028911111949,0
Y.Pura,0.2105844815906727,0.012654598077276646,0.5353501288825916,0.29564411544625674,0.22891759107337525,0
Y.Pura,0.05885555790794211,0.012654598077276646,0.314997294138439,0.32697618664025335,0.13644171151468854,0
Y.Pura,0.3649709265693166,0.012654598077276646,0.2870521622681679,0.15182701568555626,0.21172068852891085,0
Y.Pura,0.10061856389681201,0.012654598077276646,0.21736944918704254,0.42641434757386887,0.14644891876055605,0
Y.Pura,0.0,0.012654598077276646,0.17043927441098003,0.5518823573070638,0.12066658790143855,0
Y.Pura,0.07711330873191236,0.012654598077276646,0.10737847613982149,0.14613751768428185,0.07418236035995888,0
Y.Pura,0.5341334343814704,0.012654598077276646,0.038622477139124936,0.4685384676261491,0.26874834702844497,0
Y.Pura,0.3621943972546824,0.012654598077276646,0.06102024068623569,0.2442411964913711,0.17940464607327467,0
Y.Pura,0.18219144539295487,0.012654598077276646,0.033951404378069566,0.46654679363791246,0.14433568523201795,0
Y.Pura,0.42827404503058086,0.012654598077276646,0.1775522790853835,0.2506665335342168,0.22680273103109552,0
Y.Pura,0.19725507845518123,0.012654598077276646,0.23542358297363655,0.17038334333969768,0.14547787497817838,0
Y.Pura,0.3382093983368769,0.012654598077276646,0.34058094759814905,0.2993473993750003,0.23518796826696975,0
Y.Pura,0.22383064621714543,0.012654598077276646,0.06954731351633808,0.07482454416037207,0.10727024992650731,0
Y.Pura,0.3690958092829606,0.012654598077276646,0.20326426104026799,0.37171366341720447,0.22938981439285347,0
Y.Pura,0.49029658015596256,0.012654598077276646,0.2343050591688709,0.4435636374571153,0.2887957399301114,0
Y.Pura,0.37611883252740397,0.012654598077276646,0.17806468602483955,0.5589693997895872,0.2548963179811804,0
Y.Pura,0.16597253287986505,0.012654598077276646,0.07930112371794407,0.377366190888267,0.1343519193079646,0
Y.Pura,0.39738773742583267,0.012654598077276646,0.28221612078825253,0.7257197117041742,0.30818326843550103,0
Y.Pura,0.38611787122665414,0.012654598077276646,0.18296569525628517,0.4444322315405249,0.24219560813484772,0
Y.Pura,0.521742799922815,0.012654598077276646,0.03417696635696364,0.6473082210700355,0.2903379858280663,0
Y.Pura,0.2773818937272219,0.012654598077276646,0.11713276714370147,0.19420489592793203,0.15343733004564075,0
Y.Pura,0.3150435536854017,0.012654598077276646,0.24127564540932772,0.17073244155599007,0.18792661852833764,0
Y.Pura,0.0,0.012654598077276646,0.5888781899783218,0.44513552901418046,0.18834234677097442,0
Y.Pura,0.27961929775564753,0.012654598077276646,0.39486506237641583,0.6853609104405931,0.28344028267903176,0
Y.Pura,0.44372188748412017,0.012654598077276646,0.35645341143112574,0.17825297494342812,0.25712766857036445,0
Y.Pura,0.634684345288083,0.012654598077276646,0.12957798025142078,0.32044283144226754,0.29991792104063636,0
Y.Pura,0.6417387974627526,0.012654598077276646,0.12830169196690447,0.21136182866258904,0.2857695712279157,0
Y.Pura,0.0,0.012654598077276646,0.17289887202483367,0.18650918675824704,0.06635253184188677,0
Y.Pura,0.37159132861476535,0.012654598077276646,0.4184733641539069,0.5551961122791279,0.30082743411100143,0
Y.Pura,0.27887486433047726,0.012654598077276646,0.4511889990358915,0.6103394483300675,0.2831912989955384,0
Y.Pura,0.0,0.012654598077276646,0.2929675497884149,0.3688152011328715,0.11771216955079669,0
Y.Pura,0.38680008399852367,0.012654598077276646,0.2815500928362604,0.1035398082079468,0.21101739862111038,0
Y.Pura,0.523389383655659,0.012654598077276646,0.20880143069297502,0.15302214420334834,0.2516962714717609,0
Y.Pura,0.6713407766073163,0.012654598077276646,0.5960645904079434,0.10328557225833501,0.3734714051560827,0
Y.Pura,0.535163424327757,0.012654598077276646,0.4574116574967124,0.27920755475048453,0.32446704264981313,0
Y.Pura,0.5016895812239532,0.012654598077276646,0.09808654949117548,0.46448911462986714,0.26867840994428177,0
Y.Pura,0.516238770899057,0.012654598077276646,0.08876233988431578,0.26140585566479924,0.241443295564436,0
Y.Pura,0.5481773044281129,0.012654598077276646,0.3907878498880245,0.5190992836887958,0.35168089850394674,0
Y.Pura,0.16256790088967554,0.012654598077276646,0.36897626276039575,0.2549818779954877,0.17273767898597173,0
Y.Pura,0.47910557045860186,0.012654598077276646,0.10193118695123843,0.24433203379102927,0.22851937154259575,0
Y.Pura,0.09795429917395482,0.012654598077276646,0.12494766460990464,0.08691415648161721,0.07610704052829069,0
Y.Pura,0.5491341046551192,0.012654598077276646,0.5551499108301943,0.5296828247966897,0.38647572193801705,0
Malleswaram,0.1585476180579451,0.011017045745788446,0.19435413705386045,0.45741501183523375,0.16627985923007446,0
Malleswaram,0.24878500355121363,0.011017045745788446,0.4496394549625648,0.5310273865060913,0.2599618639350879,0
Malleswaram,0.3073728410225674,0.011017045745788446,0.1821937678034653,0.5133133963826292,0.22432137109972256,0
Malleswaram,0.4887675251452904,0.011017045745788446,0.551844719686085,0.25545096339792667,0.3230603359714942,0
Malleswaram,0.24835254030473397,0.011017045745788446,0.27982375452864555,0.5792519615428665,0.2330810479675525,0
Malleswaram,0.2606803648155847,0.011017045745788446,0.23767289246232395,0.3536444389653601,0.19512448574645996,0
Malleswaram,0.4130709276173695,0.011017045745788446,0.17616151525383555,0.12890265379216426,0.2024476395094076,0
Malleswaram,0.28315478783953574,0.011017045745788446,0.19204027116101854,0.6683728200600264,0.2410732667087817,0
Malleswaram,0.5500152155609926,0.011017045745788446,0.22577909892889642,0.6815838097847471,0.3432038304235753,0
Malleswaram,0.0,0.011017045745788446,0.1625896818799695,0.32583431341640584,0.08469819711219131,0
Malleswaram,0.403651090676087,0.011017045745788446,0.07661092608292734,0.6093673785803652,0.2513102874640072,0
Malleswaram,0.19406401670006154,0.011017045745788446,0.1341175329605684,0.7596362095610498,0.21199645759502922,0
Malleswaram,0.2619888531228183,0.011017045745788446,0.20306189453101187,0.16402928892516133,0.1602179845616995,0
Malleswaram,0.40752299516221113,0.011017045745788446,0.09401863656859778,0.28510566605267346,0.20750773925213103,0
Malleswaram,0.6569902152474413,0.011017045745788446,0.5180911507927536,0.29703793848855714,0.3814256099921753,0
Malleswaram,0.18966400795271995,0.011017045745788446,0.585707269154873,0.44924977312171926,0.254216436306421,0
Malleswaram,0.23333039494800695,0.011017045745788446,0.23855553634585547,0.6492845098566421,0.23007453570320635,0
Malleswaram,0.42476298328539064,0.011017045745788446,0.28596865965186263,0.05558831815010891,0.21750413752651213,0
Malleswaram,0.21689653277917337,0.011017045745788446,0.19594437597458347,0.5649936862881002,0.20315682833457893,0
Malleswaram,0.254679971681671,0.011017045745788446,0.20741325919040438,0.49695910280173883,0.20846962107066308,0
Malleswaram,0.324412940721148,0.011017045745788446,0.20736975316776846,0.4437584778500956,0.22488736528720632,0
Malleswaram,0.5657125828037224,0.011017045745788446,0.2107854595741562,0.07377629789242443,0.25452805430373426,0
Malleswaram,0.5846968038244692,0.011017045745788446,0.5281461064512901,0.27640300255746997,0.3550386667361793,0
Malleswaram,0.1483399348853399,0.011017045745788446,0.023133622754976553,0.27766387098339335,0.10150039613210982,0
Malleswaram,0.29472424969938077,0.011017045745788446,0.06717197841535144,0.2630178520859877,0.15934567461448823,0
Malleswaram,0.29666101744336604,0.011017045745788446,0.30735048314647806,0.3367094806137645,0.21911298855027495,0
Malleswaram,0.19318627315522563,0.011017045745788446,0.26152509679454033,0.31592052039969976,0.17061340674692851,0
Malleswaram,0.04130561860548043,0.011017045745788446,0.4175279245293991,0.45609748472940365,0.16968228785094505,0
Malleswaram,0.012004788074182704,0.011017045745788446,0.8340879018198523,0.4575990001311407,0.24296421993334205,0
Malleswaram,0.3245551460196073,0.011017045745788446,0.7706583951152087,0.5039045105482629,0.34661677043588024,0
Malleswaram,0.29639398712735804,0.011017045745788446,0.6112680162940994,0.4490975330543346,0.2966612424352819,0
Malleswaram,0.5969501378281187,0.011017045745788446,0.16182270665956774,0.164989301325281,0.2693505984942838,0
Malleswaram,0.0048581217767190155,0.011017045745788446,0.08681729533309897,0.3734490773643937,0.07838627701686704,0
Malleswaram,0.41525496170371273,0.011017045745788446,0.11741930463085677,0.18256861905502836,0.1995135041044616,0
Malleswaram,0.49691046960043556,0.011017045745788446,0.26125727523067704,0.6367576308776688,0.3249888777616747,0
Malleswaram,0.25905894765243237,0.011017045745788446,0.3238025240506647,0.22206659676016766,0.19204623972624593,0
Malleswaram,0.37934108514667475,0.011017045745788446,0.3064868283155463,0.8665285265443161,0.32735113816982936,0
Malleswaram,0.22752324962758158,0.011017045745788446,0.25422886236973097,0.37877503198923035,0.1906002783657208,0
Malleswaram,0.26866804161942937,0.011017045745788446,0.1891774219498698,0.18010914140616946,0.16219078389143618,0
Malleswaram,0.13676779046614645,0.011017045745788446,0.5988053896237293,0.45350580363467935,0.23896078885683555,0
Malleswaram,0.2427638014713399,0.011017045745788446,0.40643424075935825,0.3755439789441243,0.2258908892321958,0
Malleswaram,0.4127583739175687,0.011017045745788446,0.16904436614397444,0.28730714745914654,0.22467548994255246,0
Malleswaram,0.6006967917557214,0.011017045745788446,0.13544691198606262,0.49796355353667815,0.3153329062659533,0
Malleswaram,0.3046688229434216,0.011017045745788446,0.10043813223938883,0.31870875733835263,0.17783314180256476,0
Malleswaram,0.6038002264090032,0.011017045745788446,0.1412028437781417,0.5710353537839861,0.3285310647901139,0
Malleswaram,0.6496742500935946,0.011017045745788446,0.3520966812550566,0.06479959782307942,0.3108303771809679,0
Malleswaram,0.21227894987271262,0.011017045745788446,0.45654327332225275,0.4344768888936279,0.23408293417768067,0
Malleswaram,0.5269629811768959,0.011017045745788446,0.16250746587496206,0.1981526014118532,0.2499665405224205,0
Malleswaram,0.26439857655288335,0.011017045745788446,0.2048965502293897,0.20863001718597854,0.16811842814102043,0
Malleswaram,0.025067571688137225,0.011017045745788446,0.5863242726809337,0.13176496947144897,0.14910836377148864,0
RT Nagar,0.3997048199469603,0.010778568338306942,0.4416935572776733,0.06687961770736688,0.24150091159456788,0
RT Nagar,0.16682243849679146,0.010778568338306942,0.4192960387963198,0.26944745805944953,0.18589775044355047,0
RT Nagar,0.537728235475544,0.010778568338306942,0.26657171920198536,0.2749999476444081,0.28600278890499076,0
RT Nagar,0.46289986955287993,0.010778568338306942,0.07572833845255056,0.18489630476054505,0.20812863824959194,0
RT Nagar,0.12911712682141283,0.010778568338306942,0.5268015614101393,0.6550715037625044,0.2520456027353901,0
RT Nagar,0.6085723392490218,0.010778568338306942,0.17493106064317537,0.5652118115223513,0.3360018730956375,0
RT Nagar,0.6152968010775138,0.010778568338306942,0.33670362940226706,0.30523275624364543,0.3317130901956222,0
RT Nagar,0.2221300452971644,0.010778568338306942,0.23250108562810798,0.3768482217755262,0.18400653674745016,0
RT Nagar,0.37559368808876903,0.010778568338306942,0.21380513835556844,0.34152530166243195,0.22868118425303974,0
RT Nagar,0.14182469207725298,0.010778568338306942,0.29882863983484925,0.4022857491302791,0.17298080306504235,0
RT Nagar,0.25201857141565304,0.010778568338306942,0.22235545012678526,0.219252457944446,0.16879902921399462,0
RT Nagar,0.5146938806928593,0.010778568338306942,0.1914795415622887,0.35200828315431026,0.2744735795295971,0
RT Nagar,0.6882938652838301,0.010778568338306942,0.5295204860394961,0.08270884311784071,0.3624468470264079,0
RT Nagar,0.3812675884467558,0.010778568338306942,0.29658110910026164,0.009106203895798514,0.19735937886227872,0
RT Nagar,0.5006432940740753,0.010778568338306942,0.3845658264372017,0.5376193840098882,0.336014796316342,0
RT Nagar,0.2857735129440913,0.010778568338306942,0.3351317901554122,0.28893530606141127,0.21362095397221817,0
RT Nagar,0.07897260308518683,0.010778568338306942,0.38163141011852814,0.10880926107975021,0.12352165276697563,0
RT Nagar,0.3662419255145712,0.010778568338306942,0.22460906884290976,0.356472682934116,0.22981096064029136,0
RT Nagar,0.24193685309911372,0.010778568338306942,0.2839724646266215,0.20439440557108332,0.1753651228471687,0
RT Nagar,0.4120536370658172,0.010778568338306942,0.0789854475308042,0.20914924591703324,0.19462181986824392,0
RT Nagar,0.36908195113336284,0.010778568338306942,0.2993923890429892,0.23745611315386356,0.22790914817984648,0
RT Nagar,0.17317342123451201,0.010778568338306942,0.22329434809665594,0.399867285026889,0.16848323030693582,0
RT Nagar,0.3872267080932998,0.010778568338306942,0.44959682072182905,0.317636966511009,0.27632782745516415,0
RT Nagar,0.23428273785552606,0.010778568338306942,0.20109000248147746,0.21544213271599577,0.15776684915462105,0
RT Nagar,0.5905032122720234,0.010778568338306942,0.38735740073143604,0.49422204977960843,0.36151448240992873,0
RT Nagar,0.877508191215116,0.010778568338306942,0.46514123957792364,0.056351796840781454,0.41184245486848464,0
RT Nagar,0.4256150049310057,0.010778568338306942,0.4360626834533751,0.21214403714431976,0.27123296448966705,0
RT Nagar,0.6432330617555739,0.010778568338306942,0.5448193094316037,0.3925241860464888,0.396207631909237,0
RT Nagar,0.41834414995026215,0.010778568338306942,0.2660721389676799,0.2482495508428976,0.24010588340405448,0
RT Nagar,0.543078879640658,0.010778568338306942,0.16696059895179527,0.29357379742976597,0.27073936778054636,0
RT Nagar,0.4525124883468985,0.010778568338306942,0.29220536315790424,0.5422059746131286,0.3013849102464567,0
RT Nagar,0.46305505016583925,0.010778568338306942,0.10729215958231017,0.4298331899224186,0.25123624846436066,0
RT Nagar,0.3234133114363442,0.010778568338306942,0.16956730203640735,0.05999175965225501,0.15934045385933227,0
RT Nagar,0.6775239289977105,0.010778568338306942,0.47589012812473813,0.3876494125810751,0.39369238316279964,0
RT Nagar,0.509285198127504,0.010778568338306942,0.2245226786746052,0.17565048448713338,0.2527354982541095,0
RT Nagar,0.31946064912533134,0.010778568338306942,0.5968611682311427,0.2812586193314349,0.2766058242413018,0
RT Nagar,0.3909794272448911,0.010778568338306942,0.5157050074779654,0.5751879504484608,0.3294955641000662,0
RT Nagar,0.2158421285854222,0.010778568338306942,0.1953255529658896,0.3055838609411356,0.16368100524073811,0
RT Nagar,0.3354849224407623,0.010778568338306942,0.10507096026743198,0.4573080554922176,0.2102636937330779,0
RT Nagar,0.3650042636293386,0.010778568338306942,0.28684916691556767,0.4242375436056568,0.2519905276957226,0
RT Nagar,0.12172203998719255,0.010778568338306942,0.5534631505223674,0.07896844209342982,0.16837418091549744,0
RT Nagar,0.009935521184198381,0.010778568338306942,0.6558002393672611,0.3409190965370547,0.18900891526997196,0
RT Nagar,0.5247048309690583,0.010778568338306942,0.069110113953293,0.349356352967982,0.2531057370765184,0
RT Nagar,0.12828650920917958,0.010778568338306942,0.35460569508437045,0.1995946562605047,0.14899418618065474,0
RT Nagar,0.334553784475683,0.010778568338306942,0.40341201525400616,0.35342136015378967,0.25402300214185086,0
RT Nagar,0.04791470076405985,0.010778568338306942,0.17263543510750343,0.20753667745978177,0.08566130440938098,0
RT Nagar,0.2599641104547632,0.010778568338306942,0.30510571411312964,0.16789858262322327,0.18042693937676862,0
RT Nagar,0.924881677554021,0.010778568338306942,0.24287289456415245,0.7916242822751554,0.49426037889950325,0
RT Nagar,0.33032686653006854,0.010778568338306942,0.18323437937343817,0.24888224111529808,0.19282718582899844,0
RT Nagar,0.6267971912317145,0.010778568338306942,0.39888535719933466,0.1956567707105899,0.3317381744790476,0
Mico layout,0.42669978197307074,0.008169187499640313,0.19421791490795082,0.05713980770860316,0.19921023407834748,0
Mico layout,0.4842331054880407,0.008169187499640313,0.08858803901254157,0.279421965765952,0.23156324583810745,0
Mico layout,0.18447100704729852,0.008169187499640313,0.1455131221308256,0.09498880077055198,0.1103665532581945,0
Mico layout,0.47044640166458435,0.008169187499640313,0.2644360666030934,0.2382621435153351,0.25573353168041557,0
Mico layout,0.1303625384752968,0.008169187499640313,0.31418736347070036,0.14395511150912407,0.13250838413675464,0
Mico layout,0.013093528384070519,0.008169187499640313,0.5153452053560152,0.21808279016422444,0.1428149507801535,0
Mico layout,0.5275148066093812,0.008169187499640313,0.39775123416398017,0.3971574882094816,0.32620480862739376,0
Mico layout,0.41399533576757375,0.008169187499640313,0.3189195976882012,0.03528710801513478,0.21642610950845337,0
Mico layout,0.3153904024863402,0.008169187499640313,0.3197070720874563,0.22360028132981535,0.2103188537370747,0
Mico layout,0.40672814384733047,0.008169187499640313,0.02671061353913902,0.3256021737177189,0.1989880553619434,0
Mico layout,0.11578144173075011,0.008169187499640313,0.3920485749377093,0.18911396773348163,0.14975107100321874,0
Mico layout,0.09597656215780231,0.008169187499640313,0.5280375763318699,0.6072440947463388,0.2327366824834477,0
Mico layout,0.5390794759282911,0.008169187499640313,0.5295712797457875,0.11813143725240458,0.31476254436181217,0
Mico layout,0.5341130710650973,0.008169187499640313,0.09683942009106271,0.45385837774162685,0.27683697180213274,0
Mico layout,0.3644011702712839,0.008169187499640313,0.14697181266996115,0.1304156410430786,0.17894787453529548,0
Mico layout,0.10901922626787525,0.008169187499640313,0.033453044518763415,0.20318460183075304,0.07777578462201407,0
Mico layout,0.289209473567988,0.008169187499640313,0.10644088614187303,0.1981809336990938,0.15468938928192655,0
Mico layout,0.15473050755864615,0.008169187499640313,0.10553110442880395,0.41147231773740417,0.13943350244178965,0
Mico layout,0.18894516460944252,0.008169187499640313,0.1443247264071499,0.4531644615188641,0.16542117837245657,0
Mico layout,0.6560596564984037,0.008169187499640313,0.29725677604518275,0.46522985565191105,0.3613074695811566,0
Mico layout,0.4602100812860044,0.008169187499640313,0.13294852245560704,0.7377940082905463,0.300783090434697,0
Mico layout,0.25189932498225837,0.008169187499640313,0.13457021069870562,0.0458819299757358,0.124411851629784,0
Mico layout,0.21368388415067996,0.008169187499640313,0.127241451248602,0.1203689229106535,0.12074374438894851,0
Mico layout,0.38864198584689486,0.008169187499640313,0.10720829896041205,0.268152775886782,0.20014002747140497,0
Mico layout,0.387009994056992,0.008169187499640313,0.3126809731586282,0.29066964551506,0.24404089562882392,0
Mico layout,0.5067878336436376,0.008169187499640313,0.15260628319651898,0.6223488558058656,0.3037000830353489,0
Mico layout,0.41470778555028764,0.008169187499640313,0.4104263613658965,0.4380528543970129,0.295391681625224,0
Mico layout,0.35767605060581453,0.008169187499640313,0.3071676952741531,0.1803172601435858,0.21611850203829566,0
Mico layout,0.2876405331921212,0.008169187499640313,0.030144574110614695,0.3998909955926904,0.169137507028161,0
Mico layout,0.3338295387707646,0.008169187499640313,0.10799141454524912,0.49058638573845964,0.21447733558947846,0
Mico layout,0.4169488119230654,0.008169187499640313,0.25234751666213145,0.5593071492487676,0.2827484161427064,0
Mico layout,0.4522673556823517,0.008169187499640313,0.44342323852591653,0.36508571815620494,0.30419183616732925,0
Mico layout,0.5880831637973392,0.008169187499640313,0.32300254657684246,0.5256931627853517,0.35173434731213205,0
Mico layout,0.4603272574319004,0.008169187499640313,0.42925911501047626,0.2811247826200153,0.2915858367461548,0
Mico layout,0.6367096014969322,0.008169187499640313,0.2627199231060171,0.6540823429319652,0.3759554528348166,0
Mico layout,0.5065512309692064,0.008169187499640313,0.10415229051221216,0.2622507070123489,0.23991175124340913,0
Mico layout,0.33430893808277606,0.008169187499640313,0.03314008148746694,0.15593551163565816,0.14947722762170582,0
Mico layout,0.46547144159082565,0.008169187499640313,0.12541515284818827,0.19882639048604578,0.2202727499492256,0
Mico layout,0.3663571184325802,0.008169187499640313,0.3175079423216172,0.47986682825132937,0.266157360403318,0
Mico layout,0.40942217962251387,0.008169187499640313,0.3918153791703272,0.12812109638029504,0.24332975940888166,0
Mico layout,0.14307562828871986,0.008169187499640313,0.5215510701340512,0.16878741605889216,0.1821555525865881,0
Mico layout,0.12615891755734832,0.008169187499640313,0.433608215828716,0.2639661081529561,0.17292293678365062,0
Mico layout,0.38895287825167923,0.008169187499640313,0.5583291917407472,0.20112949924391704,0.2804195268727169,0
Mico layout,0.5361221121726212,0.008169187499640313,0.06205780340495265,0.5983131289530945,0.2922520255342642,0
Mico layout,0.37672726440552096,0.008169187499640313,0.06938244308996713,0.24094701389997591,0.18432383949481423,0
Mico layout,0.13558970963861872,0.008169187499640313,0.3926309418014891,0.35731703931719205,0.18203089888128526,0
Mico layout,0.6581114152910037,0.008169187499640313,0.5412110641990793,0.24618377453898976,0.3779595306224077,0
Mico layout,0.41917123642902676,0.008169187499640313,0.15371073994920567,0.4289525398628552,0.2442457179693209,0
Mico layout,0.08072581921804084,0.008169187499640313,0.06626005510008623,0.19225324104033284,0.07279479015227355,0
Mico layout,0.5667756286935536,0.008169187499640313,0.20911421365410532,0.44645409812288517,0.3096131837418897,0
HuliMavu,0.2926235251103267,0.002928521447832503,0.3994272230897157,0.1440490643646495,0.20478959449560466,0
HuliMavu,0.43598220874041177,0.002928521447832503,0.1866941802552103,0.0498683681291061,0.19829142076390185,0
HuliMavu,0.7688185444500533,0.002928521447832503,0.2354041641157865,0.13172456371250635,0.3368045643719016,0
HuliMavu,0.0,0.002928521447832503,0.21369687305971405,0.14841262379040074,0.06587982461485267,0
HuliMavu,0.61550514021497,0.002928521447832503,0.383239862523569,0.48419968964499227,0.3655832814610519,0
HuliMavu,0.1559275858120811,0.002928521447832503,0.49128756792980244,0.38366719606587907,0.2112608044644205,0
HuliMavu,0.45521543660970554,0.002928521447832503,0.15100359768007635,0.3122087139833633,0.23723598588126646,0
HuliMavu,0.2704223056502342,0.002928521447832503,0.13422308365574664,0.298561855509645,0.16715525846952778,0
HuliMavu,0.3977879249803727,0.002928521447832503,0.4070634126199543,0.18193857107061878,0.24880779836206388,0
HuliMavu,0.3770505906479514,0.002928521447832503,0.3847138680885514,0.5656041093217908,0.29462965317711165,0
HuliMavu,0.21678688877883345,0.002928521447832503,0.29767719164298834,0.5732943567201764,0.22228355934356558,0
HuliMavu,0.1641003637129548,0.002928521447832503,0.329874830297179,0.6214994332075435,0.21751356477445127,0
HuliMavu,0.35148489163907143,0.002928521447832503,0.878812925106041,0.3826853463443003,0.35706365548087804,0
HuliMavu,0.7400262217922166,0.002928521447832503,0.1626023801867755,0.3272665158793074,0.3414981874808767,0
HuliMavu,0.43600118474835264,0.002928521447832503,0.8083090542630779,0.24610145777526468,0.35205600061517844,0
HuliMavu,0.32774866380671197,0.002928521447832503,0.2101242826394449,0.08743295639548058,0.17073038875391003,0
HuliMavu,0.417915356700819,0.002928521447832503,0.20541051834169066,0.5021069432599868,0.26354707643697256,0
HuliMavu,0.4493238332962358,0.002928521447832503,0.3744677564134042,0.3463710348315979,0.28499110459545285,0
HuliMavu,0.39953873675583934,0.002928521447832503,0.46205691353415235,0.23131694338419823,0.26782603851335374,0
HuliMavu,0.10180271255978396,0.002928521447832503,0.15235943856653883,0.6447754641284786,0.1636977131628537,0
HuliMavu,0.6294504209782639,0.002928521447832503,0.22705048936834535,0.2693156314811897,0.3069936463725896,0
HuliMavu,0.14699614211670578,0.002928521447832503,0.3765403425113889,0.35896269973870687,0.18147967963828057,0
HuliMavu,0.7731575444748089,0.002928521447832503,0.34791149030289115,0.18203176861480677,0.3683707603533321,0
HuliMavu,0.4548977040313987,0.002928521447832503,0.08491787943785226,0.3082337874285342,0.22331139684718987,0
HuliMavu,0.07831232765445828,0.002928521447832503,0.29273033369761214,0.10473490154690683,0.1025441730849686,0
HuliMavu,0.5374182165687412,0.002928521447832503,0.6612002071436307,0.10192525796788815,0.33650376235731855,0
HuliMavu,0.3493257506751682,0.002928521447832503,0.040922539826349656,0.3543616823997478,0.1844813294958907,0
HuliMavu,0.2723075006487718,0.002928521447832503,0.48576693003763954,0.45695486420606907,0.26188279729985814,0
HuliMavu,0.5298758599689659,0.002928521447832503,0.392600609204659,0.2868045771503199,0.3078759158369676,0
HuliMavu,0.5645964263143503,0.002928521447832503,0.23945206161864577,0.10817421475248937,0.2626038501809749,0
HuliMavu,0.2582834080242832,0.002928521447832503,0.3455379106885846,0.1951788971472728,0.18966216595265667,0
HuliMavu,0.310969583204294,0.002928521447832503,0.29900843462608373,0.08806936652801713,0.18273000246027196,0
HuliMavu,0.3887094241105491,0.002928521447832503,0.1278822375100174,0.12127374427707623,0.18069436401660682,0
HuliMavu,0.17431350764458217,0.002928521447832503,0.2074296649530542,0.19508543730263586,0.13263703269595972,0
HuliMavu,0.4284189770200321,0.002928521447832503,0.31950347010345925,0.11080942552497049,0.23134730624079844,0
HuliMavu,0.42713547549373804,0.002928521447832503,0.46314695104488984,0.36554831014993155,0.29783760958862576,0
HuliMavu,0.32064266112805534,0.002928521447832503,0.263388951721197,0.34806967927513643,0.21799173006467898,0
HuliMavu,0.29639553213289627,0.002928521447832503,0.5483386545619606,0.37387663642490854,0.2703662190569919,0
HuliMavu,0.35940445126258336,0.002928521447832503,0.12964280726323896,0.5152164169913441,0.22988113837760332,0
HuliMavu,0.597093135984305,0.002928521447832503,0.0595798309340184,0.5416488423116054,0.30302444656240096,0
HuliMavu,0.33314298068871717,0.002928521447832503,0.31015228940089806,0.3857499456511447,0.23737154940325206,0
HuliMavu,0.5929100429364921,0.002928521447832503,0.3879809549490721,0.5276660855862725,0.3651431752898773,0
HuliMavu,0.37364311976682757,0.002928521447832503,0.09305629311230816,0.09424472883761713,0.1644016163008436,0
HuliMavu,0.4003950594615423,0.002928521447832503,0.36649378526010207,0.4162454953362539,0.27675240859834804,0
HuliMavu,0.5223804279284856,0.002928521447832503,0.2933974954356928,0.13680564463047448,0.26291205199102946,0
HuliMavu,0.33774574514457695,0.002928521447832503,0.18332173650304642,0.3119896262613843,0.20255235847476863,0
HuliMavu,0.34327808676307237,0.002928521447832503,0.23144284391769285,0.3914980407873404,0.2260391617030647,0
HuliMavu,0.45797370853411973,0.002928521447832503,0.4970167610351456,0.3914431767154347,0.319289183135636,0
HuliMavu,1.0,0.002928521447832503,0.3887745263713859,0.31557061244034956,0.47596905357467933,0
HuliMavu,0.4380169507012359,0.002928521447832503,0.3265038394886406,0.39387985883785814,0.27856723590318916,0
