area,severity_score,historical_area_risk,report_density,accessibility_risk,rainfall_mm,risk_score,risk_label_binary
Yelahanka,0.7752231053635494,0.8230534022394486,0.29092101273369964,0.3007180367348568,0.0,0.6215360156060453,1
Yelahanka,0.5668261240445074,0.8230534022394486,0.5960353904983761,0.5113926991522154,0.0,0.6412211470599196,1
Yelahanka,0.8784950852430609,0.8230534022394486,0.5297490334193713,0.4918197490326262,0.0,0.734112069545674,1
Yelahanka,0.7861539625932858,0.8230534022394486,0.5882957318605923,0.5937012810775466,0.0,0.728784246113235,1
Yelahanka,0.5719674121833287,0.8230534022394486,0.5146700784312891,0.4907066707315411,0.0,0.6236446312319885,1
Yelahanka,0.7606212297871946,0.8230534022394486,0.5429181278084187,0.289369070528431,0.0,0.6651224372383011,1
Yelahanka,0.6708484257869487,0.8230534022394486,0.5908262577681284,0.37027253965075585,0.0,0.6554191021985055,1
Yelahanka,0.8631765333437383,0.8230534022394486,0.3621091829715243,0.3524886058111335,0.0,0.6743229348081179,1
Yelahanka,0.7460106635004535,0.8230534022394486,0.557833498849939,0.5029022165850632,0.0,0.6950217851547404,1
Yelahanka,0.6516612100880526,0.8230534022394486,0.3345330071661522,0.48190678022238637,0.0,0.6141900626692413,1
Yelahanka,0.6441803348398041,0.8230534022394486,0.6230475829929552,0.4020045657436039,0.0,0.6572893393258976,1
Yelahanka,0.9542351246092435,0.8230534022394486,0.504684011924199,0.2794430402791211,0.0,0.7237515727117777,1
Yelahanka,0.7985702868460061,0.8230534022394486,0.6824183181476824,0.3888940770858579,0.0,0.7212333962603519,1
Yelahanka,0.6772900180626074,0.8230534022394486,0.3197725630377828,0.4570760991376201,0.0,0.6164834544719467,1
Yelahanka,0.6052187551127972,0.8230534022394486,0.44927244974523584,0.5702322544284435,0.0,0.6341319130746274,1
Yelahanka,0.8712368132287404,0.8230534022394486,0.7137058589504597,0.2258653392328221,0.0,0.7284698779769089,1
Yelahanka,0.6101966071769863,0.8230534022394486,0.43501535094942956,0.3536018177808674,0.0,0.6005281760407958,1
Yelahanka,0.7708976490590084,0.8230534022394486,0.6251923548195801,0.35015470564905626,0.0,0.694291874653762,1
Yelahanka,0.5725244287473623,0.8230534022394486,0.5063266999945539,0.5306491522385679,0.0,0.6281622835681072,1
Yelahanka,0.6384770045464114,0.8230534022394486,0.4802476353439602,0.4992488007180768,0.0,0.641319819439582,1
Yelahanka,0.9195059988185318,0.8230534022394486,0.5161568743240428,0.21760656692474756,0.0,0.7046154801618414,1
Yelahanka,0.651400313203274,0.8230534022394486,0.546961543072569,0.584124213839633,0.0,0.6719170709834392,1
Yelahanka,0.7811374497915599,0.8230534022394486,0.6109639603731379,0.6368836194311052,0.0,0.7380394630881739,1
Yelahanka,0.6602318116816056,0.8230534022394486,0.6054076149658536,0.6009849321798802,0.0,0.6892264175805493,1
Yelahanka,0.8172348096684585,0.8230534022394486,0.7558618159755562,0.6699445962023577,0.0,0.78461225668126,1
Yelahanka,0.7614551304327547,0.8230534022394486,0.915938072014826,0.24989095976332806,0.0,0.7340965746907631,1
Yelahanka,0.5891389402139022,0.8230534022394486,0.38694329373055425,0.3107158688523985,0.0,0.577110688820671,1
Yelahanka,0.40398292056355817,0.8230534022394486,0.3484088343780848,0.9073634907333494,0.0,0.5940963333546992,1
Yelahanka,0.7818540301770435,0.8230534022394486,0.7539264179074951,0.5662661058094447,0.0,0.7562901306867155,1
Yelahanka,0.677502757092312,0.8230534022394486,0.4797182489502595,0.597544882083589,0.0,0.6696173677567339,1
Yelahanka,0.7203892217642063,0.8230534022394486,0.37336043058571733,0.824289387898817,0.0,0.6973677425912728,1
Yelahanka,0.7673824200512201,0.8230534022394486,0.30873724457300245,0.22124604905780554,0.0,0.6104342239630328,1
Yelahanka,0.6354995656667609,0.8230534022394486,0.5389945814008983,0.3224436912135995,0.0,0.6255063386174204,1
Yelahanka,0.6777409833960086,0.8230534022394486,0.5334609375631385,0.7602417334008097,0.0,0.7048538123831867,1
Yelahanka,0.6612394908456308,0.8230534022394486,0.4910188273262942,0.44807062184420265,0.0,0.6437642012096946,1
Yelahanka,1.0,0.8230534022394486,0.5676974509587337,0.49744299533923353,0.0,0.7850719601644663,1
Yelahanka,0.686056840656823,0.8230534022394486,0.47871014848741555,0.3235647782138532,0.0,0.6313126613312837,1
Yelahanka,0.9923951489975616,0.8230534022394486,0.690228925103985,0.275838382153169,0.0,0.7736758651647535,1
Yelahanka,0.8299510960081509,0.8230534022394486,0.22875493828608204,0.806498646192199,0.0,0.7041246888607336,1
Yelahanka,0.4356870391060422,0.8230534022394486,0.6000495092717855,0.5815057576206897,0.0,0.6066422498564099,1
Yelahanka,0.7690358140784624,0.8230534022394486,0.35830721224169504,0.6562321691777233,0.0,0.6861748234242939,1
Yelahanka,0.5865281498214903,0.8230534022394486,0.31360542098480265,0.5868257136803621,0.0,0.6029458143583709,1
Yelahanka,1.0,0.8230534022394486,0.3408835089085097,0.732923144312943,0.0,0.7750311941004779,1
Yelahanka,0.43214400232635813,0.8230534022394486,0.33016776660046926,0.4380098450321057,0.0,0.5299014515609696,0
Yelahanka,0.7452574887783145,0.8230534022394486,0.5314281155932493,0.37353014248770655,0.0,0.6700712862360505,1
Yelahanka,0.8141841370395321,0.8230534022394486,0.3731480057953367,0.5545821123606948,0.0,0.6896973866488423,1
Yelahanka,0.855272132958745,0.8230534022394486,0.3570063539428888,0.4766011904656765,0.0,0.6891527165658246,1
Yelahanka,0.7369568295258915,0.8230534022394486,0.4781764173944246,0.29867498221393085,0.0,0.6452874418168711,1
Yelahanka,0.7910829752945372,0.8230534022394486,0.33508427880662994,0.7017311474170117,0.0,0.6960715898988002,1
Yelahanka,0.6026030412039918,0.8230534022394486,0.5023409031251275,0.8923746746250051,0.0,0.6921514669120079,1
K.Swamy Lyt.,0.6324407599748751,0.760241402116402,0.6378717957860675,0.7505944442848459,0.0,0.6895902124260672,1
K.Swamy Lyt.,0.8858318592963303,0.760241402116402,0.33726910845691294,0.6090435971012121,0.0,0.6969239326452006,1
K.Swamy Lyt.,0.609547079663301,0.760241402116402,0.33956645461708757,0.558602204190234,0.0,0.5931175200690285,1
K.Swamy Lyt.,0.8035594320079518,0.760241402116402,0.5167629504716557,0.6728094419794536,0.0,0.7135922282289529,1
K.Swamy Lyt.,0.7966485081117444,0.760241402116402,0.5242079092855805,0.2894242811448883,0.0,0.6551546225028805,1
K.Swamy Lyt.,0.8874602917526447,0.760241402116402,0.46664633714511594,0.6623556579935903,0.0,0.7313661388764079,1
K.Swamy Lyt.,0.42299768151148404,0.760241402116402,0.7469378049445439,0.8782484393895781,0.0,0.6572464360612855,1
K.Swamy Lyt.,0.41113612741338124,0.760241402116402,0.4163955849455222,0.6146700992226247,0.0,0.5474496971021021,0
K.Swamy Lyt.,0.9853172815246993,0.760241402116402,0.26899954222255074,0.5207270951052302,0.0,0.70484244187886,1
K.Swamy Lyt.,0.7385898191504661,0.760241402116402,0.8028614823490555,0.4679273675535164,0.0,0.7173402589404222,1
K.Swamy Lyt.,0.8987149098844224,0.760241402116402,0.23686133234466614,0.5373342352342826,0.0,0.670595040848544,1
K.Swamy Lyt.,0.7287185142639707,0.760241402116402,0.28744451673406224,0.3669836873840803,0.0,0.5956603570817348,1
K.Swamy Lyt.,0.6368336516521571,0.760241402116402,0.4513951856039152,0.38741122127143734,0.0,0.5993549190246742,1
K.Swamy Lyt.,0.70131420149177,0.760241402116402,0.3077582467289275,0.34376091606557735,0.0,0.5866481779126621,1
K.Swamy Lyt.,0.6798721848751881,0.760241402116402,0.47505152267576556,0.7106743147621608,0.0,0.6676391370907137,1
K.Swamy Lyt.,0.25832267710840345,0.760241402116402,0.36500473392328653,0.8695061737901961,0.0,0.5219122304760485,0
K.Swamy Lyt.,0.9821095376823127,0.760241402116402,0.24170583543119556,0.558355354950969,0.0,0.7039052291526144,1
K.Swamy Lyt.,0.5984027166384069,0.760241402116402,0.8129679743565704,0.43581802026319216,0.0,0.6654796693691559,1
K.Swamy Lyt.,0.7895123208971966,0.760241402116402,0.7919862802940891,0.4481147127793652,0.0,0.730016195924662,1
K.Swamy Lyt.,0.5469208281770539,0.760241402116402,0.2774332741229115,0.6893569147402014,0.0,0.578384902532502,1
K.Swamy Lyt.,0.5805687628092305,0.760241402116402,0.5703419702148212,0.2301267470433368,0.0,0.579858893717616,1
K.Swamy Lyt.,0.6191601631715012,0.760241402116402,0.23867070348933456,0.26435393504100374,0.0,0.5321657086989635,0
K.Swamy Lyt.,0.8179640426574608,0.760241402116402,0.7903201092221517,0.7516748147103612,0.0,0.7851750796160164,1
K.Swamy Lyt.,0.7216989574882954,0.760241402116402,0.4098835159634269,0.2758251461213522,0.0,0.6040175308667121,1
K.Swamy Lyt.,0.7240399315870303,0.760241402116402,0.8571753222771454,0.3283848261436553,0.0,0.7021791850673585,1
K.Swamy Lyt.,0.4012901298746589,0.760241402116402,0.8871777851111675,0.701023206630197,0.0,0.6511130041078144,1
K.Swamy Lyt.,0.7549917430132582,0.760241402116402,0.7483987644483517,0.46084161710431704,0.0,0.7111255261448789,1
K.Swamy Lyt.,0.6137352858224677,0.760241402116402,0.30413786713046886,0.41985163301230133,0.0,0.5666850890507232,1
K.Swamy Lyt.,0.28678871864095257,0.760241402116402,0.5865170229416141,0.25841072051196307,0.0,0.4845134848243713,0
K.Swamy Lyt.,0.5065621613035733,0.760241402116402,0.547978645440936,0.4828195238387246,0.0,0.5873878347551671,1
K.Swamy Lyt.,0.818408087608503,0.760241402116402,0.32437398601408696,0.2563499725798994,0.0,0.6178425443876989,1
K.Swamy Lyt.,0.6747964223061812,0.760241402116402,0.8183683562728816,0.6011599984558859,0.0,0.7180988394650433,1
K.Swamy Lyt.,0.4905921734036862,0.760241402116402,0.46990977845615634,0.42866092350820595,0.0,0.558060775543673,1
K.Swamy Lyt.,0.4005316719618624,0.760241402116402,0.20575375002169632,0.19114030452838732,0.0,0.43808030150516974,0
K.Swamy Lyt.,0.7850421939306421,0.760241402116402,0.397962639771686,0.2270645025293726,0.0,0.6164893918443884,1
K.Swamy Lyt.,0.526355559346738,0.760241402116402,0.5377175097445515,0.4954504203647081,0.0,0.5941579314098953,1
K.Swamy Lyt.,0.37105862760382796,0.760241402116402,0.6142673600351377,0.6990148737454533,0.0,0.5856486433651059,1
K.Swamy Lyt.,0.6942782034607096,0.760241402116402,0.4483513259265778,0.27374079131288154,0.0,0.6018011757284166,1
K.Swamy Lyt.,0.8530670300847947,0.760241402116402,0.4509858604539513,0.3571935820451366,0.0,0.6704220905621594,1
K.Swamy Lyt.,0.7841285575709371,0.760241402116402,0.5255273862840311,0.6312038225864258,0.0,0.7023034664295186,1
K.Swamy Lyt.,0.49704284202793003,0.760241402116402,0.4013005717071383,0.47917375466092293,0.0,0.5541735928852621,1
K.Swamy Lyt.,0.6557336467822882,0.760241402116402,0.4090544517259236,0.4880279817033495,0.0,0.6125942846094086,1
K.Swamy Lyt.,0.4870114107558975,0.760241402116402,0.49268638311020474,0.2109857297527145,0.0,0.5287115504844327,0
K.Swamy Lyt.,0.9106628001595112,0.760241402116402,0.7318981061965399,0.24809462225497791,0.0,0.7303982152683042,1
K.Swamy Lyt.,0.6316395704451544,0.760241402116402,0.556396343592935,0.27021614759652524,0.0,0.6009579611487904,1
K.Swamy Lyt.,0.5648010155611175,0.760241402116402,0.6591028415672153,0.4681447644317357,0.0,0.6277950590595152,1
K.Swamy Lyt.,0.7686024924908879,0.760241402116402,0.32247644621354554,0.510506545241218,0.0,0.638154564035623,1
K.Swamy Lyt.,0.5868312866644408,0.760241402116402,0.5538814834867017,0.7770435374671941,0.0,0.6607961982848943,1
K.Swamy Lyt.,0.6523345137508372,0.760241402116402,0.4191506045704626,0.3890046907159934,0.0,0.5985703249692051,1
K.Swamy Lyt.,0.9161991591087412,0.760241402116402,0.5750027014297397,0.37044902463895124,0.0,0.7193100203047706,1
Chikjala,0.8718454156120989,0.7399206349206348,0.3245392843372445,0.5438221563981886,0.0,0.6736032662676023,1
Chikjala,0.5709669455612365,0.7399206349206348,0.8976565476239595,0.2708395218339639,0.0,0.6419718592225097,1
Chikjala,0.5709740996685192,0.7399206349206348,0.46408860672297736,0.7192870271175223,0.0,0.6225279007723961,1
Chikjala,0.7044249407172163,0.7399206349206348,0.27832598709965684,0.520086116918784,0.0,0.602203034684965,1
Chikjala,0.7636626175894544,0.7399206349206348,0.5909860400342668,0.2390183526350833,0.0,0.6433080675346153,1
Chikjala,0.7210540376173947,0.7399206349206348,0.46971247703132835,0.3613801378245591,0.0,0.6224946197222281,1
Chikjala,0.4737271052890982,0.7399206349206348,0.38180306092911404,0.3254007626648203,0.0,0.5129514039129206,0
Chikjala,0.5025423691899414,0.7399206349206348,0.5847426449280637,0.3388032364526538,0.0,0.5656350341461808,1
Chikjala,0.663851538202222,0.7399206349206348,0.5961918080009372,0.8409425875718624,0.0,0.6997039785829349,1
Chikjala,0.7663708508001693,0.7399206349206348,0.23910240317158254,0.5248025023818585,0.0,0.616746844247845,1
Chikjala,0.7917405173192726,0.7399206349206348,0.34584355409562506,0.7494304896103561,0.0,0.6806686557986142,1
Chikjala,0.8209924026354496,0.7399206349206348,0.39979237145605745,0.29878165371493937,0.0,0.6340992537470501,1
Chikjala,0.7442020815505865,0.7399206349206348,0.4777432766936298,0.306853580018557,0.0,0.6240236113604053,1
Chikjala,0.49485641798875124,0.7399206349206348,0.3246333060162356,0.5246201825842218,0.0,0.5387956253631337,0
Chikjala,0.7938685259546886,0.7399206349206348,0.2139966608824812,0.7193253347202379,0.0,0.6505283069448633,1
Chikjala,0.5879391109959092,0.7399206349206348,0.5034728092786692,0.4634449412387073,0.0,0.5979661823662986,1
Chikjala,0.7013109454413641,0.7399206349206348,0.37848938948512,0.4354263919274085,0.0,0.6084468580668031,1
Chikjala,0.7027008815376072,0.7399206349206348,0.6412214890751312,0.4777018535105334,0.0,0.6678210748559592,1
Chikjala,0.9446933183766282,0.7399206349206348,0.43628624151194406,0.22861818347732432,0.0,0.6741688277319977,1
Chikjala,0.647524859947582,0.7399206349206348,0.4161724233162328,0.36437567810410537,0.0,0.5865007278367065,1
Chikjala,0.6557397092999381,0.7399206349206348,0.5030549153180374,0.22705275621700294,0.0,0.5861539852273266,1
Chikjala,0.5756682837761757,0.7399206349206348,0.4337115330655922,0.5954308107979976,0.0,0.5995170180306699,1
Chikjala,0.9065170851407717,0.7399206349206348,0.5563224485814781,0.4208255985082403,0.0,0.7136454997679922,1
Chikjala,0.9176059979197414,0.7399206349206348,0.607577902726253,0.4126803873959163,0.0,0.7265559284027379,1
Chikjala,0.6179356092136655,0.7399206349206348,0.45982931674059124,0.3561150332357442,0.0,0.5836367720344533,1
Chikjala,1.0,0.7399206349206348,0.7015352515300366,0.3096226543280427,0.0,0.7587266389314041,1
Chikjala,0.9148842505915711,0.7399206349206348,0.46571671307781626,0.9797850598662361,0.0,0.7822967797787389,1
Chikjala,0.685579304463048,0.7399206349206348,0.5973120837043845,0.5148527973649625,0.0,0.6586192833838785,1
Chikjala,0.5818973408933666,0.7399206349206348,0.5547393486616187,0.1911053567804923,0.0,0.5652539330382663,1
Chikjala,0.6371348151564002,0.7399206349206348,0.29594107752213084,0.7829740030296969,0.0,0.6216076917398112,1
Chikjala,0.33950081133373766,0.7399206349206348,0.4381057857854387,0.3116652838580207,0.0,0.4751724241787894,0
Chikjala,0.445276268566019,0.7399206349206348,0.5143761453931899,0.23987765177348086,0.0,0.5166797613189571,0
Chikjala,0.6575864641742903,0.7399206349206348,0.7078070290882136,0.9071390321275264,0.0,0.7297637135739637,1
Chikjala,0.9502496673263788,0.7399206349206348,0.3326278164077129,0.5268630873741155,0.0,0.7001186004280829,1
Chikjala,0.524652552555676,0.7399206349206348,0.6787759070477206,0.8633127438385686,0.0,0.6708566768560064,1
Chikjala,0.35705292331781463,0.7399206349206348,0.19980443533231174,0.5713922611132772,0.0,0.4726144398708794,0
Chikjala,0.7772754574689664,0.7399206349206348,0.5034400101876287,0.5126818381523596,0.0,0.6716128783507083,1
Chikjala,0.27169658932512813,0.7399206349206348,0.5457475855184112,0.3989267421477265,0.0,0.4860585251658265,0
Chikjala,0.5027318278181078,0.7399206349206348,0.5874500201737236,0.410091889291081,0.0,0.5769361176409349,1
Chikjala,0.8570781481659847,0.7399206349206348,0.6413887015241592,0.36224064293772307,0.0,0.7045673790797754,1
Chikjala,0.5961624395477599,0.7399206349206348,0.5193609067755274,0.5600963390097312,0.0,0.6185196765244715,1
Chikjala,0.8000091067183912,0.7399206349206348,0.4151520484286215,0.5197268935915623,0.0,0.662968821552086,1
Chikjala,0.9745769413587748,0.7399206349206348,0.4046650146631413,0.19442495232236534,0.0,0.6731748657327447,1
Chikjala,0.4442129871169469,0.7399206349206348,0.3817164954699678,0.7076401261937267,0.0,0.5599400539901744,1
Chikjala,0.8351512452410194,0.7399206349206348,0.3035368036404745,0.8809064811858056,0.0,0.707122459216513,1
Chikjala,0.8186581983023484,0.7399206349206348,0.510198927125357,0.16804919486113257,0.0,0.6357537245362537,1
Chikjala,0.5614437743284626,0.7399206349206348,0.37035147091928433,0.4023552575712661,0.0,0.5529050943106991,1
Chikjala,0.5820285361784915,0.7399206349206348,0.42529104603258283,0.5245009511654779,0.0,0.5894195300200006,1
Chikjala,0.3449263078404223,0.7399206349206348,0.29145728441605023,0.6636365004191042,0.0,0.5005373301664139,0
Chikjala,0.6444794652579974,0.7399206349206348,0.31303047209971624,0.279855767574399,0.0,0.5521284628725925,1
Kamakshipalya,0.8287515441130877,0.6975201993394667,0.3778119984731533,0.45790711636267567,0.0,0.6435675673904526,1
Kamakshipalya,0.5726051392256765,0.6975201993394667,0.40846226080881165,0.22551921849058076,0.0,0.5251881934661762,0
Kamakshipalya,0.46102626586660456,0.6975201993394667,0.5381521477732127,0.8244693228945786,0.0,0.601916080843981,1
Kamakshipalya,0.7295002977287472,0.6975201993394667,0.4932421304793446,0.6911056779838045,0.0,0.6668954418003411,1
Kamakshipalya,0.3485063466119052,0.6975201993394667,0.574013692844451,0.23192213546904406,0.0,0.48082434000525365,0
Kamakshipalya,0.7470823377246725,0.6975201993394667,0.47360273566111566,0.6693228101529934,0.0,0.6658538466606474,1
Kamakshipalya,0.5593668372085547,0.6975201993394667,0.47968287833356915,0.33746893962762675,0.0,0.5515913694356921,1
Kamakshipalya,0.8908528079440972,0.6975201993394667,0.4415289929142766,0.6391062341666726,0.0,0.7052262762901302,1
Kamakshipalya,0.7341795970402731,0.6975201993394667,0.7613533061402488,0.5136647865897882,0.0,0.6955392979824536,1
Kamakshipalya,0.4966660396192557,0.6975201993394667,0.3046243942553135,0.5370102827891405,0.0,0.5245655949380132,0
Kamakshipalya,0.5442514096913964,0.6975201993394667,0.3779687893158461,0.35797484403351804,0.0,0.5290340376620257,0
Kamakshipalya,0.5571044564260954,0.6975201993394667,0.3981364543659086,0.44212713467357834,0.0,0.5501889806251918,1
Kamakshipalya,0.985241400663211,0.6975201993394667,0.5734922786222075,0.5234300283930247,0.0,0.747303510017359,1
Kamakshipalya,0.4190375837706812,0.6975201993394667,0.25317898351179585,0.47185875650171427,0.0,0.4773338242991947,0
Kamakshipalya,1.0,0.6975201993394667,0.21560803750709706,0.5056901286449216,0.0,0.6782311865999977,1
Kamakshipalya,0.518176552302062,0.6975201993394667,0.5367986330572517,0.415525088390455,0.0,0.5603063429775803,1
Kamakshipalya,0.6002334362123041,0.6975201993394667,0.364357029232401,0.31678046844418795,0.0,0.5397262385892548,0
Kamakshipalya,0.7233362799137466,0.6975201993394667,0.6697549853321686,0.7439505155446564,0.0,0.7079673321697836,1
Kamakshipalya,0.8250930334993423,0.6975201993394667,0.2099223599137836,0.6860715703636464,0.0,0.6429338290639135,1
Kamakshipalya,0.858082316728113,0.6975201993394667,0.9010756271917022,0.43691541665454203,0.0,0.7553373085932014,1
Kamakshipalya,1.0,0.6975201993394667,0.24924124214037444,0.60349174272061,0.0,0.6996280696380064,1
Kamakshipalya,0.6212855012654179,0.6975201993394667,0.21659448673085727,0.25623204487066226,0.0,0.508459689321507,0
Kamakshipalya,0.4162196437544808,0.6975201993394667,0.3046982827419356,0.41323397080251,0.0,0.47785768728467193,0
Kamakshipalya,0.4574543149126207,0.6975201993394667,0.3935971587682561,0.5690513234308473,0.0,0.5334422002895355,0
Kamakshipalya,0.7253556530993845,0.6975201993394667,0.5781698894187665,0.57558753943871,0.0,0.6651026471861843,1
Kamakshipalya,0.6363394319856417,0.6975201993394667,0.5343849086530686,0.18634130776263236,0.0,0.5668030388918233,1
Kamakshipalya,0.41432448411412526,0.6975201993394667,0.2905469938496747,0.49866186450878336,0.0,0.48717830768803627,0
Kamakshipalya,0.4717172112746806,0.6975201993394667,0.341354557056628,0.35451634831962014,0.0,0.49580544740724675,0
Kamakshipalya,0.6247008448845218,0.6975201993394667,0.40169583189053065,0.4096361231615915,0.0,0.5696859403637674,1
Kamakshipalya,0.34402649462406654,0.6975201993394667,0.43463779288604176,0.5532329930303761,0.0,0.499577840452028,0
Kamakshipalya,0.24191046882079814,0.6975201993394667,0.561601127073006,0.321353730487385,0.0,0.45444800887682835,0
Kamakshipalya,0.859096818670154,0.6975201993394667,0.22861624228057426,0.4969750917705842,0.0,0.6302094585580963,1
Kamakshipalya,0.3953050393176215,0.6975201993394667,0.3588703942750179,0.26067206492922856,0.0,0.45848771215739537,0
Kamakshipalya,0.594470693028591,0.6975201993394667,0.37327038615870767,0.35388344768538016,0.0,0.5450573967463954,0
Kamakshipalya,0.6454049133154461,0.6975201993394667,0.33889321342858614,0.5390617294058336,0.0,0.5837856815588384,1
Kamakshipalya,0.7448878109186898,0.6975201993394667,0.3372469291279668,0.5163643957533469,0.0,0.6148708388119768,1
Kamakshipalya,0.5670780473584749,0.6975201993394667,0.5552710559715464,0.40322044013731295,0.0,0.5792706535922124,1
Kamakshipalya,0.3808290047023207,0.6975201993394667,0.2549166154523133,0.3183248813042584,0.0,0.44127826673375364,0
Kamakshipalya,0.7005380618705243,0.6975201993394667,0.28087267936355853,0.5495601050289407,0.0,0.5930529330835762,1
Kamakshipalya,0.8483699944653319,0.6975201993394667,0.708898752042464,0.41983541686000825,0.0,0.7109406208022002,1
Kamakshipalya,0.5687673861019654,0.6975201993394667,0.43500603435779517,0.2708597723915435,0.0,0.5359548176678185,0
Kamakshipalya,0.49458865091254106,0.6975201993394667,0.35863662352990017,0.6531702331774595,0.0,0.5520649473038283,1
Kamakshipalya,0.8285164194203924,0.6975201993394667,0.3009603757995378,0.34387098520715564,0.0,0.6110095295399581,1
Kamakshipalya,0.7847051317932258,0.6975201993394667,0.31131715537458143,0.6833653545110764,0.0,0.6486710901810467,1
Kamakshipalya,0.562069114998853,0.6975201993394667,0.44675411845557367,0.402698570493048,0.0,0.5557358593165105,1
Kamakshipalya,0.5504692378567395,0.6975201993394667,0.30242240581073576,0.3384814930262565,0.0,0.5131769981677845,0
Kamakshipalya,0.6079060877163904,0.6975201993394667,0.49904677858872004,0.8240501347283304,0.0,0.6454400664295702,1
Kamakshipalya,0.4620265014196542,0.6975201993394667,0.6462858707286904,0.23555549059407088,0.0,0.5355558330335677,0
Kamakshipalya,0.37732174929929807,0.6975201993394667,0.6948687506621124,0.7815326386462305,0.0,0.5975223179859513,1
Kamakshipalya,0.6049691122568557,0.6975201993394667,0.456464574833913,0.5792993027329919,0.0,0.5991830594684708,1
Airport,0.3123323069985409,0.6846603859103858,0.5030941920326524,0.18289001458763554,0.0,0.44276676381728086,0
Airport,0.6887290234342214,0.6846603859103858,0.3113012677900071,0.33880551091584143,0.0,0.5595343541704708,1
Airport,0.7741176878167899,0.6846603859103858,0.27304074194886474,0.2642706460114713,0.0,0.5705880518004859,1
Airport,0.4569782052904441,0.6846603859103858,0.48873576312638844,0.5181840330826901,0.0,0.5408152452124523,0
Airport,0.6600745660946282,0.6846603859103858,0.7361925131798288,0.501550196526598,0.0,0.6588952460211911,1
Airport,0.5426194839187612,0.6846603859103858,0.4113538911690434,0.2693505932036929,0.0,0.5179883023590448,0
Airport,0.4066440032644699,0.6846603859103858,0.4112934109584373,0.5237470855155635,0.0,0.5085442619347021,0
Airport,0.5913571031565025,0.6846603859103858,0.5299949312625274,0.4587982372107845,0.0,0.5871918237120147,1
Airport,0.9837017912345722,0.6846603859103858,0.5706531039338133,0.668193138122539,0.0,0.7640533342103596,1
Airport,0.46665642236142446,0.6846603859103858,0.4171468555765678,0.6232642786908047,0.0,0.5456468765185486,0
Airport,0.5534102654889846,0.6846603859103858,0.2583442428524287,0.3118023638798806,0.0,0.4975309118467282,0
Airport,0.769536076983347,0.6846603859103858,0.27401153648574816,0.46346899990138274,0.0,0.5990583999996443,1
Airport,0.1330083951342017,0.6846603859103858,0.6896588620126676,0.5355438939092743,0.0,0.470214410559011,0
Airport,0.3122263581609187,0.6846603859103858,0.7572470526218402,0.24972485727257815,0.0,0.503585480244692,0
Airport,0.5854505923261935,0.6846603859103858,0.4236762709167836,0.5291461171478655,0.0,0.57441299484282,1
Airport,0.4286658612968825,0.6846603859103858,0.739079365188368,0.24118204217684103,0.0,0.5394243465912244,0
Airport,1.0,0.6846603859103858,0.6648674445277771,0.39301492355131373,0.0,0.7473238432113682,1
Airport,0.606551269203942,0.6846603859103858,0.4009284581633621,0.3648019326957952,0.0,0.5525970415315371,1
Airport,0.6421466635141034,0.6846603859103858,0.39010186793535684,0.6590774818336904,0.0,0.6070314438651768,1
Airport,0.3173263646368147,0.6846603859103858,0.42392271123702296,0.3824277766844172,0.0,0.45861105214606807,0
Airport,0.605919562874197,0.6846603859103858,0.5531383129759533,0.48700475063237136,0.0,0.601148337969131,1
Airport,0.6739133483342046,0.6846603859103858,0.5034885076301006,0.8555476344686448,0.0,0.6702976343864041,1
Airport,0.7034309684127745,0.6846603859103858,0.33792820553353753,0.22805658672083412,0.0,0.5533930838324195,1
Airport,0.6867707747490088,0.6846603859103858,0.38375515546429784,0.4375819063187161,0.0,0.5881562039759358,1
Airport,0.4180717962875174,0.6846603859103858,0.45532113575303446,0.4230614468533504,0.0,0.5062466886523562,0
Airport,0.5866526822368711,0.6846603859103858,0.4984188639029523,0.24364689658443212,0.0,0.5469573618242759,0
Airport,1.0,0.6846603859103858,0.40467774468547923,0.6934182323721703,0.0,0.7403463995660371,1
Airport,0.43765031368257634,0.6846603859103858,0.5702466169025856,0.43338019503210207,0.0,0.5376320781973498,0
Airport,0.39763634990497077,0.6846603859103858,0.6470099604792482,0.42423732900075534,0.0,0.5376084296858185,0
Airport,0.6228164000475707,0.6846603859103858,0.6176664330195965,0.4627957648451607,0.0,0.6163365071204588,1
Airport,0.27001573256898537,0.6846603859103858,0.2890800610521695,0.3963910518686812,0.0,0.41717829216299673,0
Airport,0.5738614372613009,0.6846603859103858,0.3321943093037565,0.46059128325617954,0.0,0.5417771731637493,0
Airport,0.8148452723256686,0.6846603859103858,0.2567273982533919,0.18808065726461543,0.0,0.5701515393274704,1
Airport,0.5659261181822307,0.6846603859103858,0.7433767416705205,0.41742663454409934,0.0,0.6147616006526155,1
Airport,0.7461862826685872,0.6846603859103858,0.3875588698985274,0.570864698701377,0.0,0.6297047934920333,1
Airport,0.6702780001109613,0.6846603859103858,0.2978635332029076,0.5077438380168713,0.0,0.5757296981550644,1
Airport,0.5900501011480077,0.6846603859103858,0.5206670854834548,0.44907842126317743,0.0,0.583410831461086,1
Airport,0.5983068382886526,0.6846603859103858,0.88458728881606,0.33024558183581865,0.0,0.641259804212729,1
Airport,0.6466656122607852,0.6846603859103858,0.6796216256031871,0.6618899608394706,0.0,0.6669388993109486,1
Airport,0.5242022067824594,0.6846603859103858,0.28907046762464406,0.65185753085424,0.0,0.5444616113000413,0
Airport,0.5049496416307888,0.6846603859103858,0.37152985021692647,0.4053312931555578,0.0,0.5172361543606108,0
Airport,0.5908835650313747,0.6846603859103858,0.9565113827580293,0.2117882583710083,0.0,0.635277878841354,1
Airport,1.0,0.6846603859103858,0.6295985393828475,0.738211861125095,0.0,0.7920496028184494,1
Airport,0.6606301485769044,0.6846603859103858,0.45200225488003387,0.36204144241129377,0.0,0.5813253351127331,1
Airport,0.5759890583589091,0.6846603859103858,0.5486139835339129,0.42166685037874707,0.0,0.5799671104623286,1
Airport,0.6605988513395256,0.6846603859103858,0.5020460456240802,0.4551248680606983,0.0,0.6052856530758703,1
Airport,0.4601586714076921,0.6846603859103858,0.41898923007323097,0.6474806840521763,0.0,0.5473735993882806,0
Airport,0.9430064740788736,0.6846603859103858,0.30956665693637875,0.2397642960486016,0.0,0.6333283574952874,1
Airport,0.40723612647376267,0.6846603859103858,0.6526272984006272,0.25790431129229485,0.0,0.5171418664129023,0
Airport,0.6428835949876084,0.6846603859103858,0.4417696847927163,0.39413381169703754,0.0,0.5778813827318775,1
Devanahalli,0.21230199720288906,0.6449206349206349,0.32681024603823594,0.5995352340241256,0.0,0.42307422380846765,0
Devanahalli,0.5582276609204185,0.6449206349206349,0.4297509149134358,0.6447792355337931,0.0,0.5715229401110931,1
Devanahalli,0.5418374829691776,0.6449206349206349,0.2007746239364521,0.44652932938944384,0.0,0.49025363371110964,0
Devanahalli,1.0,0.6449206349206349,0.5251412300363217,0.4992486316292218,0.0,0.7233917312278381,1
Devanahalli,1.0,0.6449206349206349,0.33919918491635836,0.33719913838841986,0.0,0.6618958982177251,1
Devanahalli,0.5514343535232217,0.6449206349206349,0.572483415481942,0.4285446437715875,0.0,0.5652565938714446,1
Devanahalli,0.729516013170267,0.6449206349206349,0.44206289698311213,0.2970287789368412,0.0,0.5817736913229324,1
Devanahalli,0.6423232409037714,0.6449206349206349,0.22793914432099557,0.5921816951673098,0.0,0.552704407931806,1
Devanahalli,0.6871500748596957,0.6449206349206349,0.41196463889802076,0.48006952928967644,0.0,0.5883820738501396,1
Devanahalli,0.6060013845921516,0.6449206349206349,0.1865100156055672,0.293485389276517,0.0,0.4869014865960345,0
Devanahalli,0.7574915974301982,0.6449206349206349,0.4990198874222233,0.15983982354881598,0.0,0.5823782005935269,1
Devanahalli,0.9230547326091119,0.6449206349206349,0.7008848711842077,0.6754892025980566,0.0,0.7580457015159296,1
Devanahalli,0.48123835210636323,0.6449206349206349,0.5719537575583988,0.9992395489264916,0.0,0.6261862975640711,1
Devanahalli,0.5143903521555788,0.6449206349206349,0.45704151071011667,0.1957516681354003,0.0,0.4942838660929764,0
Devanahalli,0.3506290780456907,0.6449206349206349,0.5315148400191934,0.5199624903566336,0.0,0.5004937093495159,0
Devanahalli,0.4314432142762319,0.6449206349206349,0.41492897156519243,0.3433326968157844,0.0,0.47896701430827776,0
Devanahalli,0.48434510662447416,0.6449206349206349,0.235494078722284,0.2522086559289327,0.0,0.4479270919285531,0
Devanahalli,0.38077114176215593,0.6449206349206349,0.6843931052570753,0.8251604713518363,0.0,0.5873987818471356,1
Devanahalli,0.9191945876175283,0.6449206349206349,0.2946160956383088,0.23820169485997889,0.0,0.6098477694989838,1
Devanahalli,0.8251788784139735,0.6449206349206349,0.2994254085125976,0.233656914720697,0.0,0.5772224168317053,1
Devanahalli,0.6528346542862645,0.6449206349206349,0.4418953841929568,0.8607031734225533,0.0,0.6394528723283573,1
Devanahalli,0.7876530361184705,0.6449206349206349,0.31358401317518225,0.29637321162382624,0.0,0.5763275374962655,1
Devanahalli,0.3085850825487647,0.6449206349206349,0.24447126607279232,0.3183280835518224,0.0,0.3981244351155899,0
Devanahalli,0.8782650653884476,0.6449206349206349,0.578283833285145,0.6217729899338844,0.0,0.7097916785092586,1
Devanahalli,0.2745227633549408,0.6449206349206349,0.48479860470143016,0.30491042391044654,0.0,0.43225544217727274,0
Devanahalli,0.619636295473431,0.6449206349206349,0.33980153509992017,0.3952423140323613,0.0,0.5375955480167296,0
Devanahalli,0.7780862672050075,0.6449206349206349,0.23249892248895065,0.14929219529394394,0.0,0.5346999977898248,0
Devanahalli,0.6850187334757909,0.6449206349206349,0.46028500958284974,0.5709223301642161,0.0,0.6109280986339196,1
Devanahalli,0.5319513396336646,0.6449206349206349,0.5903443867784193,0.25348711401785223,0.0,0.5357511038063347,0
Devanahalli,0.33214911696280297,0.6449206349206349,0.41087240506966005,0.737769050297765,0.0,0.5025682199717683,0
Devanahalli,0.835037633076798,0.6449206349206349,0.3127260081519713,0.36412821215656144,0.0,0.6029037955069483,1
Devanahalli,0.34826776288484795,0.6449206349206349,0.4707605240337431,0.3932838011000287,0.0,0.46851458245764016,0
Devanahalli,0.5840738495083136,0.6449206349206349,0.662992268291597,0.7465585034549834,0.0,0.6424842669806672,1
Devanahalli,0.5718074345196904,0.6449206349206349,0.17971005715546773,0.37010850520647576,0.0,0.485067079770147,0
Devanahalli,0.8442566522318982,0.6449206349206349,0.2740694284443461,0.4471643493673105,0.0,0.6108545568513206,1
Devanahalli,0.6731389371374525,0.6449206349206349,0.4967669780142465,0.781100783445012,0.0,0.6455933315939,1
Devanahalli,0.6245614901052019,0.6449206349206349,0.39172086985299326,0.5874762166624354,0.0,0.5785383184829751,1
Devanahalli,1.0,0.6449206349206349,0.7035084818993904,0.907860136170569,0.0,0.8203569072816539,1
Devanahalli,0.5423333809307954,0.6449206349206349,0.6136820177358568,0.3151843219723587,0.0,0.5533069256449941,1
Devanahalli,0.4006563802438573,0.6449206349206349,0.24239639049312406,0.18946876422369802,0.0,0.41060551629372005,0
Devanahalli,0.5013928557920506,0.6449206349206349,0.7534647366027447,0.49558047260771176,0.0,0.5939937082151139,1
Devanahalli,0.9041307932469083,0.6449206349206349,0.30533160718753416,0.330784677853627,0.0,0.6206059912281592,1
Devanahalli,0.7639975976419854,0.6449206349206349,0.6325599015708793,0.35453280039158164,0.0,0.6405672500237984,1
Devanahalli,0.46798367739594926,0.6449206349206349,0.48114969860759516,0.6388084190305402,0.0,0.5493216801408728,0
Devanahalli,0.6694668200555421,0.6449206349206349,0.6214314215629184,0.508373455094856,0.0,0.6283318800724422,1
Devanahalli,0.4587186861849185,0.6449206349206349,0.45429166038851726,0.4942356874411068,0.0,0.5190214158347815,0
Devanahalli,0.5221804624764691,0.6449206349206349,0.5833665891842987,0.2830367459237523,0.0,0.5353681820683772,0
Devanahalli,0.32099966872854313,0.6449206349206349,0.5172429873904464,0.31898313015748403,0.0,0.45712214153289243,0
Devanahalli,0.5970555033934392,0.6449206349206349,0.7815308331447985,0.31262970982330374,0.0,0.6056462397663495,1
Devanahalli,0.7293634160066332,0.6449206349206349,0.5409561398765659,0.21471253779486463,0.0,0.589151494723055,1
Electronic City,0.5946559226426583,0.6141650516795865,0.448526401264259,0.4352960985681018,0.0,0.5473787834668734,0
Electronic City,0.6009217925072459,0.6141650516795865,0.4124255917660949,0.20727988357792582,0.0,0.5081492437713198,0
Electronic City,0.6587106757962236,0.6141650516795865,0.4089269461589568,0.8657763027380934,0.0,0.6264500866750595,1
Electronic City,0.9373095648488721,0.6141650516795865,0.3817429467484488,0.2870293847330196,0.0,0.6317108602606238,1
Electronic City,0.7429376118069174,0.6141650516795865,0.2539233422322527,0.6271303801167869,0.0,0.5891319051002657,1
Electronic City,0.4370141437723013,0.6141650516795865,0.6839100158731297,0.5319862521932895,0.0,0.5537844068278008,1
Electronic City,0.761400960637634,0.6141650516795865,0.7619455024662345,0.6770758026973471,0.0,0.7046903226248968,1
Electronic City,0.941850833074983,0.6141650516795865,0.44934541150532203,0.44323777206388,0.0,0.6702520551907664,1
Electronic City,0.7264384388897136,0.6141650516795865,0.441865267258842,0.2574679624928162,0.0,0.5654962169409664,1
Electronic City,0.6433788717833488,0.6141650516795865,0.47618009401653355,0.7738449419852208,0.0,0.6207448807291378,1
Electronic City,0.8244409957813141,0.6141650516795865,0.5487186298339028,0.264488163926169,0.0,0.6222208145830418,1
Electronic City,0.4496305009846694,0.6141650516795865,0.23032553701300462,0.5565039812130524,0.0,0.47116089543306905,0
Electronic City,0.5607771580042505,0.6141650516795865,0.3549110634694933,0.1932397076937335,0.0,0.4804896896533223,0
Electronic City,0.34904206392827924,0.6141650516795865,0.5823612102076203,0.27129478341158275,0.0,0.4635806974320351,0
Electronic City,1.0,0.6141650516795865,0.2482854671741096,0.4534980930967172,0.0,0.6519313229032054,1
Electronic City,0.8417153806224584,0.6141650516795865,0.3450019529994217,0.7053911398817234,0.0,0.6536589603038793,1
Electronic City,0.514626423833308,0.6141650516795865,0.5542555443874043,0.6605858078209313,0.0,0.5743077438961542,1
Electronic City,0.5652453686466317,0.6141650516795865,0.2633949189497763,0.9682662428405466,0.0,0.5800043147462343,1
Electronic City,0.9016506994699272,0.6141650516795865,0.6595848389175032,0.2619277389002938,0.0,0.6710333889368951,1
Electronic City,0.3883789993600732,0.6141650516795865,0.3138847330355581,0.45266259723611435,0.0,0.45085850147243034,0
Electronic City,0.6809983154028145,0.6141650516795865,0.5386951697691031,0.31279262829635224,0.0,0.5772568540931345,1
Electronic City,0.5114933902381835,0.6141650516795865,0.427855819085263,0.36824597075596205,0.0,0.5040802615176871,0
Electronic City,0.3732041603936121,0.6141650516795865,0.6205840655627661,0.7886874093340548,0.0,0.5572908961543016,1
Electronic City,0.5390761228887037,0.6141650516795865,0.9605003570170358,0.5246542316575507,0.0,0.643724364666962,1
Electronic City,0.7905617045316341,0.6141650516795865,0.4239584243140723,0.27017361869089,0.0,0.5862638397563958,1
Electronic City,0.3832984180058446,0.6141650516795865,0.31343119308648343,0.990329166286607,0.0,0.5296395753662093,0
Electronic City,0.8822671293106115,0.6141650516795865,0.26906912260228116,0.45469273346474703,0.0,0.6150607453027582,1
Electronic City,0.9143827838933434,0.6141650516795865,0.38206920488946605,0.6033889563229556,0.0,0.6712056742928828,1
Electronic City,0.24330375569836782,0.6141650516795865,0.27307614608908054,0.7334133971247804,0.0,0.4340330687848378,0
Electronic City,0.4938451122789136,0.6141650516795865,0.32176237215631776,0.6184959807551222,0.0,0.5142221763460275,0
Electronic City,0.6208403834489186,0.6141650516795865,0.31280811833146455,0.2418541769233617,0.0,0.5003833999157946,0
Electronic City,1.0,0.6141650516795865,0.4209142686169948,0.18557149175614773,0.0,0.646268092990697,1
Electronic City,0.9118549628285899,0.6141650516795865,0.3948976723742109,0.48413912255982333,0.0,0.6549991553526981,1
Electronic City,0.4085647603117878,0.6141650516795865,0.7859790645768434,0.7784278292103647,0.0,0.6012071689099251,1
Electronic City,0.5431204241461054,0.6141650516795865,0.19921936674290197,0.8270253597972065,0.0,0.5382393412731742,0
Electronic City,0.8040787967928277,0.6141650516795865,0.277271444454276,0.7733593319493984,0.0,0.6371352830646306,1
Electronic City,0.6287568743601146,0.6141650516795865,0.6308360706417084,0.5868219743416105,0.0,0.6185049318094994,1
Electronic City,0.822859324743759,0.6141650516795865,0.5011203362632077,0.43673525819140524,0.0,0.6379846351455439,1
Electronic City,0.5377697972780444,0.6141650516795865,0.40429821072483874,0.46623809943960615,0.0,0.5232643016121001,0
Electronic City,0.46373807287208496,0.6141650516795865,0.5288703252082074,0.38963002209600656,0.0,0.5107764093651481,0
Electronic City,0.662237120680677,0.6141650516795865,0.7965806474698396,0.3020204156763367,0.0,0.6206516995875313,1
Electronic City,0.7810025637278064,0.6141650516795865,0.38324944374002656,0.5080591630228037,0.0,0.6104591760100342,1
Electronic City,0.8150195972269194,0.6141650516795865,0.3331556751561864,0.5004940259119401,0.0,0.611211613451326,1
Electronic City,0.6541086718426103,0.6141650516795865,0.6448831850598535,0.43123897840069286,0.0,0.6068500344208642,1
Electronic City,0.5082067740284437,0.6141650516795865,0.24601126572459234,0.3515217306424496,0.0,0.46405239915511715,0
Electronic City,0.39354339857490633,0.6141650516795865,0.2487075427480987,0.47582873750530463,0.0,0.4431055241805086,0
Electronic City,0.5987927004093354,0.6141650516795865,0.2838808215890451,0.5188090396479197,0.0,0.5284244809121402,0
Electronic City,0.6186913159348681,0.6141650516795865,0.4442059910167118,0.38917715978070394,0.0,0.5480092482515277,0
Electronic City,0.42388698933742613,0.6141650516795865,0.5499945232161784,0.5019047674723793,0.0,0.5178945815360677,0
Electronic City,0.6723090765718969,0.6141650516795865,0.30559715946417043,0.6742121910922776,0.0,0.5818089528607155,1
Peenya,0.6823810000857359,0.5712248148148148,0.4631017321329164,0.4660649372644794,0.0,0.5727308814907072,1
Peenya,0.705451232537634,0.5712248148148148,0.5650495913841795,0.37624547452975843,0.0,0.587722115288916,1
Peenya,0.7986088746611082,0.5712248148148148,0.507089518781357,0.17726779576505447,0.0,0.5788886236968619,1
Peenya,0.6754553604954171,0.5712248148148148,0.3160251105787246,0.680182137056793,0.0,0.5730091632921043,1
Peenya,0.5427362558186399,0.5712248148148148,0.27034260328716997,0.19844314984260386,0.0,0.445160127114793,0
Peenya,0.5698909301527696,0.5712248148148148,0.63097867371077,0.3366696390989202,0.0,0.5475254506049058,0
Peenya,0.6933954621742222,0.5712248148148148,0.5142762831176685,0.5528653992940434,0.0,0.5998409227230623,1
Peenya,0.6909903456573416,0.5712248148148148,0.18331550138561392,0.8786155850768722,0.0,0.5816695034631676,1
Peenya,0.6529659345628632,0.5712248148148148,0.3255215172266903,0.35686395233957957,0.0,0.5185394178377215,0
Peenya,0.8788278896283235,0.5712248148148148,0.2880893783988689,0.4962955735502703,0.0,0.611019417526672,1
Peenya,0.8075099138801005,0.5712248148148148,0.27372488727273253,0.6802031500565785,0.0,0.6107713642655128,1
Peenya,0.6405013906200715,0.5712248148148148,0.7613069256985638,0.4391630540225079,0.0,0.6136787744045584,1
Peenya,0.44926949831369123,0.5712248148148148,0.46375514393524253,0.6282142202344446,0.0,0.5155949306764516,0
Peenya,0.6000439105793953,0.5712248148148148,0.2914293124242827,0.685935553207169,0.0,0.5425590086131646,0
Peenya,0.7800479941683056,0.5712248148148148,0.18198692208848988,0.4117322458501981,0.0,0.542541463698579,0
Peenya,0.7886891313387877,0.5712248148148148,0.24885135920131224,0.4479729113864902,0.0,0.5643748489612561,1
Peenya,0.5021122676071346,0.5712248148148148,0.5073816102949718,0.28315548642778665,0.0,0.49105638313010386,0
Peenya,0.7827293576335181,0.5712248148148148,0.6008509677324574,0.3609497568096268,0.0,0.6196353766841113,1
Peenya,0.8027929982933903,0.5712248148148148,0.6181628511126331,0.5958077349311381,0.0,0.6653487243093283,1
Peenya,0.7472405157484523,0.5712248148148148,0.4844872554147326,0.31657481297929535,0.0,0.5772852979862436,1
Peenya,0.267648043866842,0.5712248148148148,0.37051069108473433,0.7523827465817134,0.0,0.45200381000204304,0
Peenya,0.7445917596569889,0.5712248148148148,0.8383364739035984,0.4105045396799972,0.0,0.6612175360571099,1
Peenya,0.6187409224258004,0.5712248148148148,0.5629355167610838,0.12109572473787387,0.0,0.5186782293563724,0
Peenya,0.4235259551965269,0.5712248148148148,0.7371399046262227,0.4130359762482678,0.0,0.5289849061257135,0
Peenya,0.5560817674670956,0.5712248148148148,0.4783836248332559,0.2117653428969143,0.0,0.4934375894591162,0
Peenya,0.7195893141709705,0.5712248148148148,0.3883506496493293,0.5705053814152008,0.0,0.5864696415464301,1
Peenya,0.6837534770941635,0.5712248148148148,0.5859943516393881,0.3258680038271943,0.0,0.5767602323293584,1
Peenya,0.7121327448193974,0.5712248148148148,0.5265120880604555,0.2821340825613464,0.0,0.5682364351275266,1
Peenya,0.7963850415616203,0.5712248148148148,0.19848368419326123,0.3227325333363963,0.0,0.5382088258301232,0
Peenya,0.32882691796222596,0.5712248148148148,0.6580948706530912,0.3614618109493541,0.0,0.4722951115042449,0
Peenya,0.7770460230039158,0.5712248148148148,0.42586701862268506,0.33586131371709893,0.0,0.5788861532779168,1
Peenya,0.6756004321774478,0.5712248148148148,0.41287068840836016,0.635179126511518,0.0,0.5856786023649508,1
Peenya,0.701767529928968,0.5712248148148148,0.3331820438925066,0.7173102341418855,0.0,0.5912190238193674,1
Peenya,0.8061322991371682,0.5712248148148148,0.29496525582956334,0.3520511712609955,0.0,0.5653144759975153,1
Peenya,0.7368717337706292,0.5712248148148148,0.5988202439408309,0.37868984345685874,0.0,0.6058400765708596,1
Peenya,0.37034592766987107,0.5712248148148148,0.18265258192390407,0.15125624379154334,0.0,0.3602074720824116,0
Peenya,0.5524748756587772,0.5712248148148148,0.74019439677261,0.13747355294498798,0.0,0.5333935632212866,0
Peenya,0.5172424076735165,0.5712248148148148,0.4193236510391576,0.5680549679376549,0.0,0.521475262528655,0
Peenya,0.5643444172291343,0.5712248148148148,0.2596617970890877,0.5342853057573338,0.0,0.500963145756059,0
Peenya,0.5653907430826843,0.5712248148148148,0.3818254078072385,0.18041954638380603,0.0,0.4726822180424026,0
Peenya,0.687639872083779,0.5712248148148148,0.4398099276327483,0.2970048353104311,0.0,0.5445541104968814,0
Peenya,0.6874141504908005,0.5712248148148148,0.34605044762902726,0.6669465435350422,0.0,0.5812144681722864,1
Peenya,0.8893283271381565,0.5712248148148148,0.6599672437588622,0.518588667756183,0.0,0.6924141078579991,1
Peenya,0.6918762490789275,0.5712248148148148,0.24814685300579342,0.2720213286073331,0.0,0.5039567015143277,0
Peenya,0.6798693014221749,0.5712248148148148,0.27208046304036165,0.3774640293423064,0.0,0.520357396951624,0
Peenya,0.7931368661184824,0.5712248148148148,0.20881203846400365,0.6090361871137608,0.0,0.582083183345778,1
Peenya,0.6274578635112069,0.5712248148148148,0.20092900168398897,0.4860381443044135,0.0,0.5040692186558267,0
Peenya,0.7376786036640367,0.5712248148148148,0.5340070546335132,0.6510457642003064,0.0,0.634013231283606,1
Peenya,0.9768692836984065,0.5712248148148148,0.39082732404707826,0.3352899245925296,0.0,0.6417306472371818,1
Peenya,0.5981249112479177,0.5712248148148148,0.5599237016908921,0.848516887511493,0.0,0.6199734368461179,1
B.Pura,0.8523568302601972,0.5579118839914294,0.7294294055333017,0.6810150254776185,0.0,0.7137365907168008,1
B.Pura,0.7426333630358727,0.5579118839914294,0.47511045950248804,0.33612923369184494,0.0,0.5727367192142586,1
B.Pura,0.7561768767527494,0.5579118839914294,0.5451494708654543,0.6007247871156619,0.0,0.6311740843013313,1
B.Pura,0.5895636424737346,0.5579118839914294,0.8061690859428474,0.4004619973325596,0.0,0.5950239568516893,1
B.Pura,0.5781547521787915,0.5579118839914294,0.4004574766132901,0.6951763017060041,0.0,0.5540956690385644,1
B.Pura,0.5848029259502199,0.5579118839914294,0.44902643170701767,0.3545736124233505,0.0,0.5150459174849119,0
B.Pura,0.6472653576238986,0.5579118839914294,0.46956243405193543,0.4988094724342088,0.0,0.5626503480413118,1
B.Pura,0.6037398053335105,0.5579118839914294,0.43362721852690905,0.2627474626853599,0.0,0.5048200601723433,0
B.Pura,0.6256975455202326,0.5579118839914294,0.42334259187283707,0.296470914678085,0.0,0.5155068617057904,0
B.Pura,0.47741157589629096,0.5579118839914294,0.367797639159833,0.3267292259380326,0.0,0.45703652848380216,0
B.Pura,0.6780069353778941,0.5579118839914294,0.6913178901313293,0.14158310556562956,0.0,0.5641770364408021,1
B.Pura,0.4751949701266148,0.5579118839914294,0.5097138066117648,0.35485985813223814,0.0,0.4888635447839327,0
B.Pura,0.5592777235069789,0.5579118839914294,0.38832925535280016,0.5209137621948783,0.0,0.5189236838246631,0
B.Pura,0.4603381064441442,0.5579118839914294,0.26049989964436004,0.39619137946939675,0.0,0.4400205893021608,0
B.Pura,0.7650813887304598,0.5579118839914294,0.36871036672101465,0.5700835425162022,0.0,0.594406655974723,1
B.Pura,1.0,0.5579118839914294,0.38531283763248475,0.7285576234519845,0.0,0.7037197762417234,1
B.Pura,0.46469023737853876,0.5579118839914294,0.1602688128603177,0.223549870343713,0.0,0.3956013914035379,0
B.Pura,0.5502951191939532,0.5579118839914294,0.27008086923639585,0.35692099030402374,0.0,0.4675311793081952,0
B.Pura,0.6725260362090597,0.5579118839914294,0.17797221662585963,0.39676802418273416,0.0,0.49786732482318174,0
B.Pura,0.6813657285607246,0.5579118839914294,0.5958744674383568,0.380374958437558,0.0,0.5820827074469875,1
B.Pura,0.43790275712625387,0.5579118839914294,0.7233324929188987,0.14468936469373583,0.0,0.4870094334794578,0
B.Pura,0.38224220147119015,0.5579118839914294,0.2561060700676596,0.3844253598269468,0.0,0.41004335369991934,0
B.Pura,0.3351746140759063,0.5579118839914294,0.48653601929205786,0.510877182974099,0.0,0.4586234614285225,0
B.Pura,0.6552607178742681,0.5579118839914294,0.6547152695702776,0.38001425229119534,0.0,0.5846600082111575,1
B.Pura,0.5062267725184514,0.5579118839914294,0.40388952600006095,0.2854606975552826,0.0,0.46814994541219135,0
B.Pura,0.7736455458781162,0.5579118839914294,0.6140274145784894,0.35912839001384866,0.0,0.6148242476725447,1
B.Pura,0.398520115927773,0.5579118839914294,0.2803074739698177,0.5784340149986574,0.0,0.4496822028159115,0
B.Pura,0.5436991914923185,0.5579118839914294,0.384940228777118,0.9867524599649902,0.0,0.5826691969699125,1
B.Pura,1.0,0.5579118839914294,0.47443359056984985,0.21816259556637102,0.0,0.6449846726463545,1
B.Pura,0.3942116754991888,0.5579118839914294,0.3711248038624114,0.37363738251849965,0.0,0.4356182197724021,0
B.Pura,0.404400579127129,0.5579118839914294,0.43577590384522813,0.48739639341412033,0.0,0.4691784076730876,0
B.Pura,0.37089255359630635,0.5579118839914294,0.433086189850054,0.33876115455037237,0.0,0.4346173701087027,0
B.Pura,0.8235012685350886,0.5579118839914294,0.3730395478398317,0.5406979219018286,0.0,0.6113116070379505,1
B.Pura,0.17990568696881176,0.5579118839914294,0.20145226423662546,0.40538210692830223,0.0,0.33143832452308336,0
B.Pura,0.559469605414235,0.5579118839914294,0.280708840801996,0.19773845375801075,0.0,0.4489904633165119,0
B.Pura,0.5154255063198722,0.5579118839914294,0.2423954284773029,0.2880593888749805,0.0,0.43946048643609176,0
B.Pura,0.5441578708418155,0.5579118839914294,0.25459911871399465,0.7641155901527532,0.0,0.5233659822577762,0
B.Pura,0.410932574303823,0.5579118839914294,0.41532159190109263,0.4074958130892675,0.0,0.4553886565473756,0
B.Pura,0.8675418939036665,0.5579118839914294,0.5108347011341349,0.4722908580271663,0.0,0.644023796994614,1
B.Pura,0.5910787403307186,0.5579118839914294,0.25862501700803314,0.2797898450733405,0.0,0.467944604475788,0
B.Pura,0.46428412123405854,0.5579118839914294,0.6543825059027146,0.6983677200622438,0.0,0.5655046668192288,1
B.Pura,0.45631335471265067,0.5579118839914294,0.30475069614720096,0.19030680917180226,0.0,0.4165793999520671,0
B.Pura,0.48075944149229677,0.5579118839914294,0.4737916950313859,0.585476328403074,0.0,0.518219157986471,0
B.Pura,0.35486464601267265,0.5579118839914294,0.3784889486351007,0.580316524742705,0.0,0.45432145974029015,0
B.Pura,0.546174357027094,0.5579118839914294,0.35590212543748717,0.550209745956593,0.0,0.5122464771378981,0
B.Pura,0.7621996601968557,0.5579118839914294,0.3336506683877933,0.47225349713505027,0.0,0.5717116045141445,1
B.Pura,0.6661484417279884,0.5579118839914294,0.31536412827869076,0.3183859635964674,0.0,0.511356239997433,0
B.Pura,0.6019939085547669,0.5579118839914294,0.5952548671131456,0.34083574202283723,0.0,0.5482477679176518,0
B.Pura,0.5706530996576904,0.5579118839914294,0.48032264588424867,0.5026057776140658,0.0,0.5385575458965801,0
B.Pura,0.5978927205301284,0.5579118839914294,0.29875565330006926,0.5463030828282097,0.0,0.518332610467219,0
Kengeri,0.5661000909411327,0.546329612322603,0.3143027240682097,0.4706802160969316,0.0,0.49549649275435903,0
Kengeri,0.6634797791153955,0.546329612322603,0.47168467257545943,0.5488070717688736,0.0,0.5727748016675922,1
Kengeri,0.6285059771762365,0.546329612322603,0.47078458294985615,0.14655936864760766,0.0,0.500016797595576,0
Kengeri,0.8507128949690796,0.546329612322603,0.48818010898506337,0.2716363826524154,0.0,0.6000298761308337,1
Kengeri,0.6098625359132861,0.546329612322603,0.34703245763313506,0.16068170305080032,0.0,0.4708595182506781,0
Kengeri,0.606938187859277,0.546329612322603,0.26274514554698825,0.46144887568072485,0.0,0.4980936099090342,0
Kengeri,0.6975376431835979,0.546329612322603,0.29721199479546884,0.41022882893147583,0.0,0.5290137821098553,0
Kengeri,0.6012184072279662,0.546329612322603,0.5592220963689599,0.22551790502138858,0.0,0.5199974312535693,0
Kengeri,0.46870073516432864,0.546329612322603,0.2578051714783214,0.4920613091886183,0.0,0.45331437167825295,0
Kengeri,0.5410724950370087,0.546329612322603,0.2994026407010872,0.628819998031273,0.0,0.5074777848046423,0
Kengeri,0.8447653285725034,0.546329612322603,0.4024954863700241,0.6243412161677402,0.0,0.6337170283963229,1
Kengeri,0.9548454545877644,0.546329612322603,0.4191231845498611,0.5769661846881164,0.0,0.668464357415688,1
Kengeri,0.6608639446748906,0.546329612322603,0.5515970540331855,0.3323967639591222,0.0,0.555380189733498,1
Kengeri,0.6505954058586831,0.546329612322603,0.2527755893837591,0.5842870568966292,0.0,0.5298054521585662,0
Kengeri,0.4369602079361302,0.546329612322603,0.3304077191184499,0.5849834088958392,0.0,0.47066401163249233,0
Kengeri,0.6101070341499164,0.546329612322603,0.2210841309219413,0.587365429055523,0.0,0.5097579861919683,0
Kengeri,0.7764253820763665,0.546329612322603,0.6496666412782025,0.48282582862056517,0.0,0.6380049699722343,1
Kengeri,0.653140742022732,0.546329612322603,0.25864871306547305,0.6408973810686889,0.0,0.540362493178135,0
Kengeri,0.7978313691154545,0.546329612322603,0.3274631904773623,0.39424883330394267,0.0,0.5677698259782539,1
Kengeri,0.8135620519848908,0.546329612322603,0.5149576191030573,0.684402016881693,0.0,0.6542974282443581,1
Kengeri,0.6712319346212698,0.546329612322603,0.535456343868144,0.7429782569535939,0.0,0.6173680681308933,1
Kengeri,0.8171268131819458,0.546329612322603,0.46824172017006727,0.6467820617123838,0.0,0.640558921601333,1
Kengeri,0.4604817998877587,0.546329612322603,0.41338566025540346,0.3451454480366838,0.0,0.45951646291407966,0
Kengeri,0.6826778482650128,0.546329612322603,0.44032775714441463,0.27403298435005374,0.0,0.5320066296709264,0
Kengeri,0.4336325220944769,0.546329612322603,0.5883711963605615,0.501862467554614,0.0,0.5086238758351522,0
Kengeri,0.4009610975335445,0.546329612322603,0.4224602638221463,0.598625029248811,0.0,0.4785210749852724,0
Kengeri,0.8493691175095154,0.546329612322603,0.24487974423915362,0.28056829369279157,0.0,0.5522392677268607,1
Kengeri,0.31255371804871196,0.546329612322603,0.27565689619886846,0.25521298756118443,0.0,0.36670601238778144,0
Kengeri,0.5160417472302885,0.546329612322603,0.6382835683983823,0.2611678705061005,0.0,0.5113453894829734,0
Kengeri,0.16779861225002723,0.546329612322603,0.44511251363292437,0.35621534307995206,0.0,0.3650832021728681,0
Kengeri,0.42526478513011967,0.546329612322603,0.7948221923243451,0.49646220158213444,0.0,0.546175327194512,0
Kengeri,0.6808100478532246,0.546329612322603,0.3396193468363925,0.5898322388116723,0.0,0.5585811056344389,1
Kengeri,0.6231344976126855,0.546329612322603,0.3506477451432921,0.6687685627608811,0.0,0.5524407913040114,1
Kengeri,0.6603710492911896,0.546329612322603,0.2558394525831284,0.3795250092552438,0.0,0.5031253928536095,0
Kengeri,0.41094681814139267,0.546329612322603,0.31852162627327274,0.67520824271315,0.0,0.47271583170789533,0
Kengeri,0.4885014253705513,0.546329612322603,0.16014487048365816,0.6217841001660868,0.0,0.4601709716981185,0
Kengeri,0.39131381022451583,0.546329612322603,0.9301163179122475,0.5826549455868321,0.0,0.5742802226958357,1
Kengeri,0.6521055100620355,0.546329612322603,0.4055868215266233,0.6052800418879201,0.0,0.5640451828070061,1
Kengeri,0.628678384195469,0.546329612322603,0.7082359984491925,0.5232091875982443,0.0,0.6040648959947702,1
Kengeri,0.3678609969936197,0.546329612322603,0.46134647770535053,0.4726637419924591,0.0,0.4558190894844868,0
Kengeri,0.585862642619031,0.546329612322603,0.19973980481145323,0.3890803556043022,0.0,0.4672608229163777,0
Kengeri,0.651902008086293,0.546329612322603,0.35919233761319846,0.279423913968765,0.0,0.5058166411449379,0
Kengeri,0.6265656750601806,0.546329612322603,0.3077028608902851,0.17510691873884843,0.0,0.47100347995672837,0
Kengeri,0.7484655176546929,0.546329612322603,0.48007739882716916,0.4817821946224081,0.0,0.5941446238347184,1
Kengeri,0.6140835954727587,0.546329612322603,0.254025757070172,0.45192634636576323,0.0,0.49742224548114533,0
Kengeri,0.6689530313921506,0.546329612322603,0.5617178532375936,0.2970798297206777,0.0,0.5549379897896539,1
Kengeri,0.7913869905823171,0.546329612322603,0.2796977194358742,0.467585685492087,0.0,0.5669617271115798,1
Kengeri,0.46080889290158744,0.546329612322603,0.7447297430592337,0.3847226999998325,0.0,0.5318363498241581,0
Kengeri,0.6346740940446427,0.546329612322603,0.3740494058681383,0.4354610906444463,0.0,0.5261638613827004,0
Kengeri,0.5382049919309134,0.546329612322603,0.7484684690192329,0.5380317515040929,0.0,0.582669087402061,1
White Field,0.6379333529005654,0.5436833536833537,0.26500048109301555,0.3846421588850356,0.0,0.49707809967156247,0
White Field,0.4132088924001841,0.5436833536833537,0.288269222228211,0.6128293967183922,0.0,0.45730637239847155,0
White Field,0.7402986570669172,0.5436833536833537,0.581462738424904,0.5109195331239543,0.0,0.6151400137320011,1
White Field,0.6081443832994299,0.5436833536833537,0.5848163579177401,0.24686046702429126,0.0,0.5299478818969983,0
White Field,0.9176192294366547,0.5436833536833537,0.20112432403685027,0.39682730184581233,0.0,0.5840206964920772,1
White Field,0.6436775213606083,0.5436833536833537,0.17387187305084198,0.3467445600465022,0.0,0.47517819719836274,0
White Field,0.47073612798875053,0.5436833536833537,0.32826781637811686,0.680906323660146,0.0,0.4956521627257141,0
White Field,0.5394491659576988,0.5436833536833537,0.4650819171475077,0.9755921617138474,0.0,0.5912674218767793,1
White Field,0.7102450405713764,0.5436833536833537,0.6346314816811466,0.45152702808025624,0.0,0.6063461208532556,1
White Field,0.15575677467717713,0.5436833536833537,0.357593014942819,0.4822589874335855,0.0,0.3614773283456197,0
White Field,0.6857168207738737,0.5436833536833537,0.6791699952118356,0.7016510262148283,0.0,0.6441875463504533,1
White Field,0.660098032868536,0.5436833536833537,0.5559462792915926,0.5209071715852487,0.0,0.5834646492050994,1
White Field,0.5849239774706857,0.5436833536833537,0.4649089349543146,0.6862833724212469,0.0,0.563752691073796,1
White Field,0.9530351475374641,0.5436833536833537,0.38382146291535424,0.9193738129724656,0.0,0.7113376722720591,1
White Field,0.6067993310497243,0.5436833536833537,0.4876347915526137,0.6981340390992776,0.0,0.577731836147824,1
White Field,0.312934398147437,0.5436833536833537,0.25927786409225506,0.24086368568593025,0.0,0.36061717112794966,0
White Field,0.7532237325333647,0.5436833536833537,0.48335040375864746,0.3191032630165917,0.0,0.571268882695902,1
White Field,0.7731984903036163,0.5436833536833537,0.44968539875455205,0.3391302676556345,0.0,0.5745310976105275,1
White Field,0.30255938970953467,0.5436833536833537,0.40862016751147257,0.4723790838412874,0.0,0.42158168858183087,0
White Field,0.45299715213245156,0.5436833536833537,0.45661894900801536,0.6161288194849,0.0,0.5053971220757022,0
White Field,0.8851980153019169,0.5436833536833537,0.47889418496189073,0.48937108908834126,0.0,0.6421088118163063,1
White Field,0.48793085249983725,0.5436833536833537,0.538269172892509,0.33383821502965194,0.0,0.49161037131289875,0
White Field,0.7888997894358667,0.5436833536833537,0.448593877910349,0.40319542343887443,0.0,0.5894180215054604,1
White Field,0.5319118552856115,0.5436833536833537,0.26361246137270006,0.6803788655350562,0.0,0.5040534775597685,0
White Field,0.7510022579496134,0.5436833536833537,0.33510345909261374,0.3071709536973869,0.0,0.5390521312605016,0
White Field,0.7979643254881348,0.5436833536833537,0.3280307310667976,0.23881053934868043,0.0,0.5438202471415148,0
White Field,0.5247574065936329,0.5436833536833537,0.33018687705610233,0.42594456194075786,0.0,0.47669915811511177,0
White Field,0.5805503640948718,0.5436833536833537,0.31704519980231893,0.2122038139417538,0.0,0.461537245589938,0
White Field,0.6856056620254078,0.5436833536833537,0.24352563822555306,0.6360532316460927,0.0,0.5471801002059233,0
White Field,1.0,0.5436833536833537,0.34726349009533436,0.4259280538364871,0.0,0.646446912199546,1
White Field,0.6306584646367951,0.5436833536833537,0.1442736865800232,0.7296791496027288,0.0,0.5221420784842983,0
White Field,0.6003393292696938,0.5436833536833537,0.42692692015254863,0.620315808345064,0.0,0.5516565266316682,1
White Field,0.9512735089211626,0.5436833536833537,0.9300631325341809,0.5185706714871987,0.0,0.759848961457329,1
White Field,0.7469687325025244,0.5436833536833537,0.3322169195619066,0.4750442156780641,0.0,0.5622440787449805,1
White Field,0.9505130754178814,0.5436833536833537,0.31712319944580153,0.3616427786602731,0.0,0.6134556391894659,1
White Field,0.1703097665397923,0.5436833536833537,0.6110683149899924,0.24333653153548054,0.0,0.381427567122254,0
White Field,0.7311119068067256,0.5436833536833537,0.32358089504310505,0.19663583236740892,0.0,0.5132057273510925,0
White Field,0.46251091476686873,0.5436833536833537,0.15906568039652438,0.6799511417627373,0.0,0.4587896336171256,0
White Field,0.5868797403162265,0.5436833536833537,0.4674177981489597,0.4489038651230615,0.0,0.5293320546139365,0
White Field,0.2774974664968589,0.5436833536833537,0.5257940152996722,0.5459118450336247,0.0,0.4472746991938848,0
White Field,0.7145892200098751,0.5436833536833537,0.4678661355712498,0.3570947644735489,0.0,0.5603486748937447,1
White Field,0.6271178704770136,0.5436833536833537,0.27873303281198947,0.5100801980019649,0.0,0.5148548970346535,0
White Field,0.4972209251790924,0.5436833536833537,0.4690003338490555,0.24989395964069583,0.0,0.4684164906336039,0
White Field,0.8069383149069662,0.5436833536833537,0.61950558318148,0.24560456087355775,0.0,0.6062752170897739,1
White Field,0.650129025128024,0.5436833536833537,0.32919518163554073,0.3337636548812103,0.0,0.5065537494591041,0
White Field,0.42148362574462117,0.5436833536833537,0.39064333989807976,0.3600268115872834,0.0,0.44275696483333193,0
White Field,0.2834247027439039,0.5436833536833537,0.31996035508887055,0.43114388707820006,0.0,0.39096730614487657,0
White Field,0.6527811706303592,0.5436833536833537,0.5491096117130614,0.73791969498946,0.0,0.6120882924166632,1
White Field,0.6408785898300033,0.5436833536833537,0.2315965898617668,0.4190689843663218,0.0,0.4965921781728088,0
White Field,0.9347458274406328,0.5436833536833537,0.6107705465393535,0.6138037426125638,0.0,0.7044907164089829,1
Hebbala,0.7890031262237727,0.5263216586151369,0.9407237882047896,0.235765199677486,0.0,0.6575571293554423,1
Hebbala,0.4989851668158633,0.5263216586151369,0.33185054617863635,0.3814797876240341,0.0,0.45613338334942566,0
Hebbala,0.7648763782244087,0.5263216586151369,0.2731269589542359,0.2878650277403937,0.0,0.5234083759149903,0
Hebbala,0.9289419923549513,0.5263216586151369,0.20083967258712485,0.543702762809248,0.0,0.6047495438475863,1
Hebbala,0.4853473045973691,0.5263216586151369,0.24385725151307114,0.6721425183877177,0.0,0.47736088225439205,0
Hebbala,0.5329372860343209,0.5263216586151369,0.2820118182274781,0.2247975930643095,0.0,0.4345465503016954,0
Hebbala,0.7274124304364655,0.5263216586151369,0.18313069652376202,0.4040696951721356,0.0,0.5097274418178767,0
Hebbala,0.7458589377131178,0.5263216586151369,0.3125634228451878,0.35980213585550774,0.0,0.535430130731496,0
Hebbala,0.7352984407554458,0.5263216586151369,0.164190764469575,0.6197636462487945,0.0,0.5410536516801813,0
Hebbala,0.44803544919882143,0.5263216586151369,0.36402435269937894,0.1314222541950226,0.0,0.4072271134732578,0
Hebbala,0.5863048105521145,0.5263216586151369,0.5337504458837175,0.30207318345130246,0.0,0.51516424797222,0
Hebbala,0.5166797543210763,0.5263216586151369,0.5222994086477699,0.28744955332622063,0.0,0.48631172632540487,0
Hebbala,0.20540603713769173,0.5263216586151369,0.4153315986199264,0.4419534202183329,0.0,0.37914794333946844,0
Hebbala,0.5938728617784325,0.5263216586151369,0.3826721733084303,0.25720063505144547,0.0,0.4808665291263953,0
Hebbala,0.7146942241416234,0.5263216586151369,0.6819034424078895,0.6638385478498552,0.0,0.6439959466931655,1
Hebbala,0.5866341483555741,0.5263216586151369,0.37764377842112895,0.3490089911583302,0.0,0.4910985538669673,0
Hebbala,0.7744687034421548,0.5263216586151369,0.45623321571842307,0.3030223316680468,0.0,0.5656605366831868,1
Hebbala,0.5445508675471993,0.5263216586151369,0.2859677916456206,0.6480238349210454,0.0,0.5028864347933417,0
Hebbala,0.6176680948049145,0.5263216586151369,0.21751035138257413,0.4923435279032517,0.0,0.4914339302282637,0
Hebbala,0.6014945569333257,0.5263216586151369,0.26556323097837253,0.2957250508117191,0.0,0.4658909963286374,0
Hebbala,0.48220741962307473,0.5263216586151369,0.8757318516055349,0.5779275476232727,0.0,0.5885045969172151,1
Hebbala,0.4499344148349251,0.5263216586151369,0.2860464571908571,0.3588613704231749,0.0,0.4264120397784126,0
Hebbala,0.4703347200410948,0.5263216586151369,0.7582241643706736,0.19441018739679114,0.0,0.5033200105825777,0
Hebbala,0.46109091173756994,0.5263216586151369,0.16164136906867202,0.595702298692242,0.0,0.44096193531026123,0
Hebbala,0.957602608257965,0.5263216586151369,0.2778955223519301,0.3173322943902413,0.0,0.5962363591037511,1
Hebbala,1.0,0.5263216586151369,0.22437297250689586,0.6910589937142565,0.0,0.6564299411430587,1
Hebbala,0.6788965656881986,0.5263216586151369,0.332978194610863,0.5059061468504771,0.0,0.5379918565251548,0
Hebbala,0.6322669960182721,0.5263216586151369,0.43787846113200257,0.5060704225384246,0.0,0.5426762017981004,0
Hebbala,0.3463796306863535,0.5263216586151369,0.513067716594137,0.6154655806274798,0.0,0.47406274873771415,0
Hebbala,0.7459985393451133,0.5263216586151369,0.7529761482380521,0.4382213986982442,0.0,0.6353244258076778,1
Hebbala,0.5372890881516418,0.5263216586151369,0.3748298251247911,0.39551632248179175,0.0,0.4802410918348427,0
Hebbala,0.42798017837379787,0.5263216586151369,0.46495407028292474,0.24874680725805542,0.0,0.4379923951606635,0
Hebbala,0.6121421254620588,0.5263216586151369,0.7881085780200663,0.26689737091175336,0.0,0.5698025627370379,1
Hebbala,0.7281793615881431,0.5263216586151369,0.304179245989074,0.365092835759182,0.0,0.5283590487020833,0
Hebbala,0.6825302238105063,0.5263216586151369,0.37840871738151294,0.43981303224823975,0.0,0.5384357742317568,0
Hebbala,0.47536762794463605,0.5263216586151369,0.7306649252742973,0.21791063786707493,0.0,0.5030947481000845,0
Hebbala,0.6557615507436764,0.5263216586151369,0.24509988650312883,0.21667704098610102,0.0,0.4689345737933688,0
Hebbala,0.6733001534771653,0.5263216586151369,0.19028098947118702,0.6536857915247973,0.0,0.529660617924506,0
Hebbala,0.6583638418641271,0.5263216586151369,0.23904524857023257,0.6379422748315051,0.0,0.5318242331757579,0
Hebbala,0.830023115356936,0.5263216586151369,0.6312343763008935,0.2964143273184813,0.0,0.6191136123174197,1
Hebbala,0.8262219310921293,0.5263216586151369,0.16366164754297519,0.310240086669355,0.0,0.5263425159757846,0
Hebbala,0.9509108392164938,0.5263216586151369,0.2522767737903602,0.3250373487194129,0.0,0.5899262483762979,1
Hebbala,0.39601704480912353,0.5263216586151369,0.48331594904107583,0.43511524233837323,0.0,0.4584329394267055,0
Hebbala,0.5723730354737543,0.5263216586151369,0.23155635881289316,0.3816486185209027,0.0,0.46178562454106914,0
Hebbala,0.43799089453836226,0.5263216586151369,0.6393876199140165,0.40118852065407956,0.0,0.49924911275388306,0
Hebbala,0.9330976460529008,0.5263216586151369,0.24100077001059245,0.49554103799079585,0.0,0.6070119834037943,1
Hebbala,0.6421242516416475,0.5263216586151369,0.37837651329510535,0.29558260474132214,0.0,0.5026526790293371,0
Hebbala,0.5417038902248125,0.5263216586151369,0.6267551994958983,0.3637574305848558,0.0,0.5274075136501335,0
Hebbala,0.5393110717782764,0.5263216586151369,0.2062124533801173,0.17711066001824569,0.0,0.4144644623856981,0
Hebbala,0.6655854646518876,0.5263216586151369,0.4547145930383105,0.537672544724708,0.0,0.56244521052907,1
Jalahalli,0.7946976867497152,0.5259166666666667,0.24460417011423466,0.618552279273366,0.0,0.5776228662762521,1
Jalahalli,0.8316247857458695,0.5259166666666667,0.174592563765614,0.3348099949787372,0.0,0.5339836870109878,0
Jalahalli,0.5794401695954008,0.5259166666666667,0.5850874532454423,0.7989217296356088,0.0,0.5974348094528201,1
Jalahalli,0.39108619527782745,0.5259166666666667,0.6316701693032387,0.35668850041803446,0.0,0.47449247727059257,0
Jalahalli,0.34728211596069536,0.5259166666666667,0.3989124520633731,0.15258483621371718,0.0,0.3819939564309756,0
Jalahalli,0.5507219361488858,0.5259166666666667,0.35001974844968364,0.3785321619892191,0.0,0.4773114516404296,0
Jalahalli,0.7485240929259998,0.5259166666666667,0.6094432576367067,0.21893488486613855,0.0,0.574487316781362,1
Jalahalli,0.6535806752995154,0.5259166666666667,0.5922155056713395,0.48481278545251116,0.0,0.5776932553069749,1
Jalahalli,0.7010361741832922,0.5259166666666667,0.46183885998388696,0.34198911839301893,0.0,0.5468038007198824,0
Jalahalli,0.930244764522254,0.5259166666666667,0.3495513405602155,0.14079892683170292,0.0,0.5743907747195874,1
Jalahalli,0.6500979882218072,0.5259166666666667,0.2670430972413993,0.4675056053320979,0.0,0.5088437561257271,0
Jalahalli,0.6000124117890839,0.5259166666666667,0.3558429656514427,0.48695277240057283,0.0,0.5119908531165538,0
Jalahalli,0.8214554174481019,0.5259166666666667,0.2179981008484111,0.3497849678188969,0.0,0.5413517614493524,0
Jalahalli,0.708775017553394,0.5259166666666667,0.4124038402133159,0.1998815404757437,0.0,0.5183092552577127,0
Jalahalli,0.579920944703006,0.5259166666666667,0.29591373415788536,0.6011370288923212,0.0,0.5101006318114774,0
Jalahalli,0.6883161065282732,0.5259166666666667,0.22072787259806576,0.16988074696447464,0.0,0.46831332384917995,0
Jalahalli,0.7643806569248511,0.5259166666666667,0.38226224941705667,0.5328792157736377,0.0,0.5816925621731549,1
Jalahalli,0.6309925564688945,0.5259166666666667,0.6382693511694757,0.4347184745099801,0.0,0.5714840361745053,1
Jalahalli,0.44748737896828217,0.5259166666666667,0.6221121513310192,0.49326740903162225,0.0,0.5128081242598459,0
Jalahalli,0.6984780607015224,0.5259166666666667,0.5216314879464693,0.25661218247622186,0.0,0.54506044620626,0
Jalahalli,0.8570432266390303,0.5259166666666667,0.2449573945421681,0.6876871827564655,0.0,0.609884685645564,1
Jalahalli,0.6173234787452218,0.5259166666666667,0.4887391767693736,0.3577278790960246,0.0,0.525245234779106,0
Jalahalli,0.8908305716793827,0.5259166666666667,0.5552644285332625,0.2220092106879723,0.0,0.6139199673976322,1
Jalahalli,0.6711790460628486,0.5259166666666667,0.6176665626021357,0.5584925499602247,0.0,0.5999948611364578,1
Jalahalli,0.5923458420106489,0.5259166666666667,0.44779905358902816,0.1489070980752218,0.0,0.476991920132816,0
Jalahalli,0.0,0.5259166666666667,0.7670319002872156,0.37029889771638896,0.0,0.36672621471490147,0
Jalahalli,0.6521621606878831,0.5259166666666667,0.7320923258317118,0.2801554969195186,0.0,0.5744735459450292,1
Jalahalli,0.32921690901637385,0.5259166666666667,0.5777141198349965,0.1577117188437006,0.0,0.41220049994928526,0
Jalahalli,0.6548603441636313,0.5259166666666667,0.4052056955862928,0.42284860473973496,0.0,0.5314445502854898,0
Jalahalli,0.6807808400451687,0.5259166666666667,0.31288098761100214,0.5948482166672706,0.0,0.5478517240381,0
Jalahalli,0.6283409285500977,0.5259166666666667,0.3622020867436592,0.4876918932239218,0.0,0.5232885263248543,0
Jalahalli,0.8334546303383591,0.5259166666666667,0.33958180648474445,0.3143104000692378,0.0,0.5645470419257602,1
Jalahalli,0.6314325068574235,0.5259166666666667,0.5454241722668418,0.5996140098736595,0.0,0.5778033133345155,1
Jalahalli,0.6274996432422927,0.5259166666666667,0.5306539666657343,0.5123064742321422,0.0,0.5603766396027706,1
Jalahalli,0.3151552902802675,0.5259166666666667,0.4003218043692225,0.4081844386257455,0.0,0.40937137826579995,0
Jalahalli,1.0,0.5259166666666667,0.6326478751199452,0.9078081624659093,0.0,0.7704757993938754,1
Jalahalli,0.833396511345496,0.5259166666666667,0.6357011816422115,0.40330717356590495,0.0,0.6371000913342516,1
Jalahalli,0.7904793696585222,0.5259166666666667,0.43291912540556454,0.19801697708158322,0.0,0.5507291510238331,1
Jalahalli,0.6565271461954723,0.5259166666666667,0.3494436269639224,0.4805714865956946,0.0,0.529533949550554,0
Jalahalli,0.0,0.5259166666666667,0.8022556618414105,0.41422644153632604,0.0,0.38036009859873104,0
Jalahalli,0.5677652528649415,0.5259166666666667,0.3673709022148798,0.5569449302670937,0.0,0.5135087584857695,0
Jalahalli,0.6173753750514347,0.5259166666666667,0.6255746025006249,0.24064108297554043,0.0,0.5350674642144582,0
Jalahalli,0.6831412048865404,0.5259166666666667,0.2137154562184279,0.3188032244768826,0.0,0.4874379966255071,0
Jalahalli,0.6572279716503542,0.5259166666666667,0.8080247348664352,0.28434846267477143,0.0,0.5920620064521267,1
Jalahalli,0.5306992990269369,0.5259166666666667,0.3512794330802097,0.23190585455024842,0.0,0.4485615194580071,0
Jalahalli,0.7456744224078369,0.5259166666666667,0.48387140954305974,0.5405698764411008,0.0,0.59662081121752,1
Jalahalli,0.6129851702537914,0.5259166666666667,0.3263881268296847,0.8390639235795645,0.0,0.5634570234916986,1
Jalahalli,0.6242180431676613,0.5259166666666667,0.44262438111115743,0.573493027158735,0.0,0.5508001454047231,1
Jalahalli,0.4818388520969168,0.5259166666666667,0.3186281699151517,0.3856308749388315,0.0,0.4479888634577759,0
Jalahalli,0.5800552047885809,0.5259166666666667,0.48100849169370796,0.2347130562077016,0.0,0.4922029784459001,0
Banasawadi,0.7886704449301922,0.5200757575757575,0.46978664936403336,0.74484438115706,0.0,0.6377413700446601,1
Banasawadi,0.8224867447219961,0.5200757575757575,0.4457733922225798,0.6294505453758631,0.0,0.6274653481763213,1
Banasawadi,0.49365156769980467,0.5200757575757575,0.24193602018094068,0.36293589013295546,0.0,0.4316283635237903,0
Banasawadi,0.8636757312380523,0.5200757575757575,0.37120598652820125,0.5492009053933617,0.0,0.6149305663206901,1
Banasawadi,0.6877266015501412,0.5200757575757575,0.591271177712173,0.4248461628879721,0.0,0.5787081977909071,1
Banasawadi,0.6084107682532862,0.5200757575757575,0.6419087361107106,0.3678261521217049,0.0,0.5525221662017753,1
Banasawadi,0.6874178618993533,0.5200757575757575,0.3453799760006754,0.47548440066594166,0.0,0.5370176342375272,0
Banasawadi,0.8913592533699705,0.5200757575757575,0.9003711915435733,0.3420570745215631,0.0,0.699381265439166,1
Banasawadi,0.6792424893615127,0.5200757575757575,0.2964842436268197,0.20088664139153706,0.0,0.4831874434833512,0
Banasawadi,0.6940251069224006,0.5200757575757575,0.167167707732065,0.5113095269280067,0.0,0.5090614852811814,0
Banasawadi,0.7728367596399757,0.5200757575757575,0.7465477609503158,0.33583032289896,0.0,0.6261996937716259,1
Banasawadi,0.4199305611700082,0.5200757575757575,0.398040686825938,0.2987697504679986,0.0,0.42742202361761755,0
Banasawadi,0.568735926740476,0.5200757575757575,0.373573985358719,0.27746337731128373,0.0,0.4714146053003302,0
Banasawadi,0.5129345820754194,0.5200757575757575,0.4463119420494743,0.6618909477162076,0.0,0.52409586156645,0
Banasawadi,0.13785791768694067,0.5200757575757575,0.5343908953432132,0.2656529275395112,0.0,0.35099911666272576,0
Banasawadi,0.5275244490544775,0.5200757575757575,0.2500189098703015,0.42475096446072497,0.0,0.4543727110849634,0
Banasawadi,0.7395619436024523,0.5200757575757575,0.4325326307164467,0.18965876069385684,0.0,0.5298247477809533,0
Banasawadi,0.7108578459794501,0.5200757575757575,0.6153370101817546,0.45985189509884533,0.0,0.5968681596667125,1
Banasawadi,0.5667838809733766,0.5200757575757575,0.23902957465582653,0.21270256944186844,0.0,0.43410838596085466,0
Banasawadi,0.7378752464775257,0.5200757575757575,0.14448937068567252,0.5668662748810741,0.0,0.5282068789091569,0
Banasawadi,0.6819193955343139,0.5200757575757575,0.2001644848142191,0.18360522700083268,0.0,0.46226819672270586,0
Banasawadi,0.7418636522006203,0.5200757575757575,0.3278066599636629,0.22233472924499087,0.0,0.5145865469224256,0
Banasawadi,0.7000466268718861,0.5200757575757575,0.33312277518203054,0.3178865724589448,0.0,0.5153465875831352,0
Banasawadi,0.6002435275208805,0.5200757575757575,0.43462258448038504,0.6719059286008838,0.0,0.553818368091245,1
Banasawadi,0.34424785488459464,0.5200757575757575,0.5061991073645187,0.4987494720702969,0.0,0.45256171876578366,0
Banasawadi,0.4378018823689142,0.5200757575757575,0.3409477501184778,0.6286990726861474,0.0,0.4717477970284649,0
Banasawadi,0.35195375537673956,0.5200757575757575,0.31115032422077044,0.4616405852446396,0.0,0.41068269428543613,0
Banasawadi,0.5256066496476282,0.5200757575757575,0.2170801819898889,0.25584220509810907,0.0,0.4217774218120912,0
Banasawadi,0.45424291024530816,0.5200757575757575,0.34147072877672235,0.6815015829084101,0.0,0.4855271290501911,0
Banasawadi,0.4970655509555756,0.5200757575757575,0.26947883723690824,0.5723937645019568,0.0,0.4697505022298539,0
Banasawadi,0.6724239197746722,0.5200757575757575,0.6042622318187169,0.4749049017804463,0.0,0.5834592808246728,1
Banasawadi,0.39347938267742555,0.5200757575757575,0.571035519447225,0.46375639092600807,0.0,0.47751107373817236,0
Banasawadi,0.46208244987057634,0.5200757575757575,0.17767671205454,0.1680758127262962,0.0,0.3784982990472814,0
Banasawadi,0.2850780532647159,0.5200757575757575,0.27890423404914333,0.36001995378503987,0.0,0.36558388579296247,0
Banasawadi,0.6824868036119778,0.5200757575757575,0.5028753824681647,0.6694494684100074,0.0,0.5958856052920536,1
Banasawadi,0.8920323717744075,0.5200757575757575,0.3990287706096386,0.5705295812862357,0.0,0.633619248708633,1
Banasawadi,0.7362556572306889,0.5200757575757575,0.15791671680938318,0.3019158653191658,0.0,0.4905829304632199,0
Banasawadi,0.5531459832015783,0.5200757575757575,0.5489429935148475,0.34009106592573146,0.0,0.5104260799851089,0
Banasawadi,0.40658706404710765,0.5200757575757575,0.22155210556767263,0.4481362127082681,0.0,0.40985905270898965,0
Banasawadi,0.8379714046852876,0.5200757575757575,0.32840186509373404,0.2925800685059381,0.0,0.5588801022072154,1
Banasawadi,0.6215939527226078,0.5200757575757575,0.5105085032478595,0.40367811918155627,0.0,0.5362340292524453,0
Banasawadi,0.587725632432031,0.5200757575757575,0.5429793676307957,0.5793238367835888,0.0,0.5572211476676355,1
Banasawadi,0.739659426104069,0.5200757575757575,0.3922081660837759,0.5230160515650203,0.0,0.5717975673606597,1
Banasawadi,0.7884834637021142,0.5200757575757575,0.3014698742567202,0.6843864075317561,0.0,0.5949438755495747,1
Banasawadi,0.6274392354690949,0.5200757575757575,0.2873993595586629,0.6174479970616137,0.0,0.5257235311578851,0
Banasawadi,0.3834439533599621,0.5200757575757575,0.23702859505302787,0.44251643192250073,0.0,0.4040112947476947,0
Banasawadi,0.7876837080615866,0.5200757575757575,0.35104814555835206,0.5212136384264731,0.0,0.5801036999699238,1
Banasawadi,0.7178833509270339,0.5200757575757575,0.9065733365209667,0.9081732079216789,0.0,0.7248225485896342,1
Banasawadi,0.3535103856676988,0.5200757575757575,0.5716010398998526,0.3184686510763688,0.0,0.44184186789784763,0
Banasawadi,0.37789305614948077,0.5200757575757575,0.17473330857637695,0.4019712841456869,0.0,0.3835276512621739,0
Ulsoor,0.36996985168681235,0.4762081363278171,0.7451394424663477,0.13419036928181982,0.0,0.44150833287427194,0
Ulsoor,0.6662967646023132,0.4762081363278171,0.5345263812776567,0.686314568443911,0.0,0.5859187700312728,1
Ulsoor,0.39869724135425233,0.4762081363278171,0.5604395742044852,0.1852858269146096,0.0,0.4222872642504219,0
Ulsoor,0.4859206484105876,0.4762081363278171,0.40139894787028974,0.5968302639261671,0.0,0.48273899700503375,0
Ulsoor,0.6325747112786808,0.4762081363278171,0.20660082841798577,0.35005903360489743,0.0,0.4580926105702151,0
Ulsoor,0.7781966470564805,0.4762081363278171,0.37829199062748486,0.2885110524330888,0.0,0.5341663233585736,0
Ulsoor,0.8443766001985136,0.4762081363278171,0.30124330772935004,0.18162316431357828,0.0,0.5258863871607315,0
Ulsoor,0.5705407534330997,0.4762081363278171,0.22168937646288853,0.2215215786529024,0.0,0.42011781669044307,0
Ulsoor,0.4832147065388641,0.4762081363278171,0.388194812278289,0.5282191287937161,0.0,0.4688594199616628,0
Ulsoor,0.40323794362125975,0.4762081363278171,0.4418068581209872,0.7129415593325328,0.0,0.4792983266898634,0
Ulsoor,0.5516429153849347,0.4762081363278171,0.20453667001321818,0.53460901081213,0.0,0.45703614690753536,0
Ulsoor,0.6941928141132259,0.4762081363278171,0.5444651468469309,0.42793899707723604,0.0,0.5589138047689457,1
Ulsoor,0.36093048965422836,0.4762081363278171,0.24139052040380027,0.4249769589170579,0.0,0.3812127601956438,0
Ulsoor,0.8091548143758793,0.4762081363278171,0.3692415523577137,0.48835970255254013,0.0,0.5731688917843266,1
Ulsoor,0.8317806621802442,0.4762081363278171,0.41048038869084646,0.2808919403460546,0.0,0.558215541451508,1
Ulsoor,0.6256056264759354,0.4762081363278171,0.32624845652231227,0.6107390389457203,0.0,0.518684957311243,0
Ulsoor,0.5479323561327327,0.4762081363278171,0.27693682342794645,0.269831082114684,0.0,0.43050079254759344,0
Ulsoor,0.5063565735133276,0.4762081363278171,0.5063601544833993,0.3587210986459277,0.0,0.4751674373215788,0
Ulsoor,0.7388752462054919,0.4762081363278171,0.33533015214815265,0.2890068617389464,0.0,0.5118858367607398,0
Ulsoor,0.692300689595732,0.4762081363278171,0.5354048884204515,0.5492082896245577,0.0,0.5746299033846253,1
Ulsoor,0.5197233153851211,0.4762081363278171,0.3804142125973511,0.5259246906752155,0.0,0.47973714740389,0
Ulsoor,0.4260616832742905,0.4762081363278171,0.3025448450739504,0.7034998530403417,0.0,0.45801797701518815,0
Ulsoor,0.7205300495302045,0.4762081363278171,0.3454882980843957,0.7765373402202661,0.0,0.5806262188838357,1
Ulsoor,0.4636311033364188,0.4762081363278171,0.3639261581043758,0.3091729907744597,0.0,0.42429450730313584,0
Ulsoor,0.3022934155113416,0.4762081363278171,0.21273635674177666,0.455843262478666,0.0,0.35958889704746994,0
Ulsoor,0.6020359369839858,0.4762081363278171,0.508588767253088,0.24195580979047332,0.0,0.4915861437619287,0
Ulsoor,0.8183037526943873,0.4762081363278171,0.2382792433906778,0.16011702813335102,0.0,0.5009421572395188,0
Ulsoor,0.48627170198750197,0.4762081363278171,0.266485282246417,0.36192991166958943,0.0,0.42064407979369267,0
Ulsoor,0.541600064800934,0.4762081363278171,0.2531188787226173,0.33428880708865233,0.0,0.4331895603864933,0
Ulsoor,0.6473733665805479,0.4762081363278171,0.2784287278313945,0.37114675723397916,0.0,0.4808008783529127,0
Ulsoor,0.7896726377590642,0.4762081363278171,0.6603273722444649,0.7444374592595627,0.0,0.662978957451845,1
Ulsoor,0.2134667189422913,0.4762081363278171,0.28930312456160556,0.32117453936291196,0.0,0.323612598344905,0
Ulsoor,0.5710837827503206,0.4762081363278171,0.3706419053683252,0.33071610190950623,0.0,0.4664775612210483,0
Ulsoor,0.3828491689429974,0.4762081363278171,0.6099979208619688,0.6399190117148155,0.0,0.49484708595801025,0
Ulsoor,0.5538467263244745,0.4762081363278171,0.8259437582397211,0.2622116031353415,0.0,0.5412292872301566,0
Ulsoor,0.5789691116091857,0.4762081363278171,0.43587742827724285,0.1509549840073156,0.0,0.455320363218106,0
Ulsoor,0.4369394680668074,0.4762081363278171,0.38774828456466404,0.33563541574241806,0.0,0.42368622399602324,0
Ulsoor,0.32380254543754466,0.4762081363278171,0.4253768071287939,0.46475477967606504,0.0,0.41098191017865426,0
Ulsoor,0.46223396087809415,0.4762081363278171,0.24027118144315526,0.6718550550001549,0.0,0.45347682174433235,0
Ulsoor,0.4788990341816657,0.4762081363278171,0.2436246673062673,0.25889538054032224,0.0,0.3980363434042299,0
Ulsoor,0.9183300170717977,0.4762081363278171,0.7376393585387134,0.2934668602379882,0.0,0.6558258476169153,1
Ulsoor,0.4003303627915255,0.4762081363278171,0.4823733346107618,0.7245959632109039,0.0,0.488142129279167,0
Ulsoor,0.6629494480823033,0.4762081363278171,0.20756367389738248,0.22267532171545962,0.0,0.4498087807639467,0
Ulsoor,0.8920075288445474,0.4762081363278171,0.474346729812096,0.35514049521126523,0.0,0.6032054962380456,1
Ulsoor,0.5057649688068419,0.4762081363278171,0.37191980522900914,0.6593651375721075,0.0,0.4931689116623577,0
Ulsoor,0.5024225004707038,0.4762081363278171,0.3936594037444002,0.5751026939881417,0.0,0.4837076009101927,0
Ulsoor,0.4855304660903744,0.4762081363278171,0.42466374038936294,0.7874669731334581,0.0,0.5158508980778674,0
Ulsoor,0.1471565763101677,0.4762081363278171,0.38405474752431956,0.6021994460834952,0.0,0.36150810902429203,0
Ulsoor,0.6715282845556266,0.4762081363278171,0.3918227022224582,0.18046535611964593,0.0,0.483331684355253,0
Ulsoor,0.830735037762353,0.4762081363278171,0.49596272348835746,0.3369101481439568,0.0,0.5833487710344337,1
K.R.Pura,0.4122932294103445,0.45776331018518523,0.4210893156635684,0.15900907892378346,0.0,0.3897008483204573,0
K.R.Pura,0.4861875662159642,0.45776331018518523,0.3635579573692918,0.4903287158513419,0.0,0.45375554008270264,0
K.R.Pura,0.6492667684845437,0.45776331018518523,0.7083753798152705,0.5917480961615663,0.0,0.595009652412435,1
K.R.Pura,0.8362345176008712,0.45776331018518523,0.6990353642916167,0.5947696598490371,0.0,0.6590335960515394,1
K.R.Pura,0.29415862752794425,0.45776331018518523,0.31600175551118537,0.3348512947140696,0.0,0.3537125579996836,0
K.R.Pura,0.49326599553849204,0.45776331018518523,0.3157957485812314,0.49961853100631937,0.0,0.448074020861222,0
K.R.Pura,0.47455422847104434,0.45776331018518523,0.4631747885121511,0.45620975061042934,0.0,0.46448939331441574,0
K.R.Pura,0.6005537468273163,0.45776331018518523,0.38932059407483954,0.4164882399103713,0.0,0.4878601592466399,0
K.R.Pura,0.7466348484208067,0.45776331018518523,0.6810607478694009,0.3627218974489083,0.0,0.5892716241940544,1
K.R.Pura,0.7216680992846434,0.45776331018518523,0.22547093098762905,0.32909002736280085,0.0,0.48437051810712667,0
K.R.Pura,0.4137235319205331,0.45776331018518523,0.5284184126526773,0.8698512390822895,0.0,0.518293597620621,0
K.R.Pura,0.7774400120016787,0.45776331018518523,0.8105176349480328,0.2685949474255751,0.0,0.6118257663595859,1
K.R.Pura,0.6420840157147654,0.45776331018518523,0.2715310441435657,0.42366957200792543,0.0,0.4799150431856254,0
K.R.Pura,0.6731945585036062,0.45776331018518523,0.1992555907401451,0.5324948495690265,0.0,0.4926724341152008,0
K.R.Pura,0.3983422978591769,0.45776331018518523,0.29868586813074294,0.4083779792110528,0.0,0.39774266781407397,0
K.R.Pura,0.5852265787350241,0.45776331018518523,0.36195068814007086,0.37792449399323913,0.0,0.47123710733981405,0
K.R.Pura,0.5393690123525152,0.45776331018518523,0.2834065549971174,0.3406610251882678,0.0,0.4338886121565995,0
K.R.Pura,0.4240321899524661,0.45776331018518523,0.37925561804752284,0.23600358317701176,0.0,0.396991920624975,0
K.R.Pura,0.4492707670040642,0.45776331018518523,0.6956802623984533,0.40183566471377535,0.0,0.4939851636937349,0
K.R.Pura,0.8087055792223355,0.45776331018518523,0.16902988864016041,0.2680216849471839,0.0,0.49438517625348266,0
K.R.Pura,0.5929350860898694,0.45776331018518523,0.19533959694525788,0.7293361860728903,0.0,0.493324620486995,0
K.R.Pura,0.521338707069147,0.45776331018518523,0.6198692209368628,0.34300934697029367,0.0,0.4952227867626736,0
K.R.Pura,0.6926735684458577,0.45776331018518523,0.42098223784198047,0.5864304654501737,0.0,0.551925759397528,1
K.R.Pura,0.4951827699402862,0.45776331018518523,0.49350721811461895,0.6132158428487214,0.0,0.5013267825848877,0
K.R.Pura,0.6100463083227458,0.45776331018518523,0.37887520920871354,0.6044742960335451,0.0,0.517291387215291,0
K.R.Pura,0.8159585609357617,0.45776331018518523,0.15212370349855028,0.4599779561152566,0.0,0.5223359235000707,0
K.R.Pura,0.6286275121250394,0.45776331018518523,0.26611325496005284,0.345149531271083,0.0,0.46234370298199234,0
K.R.Pura,0.6813108327138285,0.45776331018518523,0.6733730250089722,0.6067931419676131,0.0,0.6014813608023319,1
K.R.Pura,0.5185854956136656,0.45776331018518523,0.417625917750572,0.5459393394221832,0.0,0.4842500009837804,0
K.R.Pura,0.48380560244789733,0.45776331018518523,0.37794520157423317,0.47350858090038483,0.0,0.453276281362224,0
K.R.Pura,0.7746433549929339,0.45776331018518523,0.43646360724854727,0.6134785983379372,0.0,0.5877686785034825,1
K.R.Pura,0.6471825533256355,0.45776331018518523,0.3443431411993766,0.2823472096986935,0.0,0.4750635964142073,0
K.R.Pura,0.7536601749771279,0.45776331018518523,0.17518546070656038,0.689537853626361,0.0,0.5395778244828165,0
K.R.Pura,0.686696719684133,0.45776331018518523,0.37255748256048854,0.3918168380254459,0.0,0.5109568671609167,0
K.R.Pura,1.0,0.45776331018518523,0.2933813599077153,0.31591629329734916,0.0,0.5933927090317009,1
K.R.Pura,0.6349537597183951,0.45776331018518523,0.5301538473833658,0.4874432514428727,0.0,0.5387100661500979,0
K.R.Pura,0.7686143071780319,0.45776331018518523,0.1428087343479184,0.3532257098074878,0.0,0.4878896039085736,0
K.R.Pura,0.7136268630603041,0.45776331018518523,0.5935535196372975,0.6907619858122289,0.0,0.6094233969259558,1
K.R.Pura,0.7057231509606817,0.45776331018518523,0.23246123712168854,0.35742616393432763,0.0,0.48443826790628103,0
K.R.Pura,0.31669216294409996,0.45776331018518523,0.48488489994611383,0.40795654202292786,0.0,0.4063417113786525,0
K.R.Pura,0.3792384745725162,0.45776331018518523,0.5082089960383016,0.5387341313029596,0.0,0.4525143780590405,0
K.R.Pura,0.30230699982279585,0.45776331018518523,0.6855177548424556,0.441157073404858,0.0,0.4464135549727539,0
K.R.Pura,0.41724145682092817,0.45776331018518523,0.29008152015968985,0.18930849842655956,0.0,0.36977608173880233,0
K.R.Pura,0.45555852804501873,0.45776331018518523,0.24485635241849288,0.24636464345639808,0.0,0.38270044487347044,0
K.R.Pura,0.7311315883241907,0.45776331018518523,0.3871780786763886,0.3412811624810419,0.0,0.5218528390764563,0
K.R.Pura,0.6012610651665407,0.45776331018518523,0.40696249402194595,0.33377675752127456,0.0,0.4792293782964252,0
K.R.Pura,0.675353718175165,0.45776331018518523,0.27761618468627325,0.4492871028080822,0.0,0.4966190967753302,0
K.R.Pura,0.8054814672528278,0.45776331018518523,0.38783471220809224,0.4234024263594742,0.0,0.5603248129895848,1
K.R.Pura,0.5927532561952278,0.45776331018518523,0.40195366095875285,0.4348318548447428,0.0,0.49040814314234726,0
K.R.Pura,0.38156404386916987,0.45776331018518523,0.32028393339594063,0.19972407328776778,0.0,0.3648918060821183,0
Y.Pura,0.64291188278799,0.4359033638068448,0.4702179633859108,0.5204437749506737,0.0,0.5279003270376331,0
Y.Pura,0.34307858668604513,0.4359033638068448,0.505933328834391,0.17871162861059703,0.0,0.37884192454063703,0
Y.Pura,0.6632896106913811,0.4359033638068448,0.37891386981836356,0.3619418177578061,0.0,0.49299641951138046,0
Y.Pura,0.7114383684891009,0.4359033638068448,0.43344914041131377,0.30622994189699165,0.0,0.5123987574800503,0
Y.Pura,0.8769507272546961,0.4359033638068448,0.42081704553884736,0.4274229073508554,0.0,0.5859806088915949,1
Y.Pura,0.45591887902379014,0.4359033638068448,0.30532544113391147,0.2729493172049816,0.0,0.39235010260790953,0
Y.Pura,0.7966144859790364,0.4359033638068448,0.18681652852942116,0.2938196903687536,0.0,0.4910223384959134,0
Y.Pura,0.6570275023997335,0.4359033638068448,0.5832421953065816,0.2517279290422254,0.0,0.5151382633996102,0
Y.Pura,0.9353060343270106,0.4359033638068448,0.26038789906296206,0.32241523794095034,0.0,0.5585679866602421,1
Y.Pura,0.6440746442911516,0.4359033638068448,0.3664788526039889,0.6969569382031123,0.0,0.5340364458952211,0
Y.Pura,0.3918342782533287,0.4359033638068448,0.4382239101569489,0.48765197474386257,0.0,0.4287055847736877,0
Y.Pura,0.5248107477246107,0.4359033638068448,0.3385321929292183,0.3698369948430357,0.0,0.43763675865796625,0
Y.Pura,0.5495516461235714,0.4359033638068448,0.4004130924278887,0.4026905938939163,0.0,0.4636002928549686,0
Y.Pura,0.34311593619324554,0.4359033638068448,0.4579533922467316,0.6590792740398582,0.0,0.4413141563650145,0
Y.Pura,0.5577787491028104,0.4359033638068448,0.5258563931355764,0.7529160989164797,0.0,0.5441022647926244,0
Y.Pura,0.3602202530873446,0.4359033638068448,0.21968910540495643,0.3576532573899531,0.0,0.35443390741210834,0
Y.Pura,0.6419887488358945,0.4359033638068448,0.47838985704369885,0.5499933991462889,0.0,0.5336440525152997,0
Y.Pura,0.48117319546234766,0.4359033638068448,0.22467980874411533,0.32792634743463356,0.0,0.39330654141789323,0
Y.Pura,0.4668420059235287,0.4359033638068448,0.3825065351747191,0.6231803003767233,0.0,0.4641440633067408,0
Y.Pura,0.4155009860642995,0.4359033638068448,0.3239709184941276,0.3796007076428255,0.0,0.39793064410980755,0
Y.Pura,0.7424597594403728,0.4359033638068448,0.3316540863218797,0.3966688016842572,0.0,0.5164630624631985,0
Y.Pura,0.6149098597403456,0.4359033638068448,0.40043948620680625,0.5457499968312579,0.0,0.5079398568172243,0
Y.Pura,0.8246392440307784,0.4359033638068448,0.13677647965072373,0.1265783548697894,0.0,0.465736793713439,0
Y.Pura,0.46142620770780896,0.4359033638068448,0.23778140333862305,0.21792437366049705,0.0,0.37251511855658576,0
Y.Pura,0.5822284237995328,0.4359033638068448,0.35995083598768796,0.4602778795992021,0.0,0.4755828066093078,0
Y.Pura,0.8061620676002369,0.4359033638068448,0.7854834510316655,0.3079705576609192,0.0,0.6162200066576073,1
Y.Pura,0.4698085672315105,0.4359033638068448,0.4639561741298737,0.3241211267691255,0.0,0.4366134115144256,0
Y.Pura,0.12554306596875026,0.4359033638068448,0.33726707801891875,0.5322302249433594,0.0,0.3219990315764037,0
Y.Pura,0.53671627574389,0.4359033638068448,0.3369818077456841,0.46939905388182235,0.0,0.4564279252838251,0
Y.Pura,0.572969051136703,0.4359033638068448,0.45358060620250645,0.25011669615097504,0.0,0.45954380270304707,0
Y.Pura,0.5787119301509498,0.4359033638068448,0.5057899766275132,0.29428699027860494,0.0,0.47862122856217926,0
Y.Pura,0.5083101183938631,0.4359033638068448,0.3654148904563865,0.11845322838716199,0.0,0.39953051292925706,0
Y.Pura,0.585734439057286,0.4359033638068448,0.24355186971887105,0.37304392620275917,0.0,0.4404450256862916,0
Y.Pura,0.4153919848978836,0.4359033638068448,0.17864029727786343,0.5198163560090518,0.0,0.3898587167132432,0
Y.Pura,0.7190384276579808,0.4359033638068448,0.36748030734319825,0.16641702854962365,0.0,0.4808930745734299,0
Y.Pura,0.631746933680419,0.4359033638068448,0.33241305547704025,0.5399077279770288,0.0,0.49935120622216245,0
Y.Pura,0.276490344518322,0.4359033638068448,0.5539082164276414,0.4783033715384497,0.0,0.41006977873976186,0
Y.Pura,0.4749002026881811,0.4359033638068448,0.4558696302405394,0.3686615275148659,0.0,0.4434592352582546,0
Y.Pura,0.5957808456066487,0.4359033638068448,0.4112922579509513,0.28922827884717855,0.0,0.4649369985216475,0
Y.Pura,0.6165929617900024,0.4359033638068448,0.5282836579620811,0.38974742383657096,0.0,0.5106973909364562,0
Y.Pura,0.774026358859828,0.4359033638068448,0.39569860664363626,0.49954388791802395,0.0,0.555751539259424,1
Y.Pura,0.5421201382245198,0.4359033638068448,0.4632502685150756,0.3877441237827078,0.0,0.4713247297910566,0
Y.Pura,0.6749874243065392,0.4359033638068448,0.17220805802304506,0.6412312701218328,0.0,0.49764290977222614,0
Y.Pura,0.3119595043374441,0.4359033638068448,0.4081120372884053,0.3536899536865577,0.0,0.3746327361708236,0
Y.Pura,0.4485631653993992,0.4359033638068448,0.6324907264546635,0.4455407620635353,0.0,0.4810973766323062,0
Y.Pura,0.45167838224751294,0.4359033638068448,0.15145159930864804,0.29142435665950783,0.0,0.36286241628933874,0
Y.Pura,0.5162927397948858,0.4359033638068448,0.4218142507331035,0.17490879787024013,0.0,0.42207263789742017,0
Y.Pura,0.21414705482709406,0.4359033638068448,0.2563739897185427,0.7275143882798011,0.0,0.3661244345172151,0
Y.Pura,0.4824241280265777,0.4359033638068448,0.6038233301988647,0.439900049220404,0.0,0.48636912737418914,0
Y.Pura,0.2070590205643908,0.4359033638068448,0.31903207875676776,0.22697802950434642,0.0,0.3010947865165957,0
HSR Layout,0.40287594936906224,0.4331679894179894,0.615899954088608,0.6690931000246055,0.0,0.494500934925981,0
HSR Layout,0.9306203324288695,0.4331679894179894,0.31971508296768686,0.19534443510169386,0.0,0.5489121950342927,0
HSR Layout,0.5080359872930009,0.4331679894179894,0.3415909244221501,0.7712231455056823,0.0,0.4917646490882295,0
HSR Layout,0.27143371177760983,0.4331679894179894,0.3846185080544323,0.6014719041558269,0.0,0.3920966831818207,0
HSR Layout,0.6921705909083742,0.4331679894179894,0.40276127598693207,0.5364571890755752,0.0,0.5332309372020504,0
HSR Layout,0.49058121664305043,0.4331679894179894,0.26548592786601055,0.3654502795360304,0.0,0.4095685501540711,0
HSR Layout,0.8109713182169487,0.4331679894179894,0.3697548695867483,0.7786291364054456,0.0,0.6045357025794953,1
HSR Layout,0.575638896307322,0.4331679894179894,0.49074504582589046,0.3036752051613865,0.0,0.47512430047234555,0
HSR Layout,0.4922447624347612,0.4331679894179894,0.4524850089129122,0.28069072579285853,0.0,0.4348366743290744,0
HSR Layout,0.6460575905210383,0.4331679894179894,0.5108349730768736,0.10073202702219061,0.0,0.47334735217646345,0
HSR Layout,0.3112117090249459,0.4331679894179894,0.2086511886412801,0.43026771525491053,0.0,0.3451448900006205,0
HSR Layout,0.5851959437368119,0.4331679894179894,0.28443339647761257,0.21280926872624206,0.0,0.4235770467377398,0
HSR Layout,0.6446572657983519,0.4331679894179894,0.19131167159334603,0.2350800628347703,0.0,0.42910478359870474,0
HSR Layout,0.34533414660638695,0.4331679894179894,0.7351630928937413,0.4665421899252402,0.0,0.46783129520516653,0
HSR Layout,0.3440575006916483,0.4331679894179894,0.6159993951223356,0.5533370521014316,0.0,0.4565709589071555,0
HSR Layout,0.47166421746059783,0.4331679894179894,0.6190469113108716,0.35302593931217335,0.0,0.4717961460956064,0
HSR Layout,0.6461395672887998,0.4331679894179894,0.6967198981753264,0.4915404373114242,0.0,0.5691742906082556,1
HSR Layout,0.6128094424140802,0.4331679894179894,0.5595727361478376,0.24890225152566509,0.0,0.4936835866287421,0
HSR Layout,0.6290100532610409,0.4331679894179894,0.4772277839070065,0.647907479562375,0.0,0.5427355941825187,0
HSR Layout,0.510651478976287,0.4331679894179894,0.3618687540740369,0.3283905585147325,0.0,0.43031074905911454,0
HSR Layout,0.308765592614093,0.4331679894179894,0.5883027546411788,0.12436410604084452,0.0,0.37433352107469176,0
HSR Layout,0.7240311353472163,0.4331679894179894,0.6519211735912782,0.5550127616183993,0.0,0.596997443157938,1
HSR Layout,0.5759768891474086,0.4331679894179894,0.2966374377819858,0.2641312638023676,0.0,0.43048948515374214,0
HSR Layout,0.5361827272542266,0.4331679894179894,0.2848182017451168,0.5745286623421091,0.0,0.4607572910647158,0
HSR Layout,0.5436572179417081,0.4331679894179894,0.4282321589179624,0.4259630902620638,0.0,0.46977131842789666,0
HSR Layout,0.8186972672484867,0.4331679894179894,0.4120355046848495,0.44499505051851385,0.0,0.5656507988771141,1
HSR Layout,0.8419920454455232,0.4331679894179894,0.2265529194368615,0.603664249141333,0.0,0.5605078339899021,1
HSR Layout,0.4510851454417346,0.4331679894179894,0.23576265845465277,0.1940377698897588,0.0,0.36408839490439826,0
HSR Layout,0.5157385194625445,0.4331679894179894,0.18263823739395801,0.2414364911954887,0.0,0.3832019997954023,0
HSR Layout,0.7456980745955455,0.4331679894179894,0.2783144016618713,0.7020930190559623,0.0,0.5519215561246064,1
HSR Layout,0.4481644868791268,0.4331679894179894,0.1977161205922599,0.25557596765073065,0.0,0.36468758649915284,0
HSR Layout,0.683252667959403,0.4331679894179894,0.3019121874334463,0.3183421095560615,0.0,0.4772225845312863,0
HSR Layout,0.4704747418149679,0.4331679894179894,0.40719684987203986,0.7034944718520316,0.0,0.4815800972128483,0
HSR Layout,0.6051796784787979,0.4331679894179894,0.31057776402794285,0.6486714890185908,0.0,0.5011795604513533,0
HSR Layout,0.397290594853538,0.4331679894179894,0.5578189442091386,0.5249786307493212,0.0,0.45931268847836104,0
HSR Layout,0.434838349729854,0.4331679894179894,0.6210691711982441,0.3626869854794521,0.0,0.4607607012924123,0
HSR Layout,0.5318599447227963,0.4331679894179894,0.39570456934241677,0.2698231770234432,0.0,0.43571576790037536,0
HSR Layout,0.43967310133589266,0.4331679894179894,0.4256216366265164,0.3204751807735265,0.0,0.4170315867342915,0
HSR Layout,0.4637533664644741,0.4331679894179894,0.39152087642374456,0.32881861741465956,0.0,0.41989104298491053,0
HSR Layout,0.5716168244605808,0.4331679894179894,0.17342846092386097,0.6911991111424904,0.0,0.46838184424274587,0
HSR Layout,0.281134577125893,0.4331679894179894,0.599234698303285,0.5260192022729875,0.0,0.4270973188210645,0
HSR Layout,0.6397615806640777,0.4331679894179894,0.398149983662231,0.25510110551345205,0.0,0.47176211261728795,0
HSR Layout,0.8404730268917608,0.4331679894179894,0.25601778564795363,0.7939726764227454,0.0,0.5944154148305156,1
HSR Layout,0.7430800304467273,0.4331679894179894,0.4353318528647648,0.47687158314989747,0.0,0.548625515527189,0
HSR Layout,0.7723525971909116,0.4331679894179894,0.6481067495492593,0.3103088689802115,0.0,0.5764414860990994,1
HSR Layout,0.6040707767123509,0.4331679894179894,0.3741488356110118,0.5309420328931831,0.0,0.49584624073089945,0
HSR Layout,0.5804450188083792,0.4331679894179894,0.6869900760894672,0.6027639068475655,0.0,0.5609187546533577,1
HSR Layout,0.7652681736884266,0.4331679894179894,0.21671575995913467,0.5544470036591117,0.0,0.5243044601570398,0
HSR Layout,1.0,0.4331679894179894,0.6416178006099665,0.3654518697204289,0.0,0.6630917374054544,1
HSR Layout,0.7694156403645573,0.4331679894179894,0.26041216817773,0.13176941075859777,0.0,0.47109371620232743,0
Rajajinagar,0.3953472098706229,0.43059343434343433,0.40339391934738206,0.45366159789167426,0.0,0.41627757731097587,0
Rajajinagar,0.30034710199199377,0.43059343434343433,0.39785353714047544,0.45112614895340897,0.0,0.3815391457713346,0
Rajajinagar,0.7814578928013745,0.43059343434343433,0.601655573892438,0.1748950539687348,0.0,0.5492536656573092,0
Rajajinagar,0.35484357667825334,0.43059343434343433,0.34356357892263334,0.4552205917395885,0.0,0.3903690866858839,0
Rajajinagar,0.521853043174581,0.43059343434343433,0.3288432581666636,0.5641617498373793,0.0,0.4622195095230733,0
Rajajinagar,0.6067189524450358,0.43059343434343433,0.3755826056750632,0.5603325458390895,0.0,0.5006960666696689,0
Rajajinagar,0.33565930393696525,0.43059343434343433,0.3788913887229632,0.25342576376245274,0.0,0.36045092898992864,0
Rajajinagar,0.4142486018420817,0.43059343434343433,0.28854771897570813,0.3060771894373905,0.0,0.37778616315850905,0
Rajajinagar,0.5855714321448398,0.43059343434343433,0.16035205479534273,0.30066422500226275,0.0,0.41129807626313214,0
Rajajinagar,0.5797761406860538,0.43059343434343433,0.4078541133283644,0.5563832754145961,0.0,0.49712799352101145,0
Rajajinagar,0.35777642453393,0.43059343434343433,0.5886927638583844,0.2982820124137142,0.0,0.4168806335236398,0
Rajajinagar,0.5574118658872109,0.43059343434343433,0.2447387139491174,0.6849348439294684,0.0,0.4759601527427979,0
Rajajinagar,0.3458263180129598,0.43059343434343433,0.20165664867832306,0.19335305437530925,0.0,0.3195515294995272,0
Rajajinagar,0.46801497317359614,0.43059343434343433,0.5369282309403542,0.44414275849653984,0.0,0.4669903308763408,0
Rajajinagar,0.5143231130905284,0.43059343434343433,0.30966349337659704,0.5697424133766373,0.0,0.4565851805665302,0
Rajajinagar,0.8086682395753034,0.43059343434343433,0.37347219470942356,0.18217981927558535,0.0,0.5142333259876091,0
Rajajinagar,0.42326474707664674,0.43059343434343433,0.26021255354341055,0.5223941441669632,0.0,0.4077223241135832,0
Rajajinagar,0.5931654479455032,0.43059343434343433,0.1802664625973296,0.28570966318598384,0.0,0.41569567908131994,0
Rajajinagar,0.4821796250644698,0.43059343434343433,0.4265897895685733,0.5407210917145001,0.0,0.4643670207464844,0
Rajajinagar,0.48718990819249136,0.43059343434343433,0.43847401509680833,0.27623308659320983,0.0,0.4288242641787454,0
Rajajinagar,0.3626435485137245,0.43059343434343433,0.4394273332730057,0.6206314459483749,0.0,0.4370834558296912,0
Rajajinagar,0.3864544524324267,0.43059343434343433,0.40943937940607983,0.5084181930007364,0.0,0.42258769348570613,0
Rajajinagar,0.29231062461501384,0.43059343434343433,0.39062462616290305,0.3865543962408482,0.0,0.36759483358699296,0
Rajajinagar,0.39851326841047374,0.43059343434343433,0.2550215000824334,0.792544221843145,0.0,0.4385436075396545,0
Rajajinagar,0.44203320037298593,0.43059343434343433,0.42986892757907236,0.32226127111700464,0.0,0.4182026266169406,0
Rajajinagar,0.8376529708385174,0.43059343434343433,0.4456641690491617,0.7539745883073486,0.0,0.6245855921524461,1
Rajajinagar,0.21596084017479372,0.43059343434343433,0.4841319638973152,0.20666822860857995,0.0,0.33259095143495815,0
Rajajinagar,0.3155980970833782,0.43059343434343433,0.1919335799634234,0.662422595501969,0.0,0.3773874696001927,0
Rajajinagar,0.4900462388663262,0.43059343434343433,0.47875548917491695,0.28166354435108387,0.0,0.4386948433938905,0
Rajajinagar,0.6250783276667784,0.43059343434343433,0.2268744326519653,0.6128642662831655,0.0,0.48525997145927063,0
Rajajinagar,0.8899665677117081,0.43059343434343433,0.13053852504472702,0.3447937922944603,0.0,0.5184931028552425,0
Rajajinagar,0.6244923312677272,0.43059343434343433,0.662114302499214,0.24766214275166817,0.0,0.5173225281593278,0
Rajajinagar,0.6335255591863258,0.43059343434343433,0.24357171942758224,0.31731622388058467,0.0,0.4472237534858484,0
Rajajinagar,0.5635574860411183,0.43059343434343433,0.17226932496734748,0.6418673949963659,0.0,0.4571571246603461,0
Rajajinagar,0.489182220160653,0.43059343434343433,0.4134472143648711,0.4196433128321354,0.0,0.44602774715705334,0
Rajajinagar,0.5340082628951479,0.43059343434343433,0.4391988970062677,0.5642133049509052,0.0,0.48855269746022134,0
Rajajinagar,0.5126321671268539,0.43059343434343433,0.352317455327233,0.6972171482288728,0.0,0.48364535209720666,0
Rajajinagar,0.807157264867377,0.43059343434343433,0.34491417249856726,0.322668999075314,0.0,0.5290662573676228,0
Rajajinagar,0.45205268850544783,0.43059343434343433,0.24647370229137958,0.6815341496685112,0.0,0.43892133418848966,0
Rajajinagar,0.4477572315046902,0.43059343434343433,0.41778803110091123,0.6678051734255763,0.0,0.46962144356369057,0
Rajajinagar,0.644752948918039,0.43059343434343433,0.403752610322476,0.4095816321514373,0.0,0.49702932931155475,0
Rajajinagar,0.31203669909373827,0.43059343434343433,0.36673085711965825,0.4366367672067296,0.0,0.3772325614907797,0
Rajajinagar,0.4807424261391115,0.43059343434343433,0.25904329988963404,0.5290830587716779,0.0,0.4286089982453978,0
Rajajinagar,0.7210025133545326,0.43059343434343433,0.5758108478144196,0.6461223589057329,0.0,0.5936094333758605,1
Rajajinagar,0.5527310516684942,0.43059343434343433,0.3307904686892053,0.24082555569821829,0.0,0.4249158254795771,0
Rajajinagar,0.7105676751142146,0.43059343434343433,0.15247928312400644,0.5940361213192314,0.0,0.4974779914156914,0
Rajajinagar,0.46428298109190613,0.43059343434343433,0.6090377891187433,0.3065603963145703,0.0,0.45946869095613163,0
Rajajinagar,0.5958747532285709,0.43059343434343433,0.46110650764561434,0.6655630049202913,0.0,0.5297899462001966,0
Rajajinagar,0.38731538188302805,0.43059343434343433,0.24255202398206152,0.310827625333864,0.0,0.35987296255858203,0
Rajajinagar,0.5810013625641881,0.43059343434343433,0.32998358157930274,0.18908520121664235,0.0,0.426888003698853,0
Banashankari,0.4525605561402126,0.4252665343915344,0.5766041762907144,0.20694617146187522,0.0,0.43233891594395885,0
Banashankari,0.36733224396467623,0.4252665343915344,0.24261227624035347,0.21428075699513632,0.0,0.3368108145024381,0
Banashankari,0.5470811962125878,0.4252665343915344,0.8391974268207864,0.2512071704454922,0.0,0.5245789399228471,0
Banashankari,0.649308537835855,0.4252665343915344,0.5155555419982345,0.2831611311366941,0.0,0.5004232266301605,0
Banashankari,0.5099204250570855,0.4252665343915344,0.3596986612118399,0.5384483547357226,0.0,0.45875909454016656,0
Banashankari,0.750513121824576,0.4252665343915344,0.31374582776958576,0.2896496704136279,0.0,0.4964561690720232,0
Banashankari,0.47463516728700506,0.4252665343915344,0.3965376332595112,0.3089570479412676,0.0,0.41935335271100443,0
Banashankari,0.5075824894256669,0.4252665343915344,0.4181402584814288,0.15826885732961166,0.0,0.41260221191217117,0
Banashankari,0.8107378070582989,0.4252665343915344,0.3112196259755281,0.40515371627515867,0.0,0.5343551754242443,0
Banashankari,0.699825191852852,0.4252665343915344,0.8524114068740679,0.2935740655412098,0.0,0.5870371686719535,1
Banashankari,0.4929765856343296,0.4252665343915344,0.3519424877225848,0.3095612520316529,0.0,0.4169444506387406,0
Banashankari,0.6557664188443124,0.4252665343915344,0.44384414150084384,0.8963596408973624,0.0,0.5803209813477428,1
Banashankari,0.6345926943482544,0.4252665343915344,0.2615003721025221,0.15746777856512767,0.0,0.4256076445446229,0
Banashankari,0.5057216297457303,0.4252665343915344,0.11941853498114315,0.2950050213049648,0.0,0.37271699092043925,0
Banashankari,0.9518448766223657,0.4252665343915344,0.4646534828434058,0.5347597567206095,0.0,0.6338703272120608,1
Banashankari,0.4607081950981926,0.4252665343915344,0.3840889647185246,0.7861917294640701,0.0,0.48357438096514316,0
Banashankari,0.5430280451499666,0.4252665343915344,0.6089920021049724,0.5644940828983985,0.0,0.5241122889757028,0
Banashankari,0.4384601404643087,0.4252665343915344,0.6388700399967913,0.2111730156856681,0.0,0.4404909698321768,0
Banashankari,0.2716310255492867,0.4252665343915344,0.7328917695060441,0.6047917716724168,0.0,0.459947938911782,0
Banashankari,0.32791329903210187,0.4252665343915344,0.3820000970819363,0.4833817159684828,0.0,0.3912568917903556,0
Banashankari,0.8095166670896492,0.4252665343915344,0.2622495776914436,0.19205494745370638,0.0,0.4921689514551822,0
Banashankari,0.5359769517643486,0.4252665343915344,0.13480584238226775,0.3304117418215169,0.0,0.3916948231846634,0
Banashankari,0.7600130332769182,0.4252665343915344,0.23597788826071575,0.41667093867976185,0.0,0.5032807404184891,0
Banashankari,0.619631713194829,0.4252665343915344,0.389530530115032,0.7709391535744597,0.0,0.5379980389948258,0
Banashankari,0.23056067305851408,0.4252665343915344,0.433425228218294,0.3698978028572563,0.0,0.3504459119601875,0
Banashankari,0.48311739712346224,0.4252665343915344,0.3023838197430595,0.22977805296709342,0.0,0.391614521204348,0
Banashankari,0.6044757601115619,0.4252665343915344,0.30133762882835147,0.3886776653390295,0.0,0.45771565192303165,0
Banashankari,0.5070551959496377,0.4252665343915344,0.22546817442631273,0.3088523011714079,0.0,0.3964707589608072,0
Banashankari,0.8804036539381184,0.4252665343915344,0.297916940936679,0.40231913333308345,0.0,0.5556524973831001,1
Banashankari,0.6759828242309615,0.4252665343915344,0.44394071055248996,0.18712077293445428,0.0,0.4810302068489629,0
Banashankari,0.664658781502554,0.4252665343915344,0.21213214075479564,0.21268655553904486,0.0,0.43453994532517004,0
Banashankari,0.2705409993166825,0.4252665343915344,0.5751038790873415,0.40575810582053234,0.0,0.39815380176884735,0
Banashankari,0.10445445641306239,0.4252665343915344,0.32660280593387603,0.14459716300766332,0.0,0.2511491556999568,0
Banashankari,0.33475851940912105,0.4252665343915344,0.6630228370798261,0.6389309048676824,0.0,0.47318964525677026,0
Banashankari,0.5369686131018011,0.4252665343915344,0.6427389030865487,0.8792342912250714,0.0,0.5759518992041611,1
Banashankari,0.519551275625939,0.4252665343915344,0.3272693575326805,0.27605202011129465,0.0,0.4162845813097692,0
Banashankari,0.824542165673384,0.4252665343915344,0.46181960742928274,0.6907183758770554,0.0,0.6121413961705595,1
Banashankari,0.31857929498268034,0.4252665343915344,0.36355032660250863,0.7233470357534048,0.0,0.4202948342449109,0
Banashankari,0.26656472968223643,0.4252665343915344,0.15029999483868273,0.6282163992741723,0.0,0.3451700745651054,0
Banashankari,0.6818439129573493,0.4252665343915344,0.164262887339315,0.31962696296921966,0.0,0.4470219517657785,0
Banashankari,0.3443229535566657,0.4252665343915344,0.3735204978058947,0.21916550986719413,0.0,0.35567192010355136,0
Banashankari,0.48833548978132224,0.4252665343915344,0.3999853836111934,0.25868811468116326,0.0,0.41729767566533627,0
Banashankari,0.7846124164516379,0.4252665343915344,0.8997086985955305,0.7000118432206195,0.0,0.6871378222777326,1
Banashankari,0.14034210922918428,0.4252665343915344,0.2457325432613941,0.45151214428647557,0.0,0.29357302884292497,0
Banashankari,0.24054775112586413,0.4252665343915344,0.1442281362149288,0.3719264148580736,0.0,0.2964062626832095,0
Banashankari,0.8807701831177303,0.4252665343915344,0.5569356355662655,0.34766321256836596,0.0,0.5993861334071738,1
Banashankari,0.3310270705019559,0.4252665343915344,0.21748680224537376,0.12355104154335275,0.0,0.3054694516737225,0
Banashankari,0.1536445726325235,0.4252665343915344,0.30168505424482606,0.14529063352087723,0.0,0.2634861666159403,0
Banashankari,0.052357354565033265,0.4252665343915344,0.30380700829715945,0.12763462903170636,0.0,0.2258116304294098,0
Banashankari,0.5599593256738364,0.4252665343915344,0.2935819237787552,0.8468281402022839,0.0,0.5093063300893966,0
Vijayanagar,0.23354468633273323,0.4149960598896769,0.6435899452056091,0.6823727200151063,0.0,0.43731335522674747,0
Vijayanagar,0.4237734199552955,0.4149960598896769,0.2723945330560695,0.6211090277058238,0.0,0.4204647757183439,0
Vijayanagar,0.406611584562164,0.4149960598896769,0.42218943838774775,0.5278263980653664,0.0,0.430424719951015,0
Vijayanagar,0.27809375340589576,0.4149960598896769,0.6417899759196344,0.6626173901431358,0.0,0.4495822353643638,0
Vijayanagar,0.5032023461051262,0.4149960598896769,0.453553394182263,0.26917595439287045,0.0,0.4317067110990804,0
Vijayanagar,0.6181121213915154,0.4149960598896769,0.3629051868747494,0.36538531434802723,0.0,0.4682268949810874,0
Vijayanagar,0.7259125130921941,0.4149960598896769,0.22433342656345578,0.1361152599704095,0.0,0.44385217185742354,0
Vijayanagar,0.6253093382322576,0.4149960598896769,0.5792872417059107,0.3839605504388728,0.0,0.5168086172552063,0
Vijayanagar,0.4879673656704438,0.4149960598896769,0.3593267605752701,0.5291024675289462,0.0,0.4465181181959543,0
Vijayanagar,0.31948853661281473,0.4149960598896769,0.622989655177101,0.15154012888962365,0.0,0.383648756150252,0
Vijayanagar,0.5281951719544092,0.4149960598896769,0.6785850700988885,0.2288733096488952,0.0,0.4794151386180583,0
Vijayanagar,0.5682751220797939,0.4149960598896769,0.28854524852328794,0.4515458948909763,0.0,0.44883604463313503,0
Vijayanagar,0.0,0.4149960598896769,0.32418222100101723,0.4050645143115532,0.0,0.25009493931383947,0
Vijayanagar,0.4364841598381073,0.4149960598896769,0.2912025491513848,0.22342577929074522,0.0,0.36902265063412937,0
Vijayanagar,0.5046962395551176,0.4149960598896769,0.4059971823492183,0.753798397653064,0.0,0.4954116979289974,0
Vijayanagar,0.7317211516224864,0.4149960598896769,0.5717283818245833,0.45893499051355535,0.0,0.5637871459767233,1
Vijayanagar,0.612832119385948,0.4149960598896769,0.42754854181999025,0.3708747051033007,0.0,0.48013097388147796,0
Vijayanagar,0.7587543859648525,0.4149960598896769,0.28988931627222886,0.2594937206217066,0.0,0.4869647744023032,0
Vijayanagar,0.5116819107560652,0.4149960598896769,0.24477014818695056,0.42832173655134,0.0,0.41678977685161694,0
Vijayanagar,0.23655639574541737,0.4149960598896769,0.21737538012268326,0.30967474033473985,0.0,0.29721984355254677,0
Vijayanagar,0.694501131403043,0.4149960598896769,0.4113204740505009,0.21038743272143476,0.0,0.48139642367628344,0
Vijayanagar,0.9264738940081757,0.4149960598896769,0.28530394540541265,0.70819762695487,0.0,0.6120551139940776,1
Vijayanagar,0.7430623149300299,0.4149960598896769,0.2951955372330046,0.2980393346973879,0.0,0.4883156358436226,0
Vijayanagar,0.5637172126867795,0.4149960598896769,0.2965297556395635,0.3198385021354293,0.0,0.42908156885550297,0
Vijayanagar,0.38963212050793317,0.4149960598896769,0.1965181720872901,0.635755926771178,0.0,0.3955370835778144,0
Vijayanagar,0.6835688885773087,0.4149960598896769,0.4582549204228841,0.4086976190569096,0.0,0.5167035559120744,0
Vijayanagar,0.44907706014075865,0.4149960598896769,0.250191130639355,0.5136736855219344,0.0,0.40876506797232975,0
Vijayanagar,0.370219296909855,0.4149960598896769,0.17527362511367484,0.27640183449504885,0.0,0.33059057208234466,0
Vijayanagar,0.28270208521661283,0.4149960598896769,0.9244091346745382,0.22613041225664796,0.0,0.44224593656612243,0
Vijayanagar,0.3851142411549344,0.4149960598896769,0.3381373135101378,0.25714372963773413,0.0,0.3654878245188178,0
Vijayanagar,0.29375509322949456,0.4149960598896769,0.3285367974893363,0.3149412720376732,0.0,0.3402616509007444,0
Vijayanagar,0.4132508312570103,0.4149960598896769,0.6021765201755858,0.3456184851184986,0.0,0.44141468570974857,0
Vijayanagar,0.6401884382369961,0.4149960598896769,0.31919459343553325,0.30538488372306816,0.0,0.4582114225954186,0
Vijayanagar,0.4624814599664107,0.4149960598896769,0.23780316504037646,0.33719685698824775,0.0,0.38450749051145927,0
Vijayanagar,0.4339059365341403,0.4149960598896769,0.3883583521813665,0.1255161345049504,0.0,0.37286498636586807,0
Vijayanagar,0.663916022993839,0.4149960598896769,0.40588936956919136,0.30705277393953545,0.0,0.4841052160195153,0
Vijayanagar,0.18827636878007453,0.4149960598896769,0.41889089737221225,0.23791514841837727,0.0,0.3098609987771282,0
Vijayanagar,0.45204517946838907,0.4149960598896769,0.34331303399350976,0.26347028965837144,0.0,0.3908977810282969,0
Vijayanagar,0.5630031044988022,0.4149960598896769,0.2453776943086735,0.505904245259354,0.0,0.4465110801921216,0
Vijayanagar,1.0,0.4149960598896769,0.42632335940924165,0.46003551301924805,0.0,0.6287688168016385,1
Vijayanagar,0.5026418033728586,0.4149960598896769,0.26903610456131355,0.17803746517400004,0.0,0.38093628983576633,0
Vijayanagar,0.32116071256927947,0.4149960598896769,0.47052651053766326,0.5090455119250702,0.0,0.40736719626244405,0
Vijayanagar,0.6061488119490795,0.4149960598896769,0.21093109381273772,0.5349459772303815,0.0,0.4590790174961857,0
Vijayanagar,0.3635218078820233,0.4149960598896769,0.19316596766342123,0.4616875497893569,0.0,0.359617776726699,0
Vijayanagar,0.21151855656259405,0.4149960598896769,0.24033984327926614,0.28064179753309504,0.0,0.2886945510496285,0
Vijayanagar,0.9039417757633073,0.4149960598896769,0.24211676146235125,0.5099323964302435,0.0,0.5657916512410673,1
Vijayanagar,0.4780993278105594,0.4149960598896769,0.45480747300859664,0.4002725578187686,0.0,0.4428359609751335,0
Vijayanagar,0.37935111331638227,0.4149960598896769,0.30097439499597833,0.30510412057965264,0.0,0.3632322047137804,0
Vijayanagar,0.5754259382002265,0.4149960598896769,0.47521878704900244,0.5092351204441707,0.0,0.4973269218134084,0
Vijayanagar,0.3772932080018271,0.4149960598896769,0.28200880464990324,0.6610013188077309,0.0,0.41210339951868286,0
F.Town,0.4727309483181749,0.41226851851851853,0.5794027134467085,0.45810461588695295,0.0,0.47373262253930143,0
F.Town,0.28241401768651614,0.41226851851851853,0.22591529867737137,0.5111089287724788,0.0,0.34437486079718227,0
F.Town,0.30091484354845055,0.41226851851851853,0.2592775282001628,0.2848605734169905,0.0,0.3235853424500944,0
F.Town,0.6309314885721367,0.41226851851851853,0.21771984728683708,0.7888590914131962,0.0,0.5063794097251502,0
F.Town,0.23219444090731434,0.41226851851851853,0.603225912799325,0.17634616986652116,0.0,0.35204571791295874,0
F.Town,0.7035362180863034,0.41226851851851853,0.32684095012751047,0.2961822896926756,0.0,0.4797137653651652,0
F.Town,0.4535272110355366,0.41226851851851853,0.42174389526457556,0.2793508276947401,0.0,0.4086664826251195,0
F.Town,0.7063295823103499,0.41226851851851853,0.33777869020414747,0.5769399616923409,0.0,0.5249926416588586,0
F.Town,0.495906653460382,0.41226851851851853,0.35024231064210043,0.8259448754483686,0.0,0.4911880777123646,0
F.Town,0.5356393108134745,0.41226851851851853,0.2233806942468749,0.18246261429582522,0.0,0.3831998453340204,0
F.Town,0.7412744392643514,0.41226851851851853,0.7837695372986425,0.32389867183760584,0.0,0.588465317533448,1
F.Town,0.5577028147606116,0.41226851851851853,0.3386862001757013,0.51164038065577,0.0,0.46335983785527535,0
F.Town,0.49099955414167396,0.41226851851851853,0.5349250713025153,0.47308376794319223,0.0,0.4734779789571233,0
F.Town,0.4692651536617514,0.41226851851851853,0.703270768126228,0.17221637938862805,0.0,0.4544099698707084,0
F.Town,0.5248209196414533,0.41226851851851853,0.44314942754347975,0.5273880902933781,0.0,0.47510597648276687,0
F.Town,0.8225415447442327,0.41226851851851853,0.4861102357889253,0.4899213145464239,0.0,0.5822803405557857,1
F.Town,0.6671423056717769,0.41226851851851853,0.38749301310509665,0.16342185057140673,0.0,0.45919224274740783,0
F.Town,0.7661530974438804,0.41226851851851853,0.624882815062626,0.42155614751423276,0.0,0.5800441248005738,1
F.Town,0.6204328793263576,0.41226851851851853,0.7323633937396358,0.4989765676883869,0.0,0.5621512272209659,1
F.Town,0.565929312569907,0.41226851851851853,0.366942240513233,0.2677754952024076,0.0,0.43531058733803074,0
F.Town,0.4706693323168758,0.41226851851851853,0.23948901610394266,0.14408352591858473,0.0,0.35792515397503827,0
F.Town,0.6340684634213806,0.41226851851851853,0.5270479224451489,0.7807934247481702,0.0,0.568133115954294,1
F.Town,0.47480917192178107,0.41226851851851853,0.5392054381782202,0.286434108605547,0.0,0.440669969654655,0
F.Town,0.7070977123617651,0.41226851851851853,0.6061061021593017,0.2819759074237044,0.0,0.5346823614275893,0
F.Town,0.6119330175309747,0.41226851851851853,0.35499997622294077,0.27954166477725684,0.0,0.4507883566525734,0
F.Town,0.22826623247213196,0.41226851851851853,0.44681925646371623,0.4191478788174974,0.0,0.3558097700361696,0
F.Town,0.4296377003551066,0.41226851851851853,0.34370478485971795,0.4973165756588043,0.0,0.4173921940006071,0
F.Town,0.5296778408976768,0.41226851851851853,0.41377950296586363,0.4963568424079284,0.0,0.4662772268241044,0
F.Town,0.31319131834174696,0.41226851851851853,0.2754955654528399,0.37407929146540403,0.0,0.3445085237855456,0
F.Town,0.3875955913487049,0.41226851851851853,0.14919280263840962,0.540351436281615,0.0,0.3702302884975264,0
F.Town,0.38470214631673416,0.41226851851851853,0.3755290828988147,0.20437973978011742,0.0,0.36408908431319303,0
F.Town,0.7099472916169911,0.41226851851851853,0.3500653771213146,0.16318983796223047,0.0,0.46665365874009995,0
F.Town,0.4885526011221759,0.41226851851851853,0.5233946508063282,0.46237964298470363,0.0,0.4687098425572883,0
F.Town,0.6277990091588128,0.41226851851851853,0.5459976394344058,0.5852536805002052,0.0,0.540397788723052,0
F.Town,0.6098595445644289,0.41226851851851853,0.13151837506034772,0.4521824492227228,0.0,0.4312624385485836,0
F.Town,0.647569505516517,0.41226851851851853,0.17053246542345515,0.2745850648442358,0.0,0.4256241352976629,0
F.Town,0.5774395534662539,0.41226851851851853,0.3461118992517639,0.783280841627337,0.0,0.5124989053631978,0
F.Town,0.49993953445059097,0.41226851851851853,0.39852170492379635,0.3529098159768972,0.0,0.43130020599455626,0
F.Town,0.6960719378005916,0.41226851851851853,0.4601011284255554,0.654820342257755,0.0,0.5575490108095369,1
F.Town,0.5567002050374487,0.41226851851851853,0.3939668614307429,0.3991565738814132,0.0,0.45719248568702314,0
F.Town,0.38339103845048783,0.41226851851851853,0.3914932685007668,0.26241591621978444,0.0,0.37552846014634733,0
F.Town,0.5010833053232248,0.41226851851851853,0.35945988205409796,0.4352604799848088,0.0,0.4362407608272251,0
F.Town,0.22577446480566382,0.41226851851851853,0.3788357888046381,0.36559510182086585,0.0,0.3333080412715954,0
F.Town,0.47872723310892357,0.41226851851851853,0.2544589466041597,0.19861065664663008,0.0,0.37191847496150526,0
F.Town,0.56272913503556,0.41226851851851853,0.13984120189288227,0.2964290807579676,0.0,0.3930683553102731,0
F.Town,0.3189233540466474,0.41226851851851853,0.22111256419634961,0.6792019412337647,0.0,0.3814065334962168,0
F.Town,0.3739879076167886,0.41226851851851853,0.5657085604356702,0.5793150942060108,0.0,0.45461529943946716,0
F.Town,0.7938015867343782,0.41226851851851853,0.2244011307792117,0.2479044095981901,0.0,0.4835769985081588,0
F.Town,0.5127968450350727,0.41226851851851853,0.4139179229986706,0.3960233933263165,0.0,0.4453465449165126,0
F.Town,1.0,0.41226851851851853,0.15246102250383647,0.4377522129362373,0.0,0.5698355919967584,1
RT Nagar,0.6058798793235173,0.3912998575498575,0.6395311070898169,0.19135129272634188,0.0,0.48605683035510294,0
RT Nagar,0.3568649737111875,0.3912998575498575,0.37668431295227345,0.5786455817542867,0.0,0.4044263979174706,0
RT Nagar,0.6421426304205738,0.3912998575498575,0.30445760690824275,0.4060122965856112,0.0,0.46393324378164835,0
RT Nagar,0.628496945044744,0.3912998575498575,0.3261895293634771,0.41971746064500204,0.0,0.46555941300006337,0
RT Nagar,0.44485171512942767,0.3912998575498575,0.27906776546832623,0.08580999362078165,0.0,0.34177310969703945,0
RT Nagar,0.3852662503580648,0.3912998575498575,0.15951052591920106,0.5969461274108641,0.0,0.3736771691857498,0
RT Nagar,0.47994577607278627,0.3912998575498575,0.23509482410093252,0.3791068495237143,0.0,0.3892559711391761,0
RT Nagar,0.5027344324755301,0.3912998575498575,0.35206797948710644,0.5868767379916071,0.0,0.45179211522755514,0
RT Nagar,0.690659678618759,0.3912998575498575,0.4105681881522324,0.5317629090317993,0.0,0.5209989187667393,0
RT Nagar,0.4132076678297431,0.3912998575498575,0.5927182914264957,0.28091466953491245,0.0,0.42269349972090337,0
RT Nagar,0.47473126666767695,0.3912998575498575,0.35514810990334345,0.12896881533897506,0.0,0.3739208448801591,0
RT Nagar,0.5981559279056663,0.3912998575498575,0.5590974853182947,0.5648004212066523,0.0,0.5232840922765972,0
RT Nagar,0.6013175748051334,0.3912998575498575,0.2707670831402985,0.4267329142294475,0.0,0.44601446220923074,0
RT Nagar,0.5837932880413107,0.3912998575498575,0.29005110112166416,0.1952757412878775,0.0,0.4090191894969304,0
RT Nagar,0.5429438884735096,0.3912998575498575,0.495840347044589,0.24862398536606511,0.0,0.4438819854445132,0
RT Nagar,0.39018439181147113,0.3912998575498575,0.46093985434408913,0.38673755952195443,0.0,0.40415309919608317,0
RT Nagar,0.3015280129899164,0.3912998575498575,0.2292847077686045,0.1540584310729703,0.0,0.2918904680260944,0
RT Nagar,0.6501161821201868,0.3912998575498575,0.24571039316151724,0.47004262206181835,0.0,0.4645790929485989,0
RT Nagar,0.3240636691619757,0.3912998575498575,0.5742934322518697,0.341115028095676,0.0,0.3968381821363741,0
RT Nagar,0.20963221709678548,0.3912998575498575,0.7948984904531966,0.18778232926276123,0.0,0.37790828072888566,0
RT Nagar,0.6659533232650746,0.3912998575498575,0.40804045754137497,0.41661955421048874,0.0,0.49457464504758164,0
RT Nagar,0.21656843954159483,0.3912998575498575,0.3902503972137995,0.18628179347636317,0.0,0.2991812595687298,0
RT Nagar,0.49902779500068534,0.3912998575498575,0.3120680499950752,0.2757164154482418,0.0,0.39582075783144843,0
RT Nagar,0.46007800311132196,0.3912998575498575,0.3970466644306345,0.21191145694029634,0.0,0.3896133097810913,0
RT Nagar,0.6214492094879913,0.3912998575498575,0.4726477335736048,0.4715073840940696,0.0,0.5001528349145856,0
RT Nagar,0.5707464565495293,0.3912998575498575,0.4829013576772945,0.4322036590990343,0.0,0.4785620374576065,0
RT Nagar,0.5588790820564732,0.3912998575498575,0.340472709382939,0.40065422824149083,0.0,0.4411903120975343,0
RT Nagar,0.577042741380309,0.3912998575498575,0.4365503408117166,0.30377775152630765,0.0,0.45223164763935486,0
RT Nagar,0.43675773154165587,0.3912998575498575,0.24129372483867625,0.3402006399042948,0.0,0.3695440042579163,0
RT Nagar,0.38690993352245817,0.3912998575498575,0.5494616301446662,0.52660280547375,0.0,0.44169118084781334,0
RT Nagar,0.7186981857641186,0.3912998575498575,0.46411733869580307,0.20870268690935395,0.0,0.4930631930579625,0
RT Nagar,1.0,0.3912998575498575,0.5356869467889451,0.5579484972237196,0.0,0.6582196212063043,1
RT Nagar,0.3649345773170787,0.3912998575498575,0.23818900719027647,0.693582395520021,0.0,0.3967922200919932,0
RT Nagar,0.5005713589436607,0.3912998575498575,0.5266164363552223,0.514278891600366,0.0,0.47505505390633784,0
RT Nagar,0.1953871367384018,0.3912998575498575,0.28169155804216806,0.2684250802102292,0.0,0.28237752876336586,0
RT Nagar,0.5309255070079694,0.3912998575498575,0.18653769851482216,0.3071204732644319,0.0,0.38658949541037574,0
RT Nagar,0.3794764680823824,0.3912998575498575,0.3442437762578896,0.3266236928924729,0.0,0.36804903027923996,0
RT Nagar,0.7363174327796604,0.3912998575498575,0.11998421057995827,0.5492640779917003,0.0,0.4814875125525851,0
RT Nagar,0.7078801928144659,0.3912998575498575,0.46660104711905015,0.7271829471213108,0.0,0.5675456762420269,1
RT Nagar,0.5160284925193158,0.3912998575498575,0.19032058607137775,0.39302044454263496,0.0,0.39501711354238855,0
RT Nagar,0.4481661987248611,0.3912998575498575,0.3052745469444388,1.0,0.0,0.48530303620754633,0
RT Nagar,0.4645299943726105,0.3912998575498575,0.26712077137310297,0.36430442533899443,0.0,0.3880452733708407,0
RT Nagar,0.45582063931976957,0.3912998575498575,0.3565525820769212,0.4680514757214898,0.0,0.4184454188004843,0
RT Nagar,0.3809561438910537,0.3912998575498575,0.24524529322856936,0.23539330286166898,0.0,0.33508266170179024,0
RT Nagar,0.44873311560689094,0.3912998575498575,0.18776696421313605,0.47485525936290973,0.0,0.38322822947443275,0
RT Nagar,0.7514903764412476,0.3912998575498575,0.33796179032616136,0.24291927348409248,0.0,0.48444183810724006,0
RT Nagar,0.31270004184085276,0.3912998575498575,0.6509004692383413,0.5610680045433789,0.0,0.4411752664384308,0
RT Nagar,0.5512598404341341,0.3912998575498575,0.25306892248302915,0.21498466146738304,0.0,0.3931923851336175,0
RT Nagar,0.2735467385695879,0.3912998575498575,0.4332819663017641,0.765205284437427,0.0,0.4145685016902798,0
RT Nagar,0.21623967755485235,0.3912998575498575,0.30022534285327895,0.42475829535821286,0.0,0.3168326572835433,0
Mico layout,0.8167777935731741,0.3881474867724868,0.33723245352232145,0.2616901335711473,0.0,0.5090164845224934,0
Mico layout,0.5967209822173829,0.3881474867724868,0.2981505069599155,0.6335350618467739,0.0,0.47995695047682924,0
Mico layout,0.28028157967113654,0.3881474867724868,0.13009107656977847,0.5398637934302046,0.0,0.3215405832451302,0
Mico layout,0.5538286644054805,0.3881474867724868,0.503114474784184,0.32553871212982566,0.0,0.4597379803499748,0
Mico layout,0.5927966075989848,0.3881474867724868,0.5610197772694502,0.3908904380439504,0.0,0.49476057985187333,0
Mico layout,0.7604094506476239,0.3881474867724868,0.35478766948926643,0.29982935081662393,0.0,0.49851949027876125,0
Mico layout,0.22811445315408907,0.3881474867724868,0.28769953822298955,0.6485197552362425,0.0,0.3511021755657115,0
Mico layout,0.32421168103043796,0.3881474867724868,0.21654590359738335,0.581757902675363,0.0,0.3604912005131804,0
Mico layout,0.4038864385318741,0.3881474867724868,0.17037481245106595,0.20220043125229342,0.0,0.32220952669595915,0
Mico layout,0.2141040036809948,0.3881474867724868,0.18536005285660012,0.616795767661344,0.0,0.32097202304061584,0
Mico layout,0.6968166169891734,0.3881474867724868,0.3344775239953032,0.27086830108024595,0.0,0.46785581193905423,0
Mico layout,0.7110925277877524,0.3881474867724868,0.6229558983367189,0.43069981637173727,0.0,0.5545227828805638,1
Mico layout,0.5769426694809047,0.3881474867724868,0.32137072976063713,0.6388683507962725,0.0,0.4784785789216309,0
Mico layout,0.28653771932504646,0.3881474867724868,0.5040660448891696,0.547801155088225,0.0,0.39971583003657996,0
Mico layout,0.8357901390325075,0.3881474867724868,0.27596454526445946,0.6268982268707073,0.0,0.5581984377766217,1
Mico layout,0.6304175552906799,0.3881474867724868,0.30093732110556237,0.14820105248939208,0.0,0.4195080124780053,0
Mico layout,0.47464874175949123,0.3881474867724868,0.44283232871063094,0.6670117894175775,0.0,0.47118953980233075,0
Mico layout,0.6145224876925615,0.3881474867724868,0.4475874331279106,0.3334315816275981,0.0,0.4710593405938644,0
Mico layout,0.7675678397323824,0.3881474867724868,0.37381617163666875,0.29217764455140255,0.0,0.503682870948124,0
Mico layout,0.7264261483986227,0.3881474867724868,0.554287125448633,0.6369108934387913,0.0,0.5770874570768093,1
Mico layout,0.4015881934602081,0.3881474867724868,0.40833326445981494,0.26690591056871316,0.0,0.37870265322008884,0
Mico layout,0.3372526782129456,0.3881474867724868,0.17345862131471249,0.650857404280464,0.0,0.36680301831128903,0
Mico layout,0.4250456366264095,0.3881474867724868,0.44854940205562593,0.61743665531183,0.0,0.44753559755888905,0
Mico layout,0.4938225327895551,0.3881474867724868,0.544568173245561,0.2630615628421792,0.0,0.4376550015835294,0
Mico layout,0.44274779091257477,0.3881474867724868,0.5716143417454016,0.5617425366038515,0.0,0.4699902216908053,0
Mico layout,0.7616090452644579,0.3881474867724868,0.588967567773724,0.34862538517649694,0.0,0.5530947332055256,1
Mico layout,0.6284317142171769,0.3881474867724868,0.24624687915893465,0.3494166192943105,0.0,0.43805721473369136,0
Mico layout,0.5645577796604951,0.3881474867724868,0.25138685494601776,0.626072644409587,0.0,0.4582277365635609,0
Mico layout,0.21241046861657864,0.3881474867724868,0.5070565232664719,0.14253937833121844,0.0,0.3135801214505257,0
Mico layout,0.4201609494738861,0.3881474867724868,0.2745698266038,0.663853292711291,0.0,0.41799253757505983,0
Mico layout,0.7143879242585855,0.3881474867724868,0.4577727904587102,0.5286467360331093,0.0,0.5373315880189594,0
Mico layout,0.6772630771716028,0.3881474867724868,0.4444691144417006,0.28978175567294545,0.0,0.48584740928108894,0
Mico layout,0.41207425553510035,0.3881474867724868,0.6835888654646851,0.26019705963127526,0.0,0.43641756750665944,0
Mico layout,0.620874200916584,0.3881474867724868,0.6084577690900782,0.4947379076497132,0.0,0.529652456318023,0
Mico layout,0.5287938321497893,0.3881474867724868,0.17550864188823107,0.42765866395022306,0.0,0.4007726152543519,0
Mico layout,0.4797127279737333,0.3881474867724868,0.13085084785079126,0.22736092788207535,0.0,0.34461800957502225,0
Mico layout,0.6541874987352473,0.3881474867724868,0.42519760450350214,0.1534114770292601,0.0,0.453461113044172,0
Mico layout,0.6539524716329541,0.3881474867724868,0.4826214706917033,0.25516219769595383,0.0,0.4801262348960137,0
Mico layout,0.35201020701592556,0.3881474867724868,0.17822333445596036,0.10788423265742786,0.0,0.2914751202771262,0
Mico layout,0.557128963463585,0.3881474867724868,0.2622499650280188,0.36706826660753045,0.0,0.4189496162407341,0
Mico layout,0.5918177262151421,0.3881474867724868,0.438125378920949,0.24687237418484753,0.0,0.44823638211896266,0
Mico layout,0.3223945972340545,0.3881474867724868,0.14526734422567109,0.39218213671754165,0.0,0.31716314441643056,0
Mico layout,0.3091213014741506,0.3881474867724868,0.30713457880862255,0.47228569363074285,0.0,0.3569064713540347,0
Mico layout,0.25485134675892324,0.3881474867724868,0.7094316104996736,0.24041701634457516,0.0,0.38359109194899016,0
Mico layout,0.7206797139769167,0.3881474867724868,0.20374709356251447,0.3882431834038756,0.0,0.46766804214675106,0
Mico layout,0.5875675892387643,0.3881474867724868,0.46348726444722943,0.5081293024791167,0.0,0.4910097505266269,0
Mico layout,0.692438394663319,0.3881474867724868,0.2573615288046572,0.14827964340144423,0.0,0.43251193643505575,0
Mico layout,0.7086848681865856,0.3881474867724868,0.10391314165331939,0.6631061658918149,0.0,0.4847325031114871,0
Mico layout,0.5362247220006545,0.3881474867724868,0.6788591738976869,0.2276403517908865,0.0,0.4740407862801454,0
Mico layout,0.4314541068419626,0.3881474867724868,0.39648462784331956,0.31623224390234056,0.0,0.3941849455804479,0
Jayanagar,0.4233660014274926,0.38569444444444445,0.21640700646579863,0.18592809683596512,0.0,0.33505704965151023,0
Jayanagar,0.5667038638473338,0.38569444444444445,0.573322895009229,0.35421432277520015,0.0,0.4818514130980259,0
Jayanagar,0.3276346917471774,0.38569444444444445,0.488933754746009,0.271270966517126,0.0,0.36885787137161613,0
Jayanagar,0.4410233633033367,0.38569444444444445,0.40430783776883883,0.19866722864597303,0.0,0.3807281623401649,0
Jayanagar,0.7544596335103633,0.38569444444444445,0.5266818719601668,0.18850414560941664,0.0,0.5133812012954063,0
Jayanagar,0.5676028633337806,0.38569444444444445,0.19907845530353332,0.16939683210249595,0.0,0.3795945513762376,0
Jayanagar,0.6532424163267324,0.38569444444444445,0.11297018370936858,0.15735369422510745,0.0,0.39054026992332946,0
Jayanagar,0.4588561558871849,0.38569444444444445,0.2575722512451502,0.25522840109629225,0.0,0.3661066983073219,0
Jayanagar,0.47548980309104394,0.38569444444444445,0.5223812953837182,0.6233858151888902,0.0,0.4801138957702758,0
Jayanagar,0.9228279510481825,0.38569444444444445,0.4211302944017373,0.4155395820784149,0.0,0.5852551123923069,1
Jayanagar,0.37949687900346096,0.38569444444444445,0.44589979651605227,0.7130949712943191,0.0,0.444676445981903,0
Jayanagar,0.5904491349061545,0.38569444444444445,0.4991116387033785,0.4821245073196264,0.0,0.4945065343891071,0
Jayanagar,0.6555597156280599,0.38569444444444445,0.5149717233597667,0.5493356091014293,0.0,0.530548919840322,0
Jayanagar,0.5532116085946058,0.38569444444444445,0.5100902147515382,0.4430267282036575,0.0,0.47780444852230164,0
Jayanagar,0.6120771745963004,0.38569444444444445,0.43004429427833324,0.34401678807989633,0.0,0.46754672150968957,0
Jayanagar,0.5124983659861083,0.38569444444444445,0.1263548871383573,0.666411401917026,0.0,0.4203154491436966,0
Jayanagar,0.5317155935785147,0.38569444444444445,0.36081865873744234,0.23376317590967383,0.0,0.409036999219753,0
Jayanagar,0.6769113998420058,0.38569444444444445,0.38561971422009833,0.21022029361301156,0.0,0.4612843101640068,0
Jayanagar,0.8222213236899739,0.38569444444444445,0.5118775731440789,0.40996053433184554,0.0,0.5673553914034168,1
Jayanagar,0.35002125297670195,0.38569444444444445,0.1600155127355638,0.3670020655104964,0.0,0.3252691842488662,0
Jayanagar,0.24830095960995513,0.38569444444444445,0.38035575878238215,0.6136893083453031,0.0,0.37073821720508954,0
Jayanagar,0.4097817472708547,0.38569444444444445,0.38023549762115383,0.4100284402451315,0.0,0.39668331043913296,0
Jayanagar,0.5988226773327538,0.38569444444444445,0.5781260751111054,0.38167429954986476,0.0,0.4981726303544979,0
Jayanagar,0.7344880625287051,0.38569444444444445,0.6368554857138155,0.37584135084391324,0.0,0.5565264549877301,1
Jayanagar,0.777489112573958,0.38569444444444445,0.5176876435995716,0.7852260734480495,0.0,0.6091509624713405,1
Jayanagar,0.5240061569979472,0.38569444444444445,0.17949738975591784,0.30188556899253205,0.0,0.3802928015826782,0
Jayanagar,0.7233320372032055,0.38569444444444445,0.4614193665454872,0.3804474907819936,0.0,0.5182255432808517,0
Jayanagar,0.6609581515904488,0.38569444444444445,0.2267633097681285,0.884681829127732,0.0,0.5250986227127759,0
Jayanagar,0.4304889664139161,0.38569444444444445,0.18411988527296863,0.2163367012678247,0.0,0.33565395382297136,0
Jayanagar,0.0,0.38569444444444445,0.6640509375528958,0.5228148882564039,0.0,0.32694075408237305,0
Jayanagar,0.5740044006651753,0.38569444444444445,0.6638884188907562,0.3532436184698642,0.0,0.5023741001147756,0
Jayanagar,0.24030764273763294,0.38569444444444445,0.26706385666997173,0.5606770303498957,0.0,0.3373303341779836,0
Jayanagar,0.41141006740776154,0.38569444444444445,0.2983944400994705,0.26269975607198515,0.0,0.35878570835674173,0
Jayanagar,0.5178001500705881,0.38569444444444445,0.29049034026146153,0.5433979899510036,0.0,0.436546152402982,0
Jayanagar,0.3616201161824315,0.38569444444444445,0.5083614192688839,0.48578449838349247,0.0,0.416815332608485,0
Jayanagar,0.3863862670029818,0.38569444444444445,0.1718910470334663,0.5155963525312918,0.0,0.36266118907076395,0
Jayanagar,0.907377319768849,0.38569444444444445,0.43816595687965687,0.7509049948480655,0.0,0.6335593358555718,1
Jayanagar,0.5421197858517647,0.38569444444444445,0.22327219377219482,0.5203144314180335,0.0,0.42815186184859494,0
Jayanagar,0.3069936449450652,0.38569444444444445,0.24047289651828582,0.6910574544424618,0.0,0.3749093065341326,0
Jayanagar,0.47965640362336937,0.38569444444444445,0.18440464841276336,0.5250085685893471,0.0,0.39922028957246736,0
Jayanagar,0.256582682398687,0.38569444444444445,0.22073889105167527,0.4626430918882505,0.0,0.31905651416644637,0
Jayanagar,0.47008133673434344,0.38569444444444445,0.27962092318094767,0.7646738464262346,0.0,0.45086206279047825,0
Jayanagar,0.3163267901066744,0.38569444444444445,0.609795752027576,0.2847346881905607,0.0,0.39109206350476866,0
Jayanagar,0.44630335859103326,0.38569444444444445,0.21943616723573067,0.1500217458162018,0.0,0.3383050041597714,0
Jayanagar,0.5775425352533075,0.38569444444444445,0.4905902970075423,0.11996884464384504,0.0,0.43396160677007617,0
Jayanagar,0.39264475371785973,0.38569444444444445,0.44452683427130757,0.6556186188303942,0.0,0.44038215681340487,0
Jayanagar,0.6074037862692442,0.38569444444444445,0.16781220414316653,0.372382210103104,0.0,0.41771943087166774,0
Jayanagar,0.34430195334259045,0.38569444444444445,0.1540439306474164,0.3454489779458306,0.0,0.31884014982459785,0
Jayanagar,0.13532142037465889,0.38569444444444445,0.4572751743549397,0.27955008128902803,0.0,0.29645837752880605,0
Jayanagar,0.5830318890318831,0.38569444444444445,0.453802610779264,0.5521577548160381,0.0,0.4933536798727509,0
W.Garden,0.7264594742528296,0.37350654533844185,0.5387763100058118,0.11263013517659726,0.0,0.4909625618676749,0
W.Garden,0.6795069087041696,0.37350654533844185,0.26849383652401104,0.6076192422288904,0.0,0.4947210352871277,0
W.Garden,0.4720263031153783,0.37350654533844185,0.39120027937472995,0.18566440697869846,0.0,0.3833508866136657,0
W.Garden,0.22480704087774467,0.37350654533844185,0.7795087937259535,0.628098727161793,0.0,0.44085099572820285,0
W.Garden,0.27040961828337284,0.37350654533844185,0.3973131657490179,0.08612258564257966,0.0,0.2990763509969036,0
W.Garden,0.41748639135523596,0.37350654533844185,0.18963641785387841,0.4454352945670048,0.0,0.3629147783316915,0
W.Garden,0.06305062125553923,0.37350654533844185,0.12203149417366647,0.13446127645383277,0.0,0.1786951713437795,0
W.Garden,0.6444634788170469,0.37350654533844185,0.30071613826399696,0.40512551732554714,0.0,0.45852623643913043,0
W.Garden,0.47942818905414336,0.37350654533844185,0.132738197555992,0.43709331843860577,0.0,0.371963467047472,0
W.Garden,0.5360567511741184,0.37350654533844185,0.517718614007641,0.5137889834916762,0.0,0.4802838968377536,0
W.Garden,0.34689990400639636,0.37350654533844185,0.4522579884354051,0.5866688048876351,0.0,0.4119188484239975,0
W.Garden,0.6127973020337171,0.37350654533844185,0.31917115909003124,0.2471616138467477,0.0,0.4274394932083519,0
W.Garden,0.39948071938228946,0.37350654533844185,0.18276255350234907,0.09758970486482252,0.0,0.30306118181552705,0
W.Garden,0.787671843466352,0.37350654533844185,0.19092831919393058,0.1400991085095601,0.0,0.4469376389299759,0
W.Garden,0.6936997179046956,0.37350654533844185,0.43389468039377804,0.24194348029235094,0.0,0.47791732299078427,0
W.Garden,0.4297838948456177,0.37350654533844185,0.301770488178192,0.3224511836399758,0.0,0.37119810197913355,0
W.Garden,0.21962863637196345,0.37350654533844185,0.20956153618611112,0.5667104342748805,0.0,0.31584085871017403,0
W.Garden,0.6980652502396625,0.37350654533844185,0.13218877990342168,0.32526716227549635,0.0,0.4316026315074232,0
W.Garden,0.5658384551662266,0.37350654533844185,0.36617961643021496,0.4609167143083246,0.0,0.4524688533420035,0
W.Garden,0.7250246263365068,0.37350654533844185,0.3092104666658056,0.45933819572083645,0.0,0.4965534055105965,0
W.Garden,0.3412170570647072,0.37350654533844185,0.47187131890332407,0.3247979171080282,0.0,0.3745718849210491,0
W.Garden,0.362688032804615,0.37350654533844185,0.19015367205360229,0.24190333570274014,0.0,0.31330900984927923,0
W.Garden,0.29783284141117833,0.37350654533844185,0.7332282948501919,0.45526117739259464,0.0,0.43122829367437254,0
W.Garden,0.35264344430640515,0.37350654533844185,0.310051049746902,0.42451242722779137,0.0,0.3611642431423234,0
W.Garden,0.5401438872101626,0.37350654533844185,0.8501822163883005,0.4168735925439938,0.0,0.5336698062843486,0
W.Garden,0.5799813066505216,0.37350654533844185,0.4222200566551575,0.33300020882633574,0.0,0.449439463584197,0
W.Garden,0.5067171209629393,0.37350654533844185,0.34085308151139915,0.5815071197715351,0.0,0.44479964020657137,0
W.Garden,0.5111020435982809,0.37350654533844185,0.6985009725927999,0.5071708049904448,0.0,0.5067134941280576,0
W.Garden,0.5002410885656502,0.37350654533844185,0.31780080092683005,0.6477766719980669,0.0,0.44786300558458614,0
W.Garden,0.37512115671435564,0.37350654533844185,0.399004502891385,0.27517316859607593,0.0,0.36442124431924544,0
W.Garden,0.7580388774088376,0.37350654533844185,0.29501549986777464,0.15230803484327365,0.0,0.4592148758946717,0
W.Garden,0.6997852550288641,0.37350654533844185,0.49529206363562345,0.5791253315965774,0.0,0.5429040153282463,0
W.Garden,0.780628977915762,0.37350654533844185,0.29012289981563616,0.21780475271395675,0.0,0.47596739874226995,0
W.Garden,0.408255438020847,0.37350654533844185,0.5780579863863708,0.31211278650719665,0.0,0.4173698821621826,0
W.Garden,0.556183722106865,0.37350654533844185,0.4264598950057956,0.7263811300725286,0.0,0.5009654148509737,0
W.Garden,0.4441356531702015,0.37350654533844185,0.45519774914367966,0.12985749200152696,0.0,0.378017615840068,0
W.Garden,0.20548236516431528,0.37350654533844185,0.13248374903971782,0.6738927730063007,0.0,0.31155145716793153,0
W.Garden,0.31986062472485155,0.37350654533844185,0.1641577521689555,0.5604535866134133,0.0,0.3409027706810337,0
W.Garden,0.40640122827667735,0.37350654533844185,0.23111548041955277,0.5356073985629267,0.0,0.38085659936671923,0
W.Garden,0.34154062382020606,0.37350654533844185,0.32777744445723467,0.5265464159448472,0.0,0.3761286332217787,0
W.Garden,0.5015728125913905,0.37350654533844185,0.15426580595150136,0.4864989039130365,0.0,0.39143044478577493,0
W.Garden,0.3973712680580783,0.37350654533844185,0.29118430396951456,0.7979067432360243,0.0,0.4290547797011665,0
W.Garden,0.5444285358339193,0.37350654533844185,0.5166576948939797,0.22213755991256998,0.0,0.4392541241090857,0
W.Garden,0.2625288164305413,0.37350654533844185,0.2685333325865799,0.26428094652209344,0.0,0.297285857847852,0
W.Garden,0.5544302539775657,0.37350654533844185,0.5013702821937118,0.4982966403740501,0.0,0.48112110498853045,0
W.Garden,0.5357660162221868,0.37350654533844185,0.33791183317827034,0.5548408420799317,0.0,0.4503785622269417,0
W.Garden,0.5091653872904662,0.37350654533844185,0.4538573089065174,0.6041078727907463,0.0,0.4716474918531111,0
W.Garden,0.17729973082255385,0.37350654533844185,0.2547816247741821,0.4077113184659823,0.0,0.28621989211416016,0
W.Garden,0.8523608689320579,0.37350654533844185,0.21764942085273828,0.5018016578234574,0.0,0.529178400571819,0
W.Garden,0.32010294491471425,0.37350654533844185,0.6672332641755301,0.3145752038510957,0.0,0.4047209277344529,0
HuliMavu,0.2525012910580643,0.36639514514514515,0.6312372324650874,0.5422692784532547,0.0,0.40588183367487174,0
HuliMavu,0.2968071149158945,0.36639514514514515,0.3877157038227238,0.24682740318693558,0.0,0.3283682850066917,0
HuliMavu,0.47213065167164464,0.36639514514514515,0.22698214449660642,0.4715069424642601,0.0,0.39128674189757945,0
HuliMavu,0.5407955399913983,0.36639514514514515,0.38021938925934284,0.21832286434953563,0.0,0.40798929004483186,0
HuliMavu,0.5397960287982909,0.36639514514514515,0.3090365973820046,0.4817498995765502,0.0,0.4329169580358288,0
HuliMavu,0.6895097890408816,0.36639514514514515,0.31874274718433115,0.15295280664820268,0.0,0.4379384401419487,0
HuliMavu,0.4985686844363034,0.36639514514514515,0.37898841021082996,0.2160804835129862,0.0,0.3926273376653637,0
HuliMavu,0.5247435900835096,0.36639514514514515,0.76046878099093,0.3865225970341036,0.0,0.5036509458260734,0
HuliMavu,0.7781534370150671,0.36639514514514515,0.4998737823928078,0.5097842336609172,0.0,0.5587146380265161,1
HuliMavu,0.7447013094603209,0.36639514514514515,0.31503078677934737,0.2395073341387755,0.0,0.46949625933134165,0
HuliMavu,0.5165584245330795,0.36639514514514515,0.3295262426187958,0.7111289280225184,0.0,0.4632885798572583,0
HuliMavu,0.5498143086258874,0.36639514514514515,0.24377101667669265,0.480836711950741,0.0,0.4232332616905538,0
HuliMavu,0.7566407152274164,0.36639514514514515,0.2355243547240782,0.3880875604619288,0.0,0.4800607988872442,0
HuliMavu,0.640042021491317,0.36639514514514515,0.34935508405082183,0.4531582617231338,0.0,0.4717780071341389,0
HuliMavu,0.6581889299332178,0.36639514514514515,0.624294877759211,0.21810111023427725,0.0,0.4978588111071536,0
HuliMavu,0.3925635259462266,0.36639514514514515,0.27582126074742225,0.5307402919149331,0.0,0.3820910735614472,0
HuliMavu,0.21011999706394452,0.36639514514514515,0.3361803028247309,0.38496248152675666,0.0,0.3084409753098838,0
HuliMavu,0.45887091782903117,0.36639514514514515,0.2940155955675687,0.754121550122209,0.0,0.44244471641554955,0
HuliMavu,0.45699691332169695,0.36639514514514515,0.5613293290854003,0.5780427417691012,0.0,0.4688397402885827,0
HuliMavu,0.36313828858443065,0.36639514514514515,0.4002509188607102,0.6827361217339829,0.0,0.41947754658033376,0
HuliMavu,0.4245348260530571,0.36639514514514515,0.45082344306566247,0.36795483423135317,0.0,0.403863646409949,0
HuliMavu,0.6183264661961939,0.36639514514514515,0.3249675273408168,0.33461629391891795,0.0,0.4415187562682124,0
HuliMavu,0.5587250938833563,0.36639514514514515,0.37746315563548294,0.5064941598179352,0.0,0.4569390815025051,0
HuliMavu,0.561939293229797,0.36639514514514515,0.34220921478256583,0.2597245741794191,0.0,0.4139978252573985,0
HuliMavu,0.4126471488557198,0.36639514514514515,0.461285086636377,0.36245341793767744,0.0,0.4009700756609725,0
HuliMavu,0.6091914811646433,0.36639514514514515,0.6239995306153061,0.7137000876395347,0.0,0.5549904812201601,1
HuliMavu,0.36795104932505024,0.36639514514514515,0.4566515114036743,0.19345868697672558,0.0,0.3590505161345548,0
HuliMavu,0.5429263278505527,0.36639514514514515,0.20247543099449422,0.21566578349236692,0.0,0.37278771201399086,0
HuliMavu,0.5184328914660004,0.36639514514514515,0.3487950539410837,0.6763522956058043,0.0,0.462581910685731,0
HuliMavu,0.6505583626876147,0.36639514514514515,0.12776366628286318,0.22022422025200938,0.0,0.3962003367785827,0
HuliMavu,0.5698733968914701,0.36639514514514515,0.20017209839877337,0.24230054489141523,0.0,0.385753733869025,0
HuliMavu,0.5657563975566974,0.36639514514514515,0.43130352993085475,0.4967436495429324,0.0,0.4687055361059984,0
HuliMavu,0.5476914161361527,0.36639514514514515,0.20075670851962188,0.5336903910784183,0.0,0.42181543955688405,0
HuliMavu,0.03694861129708987,0.36639514514514515,0.18814137410774714,0.3520919744746892,0.0,0.2132926284902778,0
HuliMavu,0.6487081037526385,0.36639514514514515,0.4292694104171809,0.8315362325903197,0.0,0.5475506968289512,0
HuliMavu,0.650367650190294,0.36639514514514515,0.7116084840615582,0.6623505335040696,0.0,0.5792214979480684,1
HuliMavu,0.41344740506924255,0.36639514514514515,0.4056773451228929,0.32658994752143966,0.0,0.3847490964705729,0
HuliMavu,0.5419634812768659,0.36639514514514515,0.12912518188387762,0.6004886369850007,0.0,0.41550409391497223,0
HuliMavu,0.6142719226935527,0.36639514514514515,0.20476570656122517,0.6430986564843156,0.0,0.46233165627117934,0
HuliMavu,0.9007873641978188,0.36639514514514515,0.300534121196192,0.363860251608208,0.0,0.5398799829932497,0
HuliMavu,0.35442303115185536,0.36639514514514515,0.6763214032171757,0.21081141962212907,0.0,0.40085259803344736,0
HuliMavu,0.44502191499713195,0.36639514514514515,0.1815468215778611,0.2635647391186802,0.0,0.3415202889759139,0
HuliMavu,0.37445179016939745,0.36639514514514515,0.45079324851976754,0.36135156374212646,0.0,0.3853380543681051,0
HuliMavu,0.6147929802426058,0.36639514514514515,0.15414703579574177,0.6156819865324212,0.0,0.448277791767467,0
HuliMavu,0.42791143182231484,0.36639514514514515,0.6175223238844936,0.455856112318491,0.0,0.4515704263060261,0
HuliMavu,0.5876927607875433,0.36639514514514515,0.4271221937047551,0.3976702143097647,0.0,0.4606859807065994,0
HuliMavu,0.43651374184557074,0.36639514514514515,0.4007577911059562,0.429185641084694,0.0,0.40722775757338864,0
HuliMavu,0.6211446932453002,0.36639514514514515,0.3098136337456219,0.8810804864884769,0.0,0.5214439859017945,0
HuliMavu,0.4417631890589468,0.36639514514514515,0.28379217494477316,0.14137287827532208,0.0,0.34250002644442784,0
HuliMavu,0.3117615524571557,0.36639514514514515,0.4582658535948204,0.365831091977014,0.0,0.3655629214190642,0
Madivala,0.5538562007428188,0.3588888888888889,0.19929262950602789,0.5253977512939,0.0,0.42018452552194385,0
Madivala,0.4133547356398394,0.3588888888888889,0.1615264312533366,0.18349224593017416,0.0,0.3121699472808039,0
Madivala,0.6224405517373819,0.3588888888888889,0.3536864387113553,0.7054156004351869,0.0,0.5020704875822994,0
Madivala,0.9149744800445404,0.3588888888888889,0.35940426142713144,0.16373896216671607,0.0,0.5243494312926895,0
Madivala,0.18839943971339712,0.3588888888888889,0.33178116735779883,0.48086076902751884,0.0,0.3120918193920432,0
Madivala,0.3334160900798179,0.3588888888888889,0.4195638693029825,0.5187499004856438,0.0,0.386087557128046,0
Madivala,0.7036469789276301,0.3588888888888889,0.38410949261954475,0.48117764737990815,0.0,0.5029416549222323,0
Madivala,0.4376577897228636,0.3588888888888889,0.619306354821891,0.2907615520131274,0.0,0.42832239683601625,0
Madivala,0.6080272704158142,0.3588888888888889,0.26764340489679617,0.3945284561578582,0.0,0.4331841607152396,0
Madivala,0.3989377573011262,0.3588888888888889,0.3114144180104626,0.4516222106585501,0.0,0.3773210969229359,0
Madivala,0.5743157802004308,0.3588888888888889,0.5707522370304775,0.5010199765098148,0.0,0.49798063361938516,0
Madivala,0.4595264850145101,0.3588888888888889,0.2228790504287957,0.4499171715443153,0.0,0.3805643222391517,0
Madivala,0.5495758570947936,0.3588888888888889,0.20102841994033127,0.3417974303187081,0.0,0.39149351518571684,0
Madivala,0.1311329194583638,0.3588888888888889,0.7364316911549098,0.5705299545222926,0.0,0.38642901988641987,0
Madivala,0.509214575528486,0.3588888888888889,0.4471772457751343,0.37954778276209644,0.0,0.43225938467097813,0
Madivala,0.43400643038605186,0.3588888888888889,0.4246513496243318,0.3990170132720815,0.0,0.4043517392174634,0
Madivala,0.5796857289644303,0.3588888888888889,0.6394237329822269,0.5044816273310612,0.0,0.5141136625003218,0
Madivala,0.4461893038859723,0.3588888888888889,0.49701086040667386,0.1569002421909581,0.0,0.3867701314367355,0
Madivala,0.6737298131207415,0.3588888888888889,0.43934024209427613,0.479050366715292,0.0,0.5031977046850753,0
Madivala,0.44102516814269255,0.3588888888888889,0.7269515756133614,0.1409506214665136,0.0,0.4285583838592584,0
Madivala,0.5965895329263797,0.3588888888888889,0.4024739299211463,0.22216833019534216,0.0,0.43029303870443014,0
Madivala,0.5394266630807576,0.3588888888888889,0.4485476862907437,0.3545093477255351,0.0,0.43935193816191087,0
Madivala,0.6130287957438428,0.3588888888888889,0.2457759547035082,0.15439685042876156,0.0,0.3945414636820275,0
Madivala,0.3443896817779695,0.3588888888888889,0.41811359355391164,0.4228534272359275,0.0,0.37525378808512744,0
Madivala,0.4164783010813474,0.3588888888888889,0.22108631667655476,0.8908943488449743,0.0,0.4312854877071953,0
Madivala,0.37256996052358843,0.3588888888888889,0.3994550606372981,0.3046996111781092,0.0,0.3636621066540986,0
Madivala,0.6333431276816074,0.3588888888888889,0.15216011157168938,0.49021947353439344,0.0,0.4333017046997262,0
Madivala,0.4786768456455647,0.3588888888888889,0.6616615085886869,0.2344467228071193,0.0,0.4427028727814196,0
Madivala,0.5045512627421593,0.3588888888888889,0.3412200560155668,0.2631561659460535,0.0,0.3919770447214438,0
Madivala,0.5712336708203838,0.3588888888888889,0.641923344238932,0.4544646768011808,0.0,0.5041528218217645,0
Madivala,0.5550713546483528,0.3588888888888889,0.19543225208757264,0.38772625549656864,0.0,0.39918702953558993,0
Madivala,0.28081550839522706,0.3588888888888889,0.23406246822882049,0.2604652778405612,0.0,0.29183437992684447,0
Madivala,0.3435263281877795,0.3588888888888889,0.19107074250106665,0.3153340318678212,0.0,0.313415134812776,0
Madivala,0.9946877892233406,0.3588888888888889,0.5138434480690667,0.5682384221416577,0.0,0.6438118458298978,1
Madivala,0.5152992489993153,0.3588888888888889,0.49117646680617033,0.4203049791114737,0.0,0.44930244404438213,0
Madivala,0.31660754123567947,0.3588888888888889,0.6237628203977589,0.6888272512765979,0.0,0.446555957870196,0
Madivala,0.895499531477795,0.3588888888888889,0.24160270391577499,0.45562737411107085,0.0,0.5377561495837105,0
Madivala,0.5071014777240621,0.3588888888888889,0.38499329741832267,0.4331074963675674,0.0,0.427116967808888,0
Madivala,0.46342579978230136,0.3588888888888889,0.32953330233523465,0.14228463431577243,0.0,0.35711505220488493,0
Madivala,0.6090571515010073,0.3588888888888889,0.5093317073115994,0.23171757388645742,0.0,0.45746064723730767,0
Madivala,0.4156344867280186,0.3588888888888889,0.283274227643919,0.4167032751410273,0.0,0.37229907382141103,0
Madivala,0.7054392652055264,0.3588888888888889,0.4003030672414488,0.2971798964526997,0.0,0.4792080074047956,0
Madivala,0.0,0.3588888888888889,0.702251308320356,0.4149545648672367,0.0,0.3103601130608234,0
Madivala,0.6068537083307681,0.3588888888888889,0.5289259285823503,0.48695907445581843,0.0,0.4988945114672783,0
Madivala,0.6653193524999539,0.3588888888888889,0.6705223169202724,0.1616398854282063,0.0,0.4988788862399359,0
Madivala,0.5550080200289769,0.3588888888888889,0.5628131397466092,0.4872924937148205,0.0,0.4875759756833535,0
Madivala,0.6695673441462883,0.3588888888888889,0.24465545643308073,0.5435618492927436,0.0,0.4724806057983953,0
Madivala,0.649793907958518,0.3588888888888889,0.4659763731372506,0.478408032477656,0.0,0.5000510139512465,0
Madivala,0.689125887618292,0.3588888888888889,0.34541114685508933,0.5807259695411209,0.0,0.5050518521352548,0
Madivala,0.4506785243931739,0.3588888888888889,0.5409244552833524,0.5064151541109316,0.0,0.4495513143775878,0
S.S.Nagar,0.48331369339251623,0.3321643518518519,0.33619327284320344,0.3483807487124587,0.0,0.38830486511844575,0
S.S.Nagar,0.8464055540522093,0.3321643518518519,0.14080840426998462,0.6906555844879452,0.0,0.5276512680010176,0
S.S.Nagar,0.8356192734075643,0.3321643518518519,0.2039729930813039,0.48544231865995024,0.0,0.5057269976634563,0
S.S.Nagar,0.4521470544393232,0.3321643518518519,0.21299667473900774,0.3181125781325125,0.0,0.34821699627699715,0
S.S.Nagar,0.5220915836606133,0.3321643518518519,0.3654555918044389,0.39620232420308116,0.0,0.41490282682812013,0
S.S.Nagar,0.32865614745853466,0.3321643518518519,0.29628606243671124,0.464296084645237,0.0,0.3435805823501705,0
S.S.Nagar,0.40744299608159906,0.3321643518518519,0.22243462345186055,0.6936147641397972,0.0,0.39078349349545694,0
S.S.Nagar,0.3954934690792099,0.3321643518518519,0.6469738953479988,0.5413186025991608,0.0,0.4486645891927529,0
S.S.Nagar,0.7328004726619588,0.3321643518518519,0.15786792010413742,0.25682661282561414,0.0,0.4262270469319107,0
S.S.Nagar,0.2689996160028798,0.3321643518518519,0.32461004303085494,0.10261644145691964,0.0,0.2741136459812724,0
S.S.Nagar,0.48382800966844747,0.3321643518518519,0.26285760023244087,0.49557269733697207,0.0,0.39589653358654614,0
S.S.Nagar,0.37174168259639206,0.3321643518518519,0.33814295331854016,0.17942574452407278,0.0,0.32430134680661177,0
S.S.Nagar,0.16183281743944533,0.3321643518518519,0.16884016668318413,0.6679096157629623,0.0,0.2902452673604426,0
S.S.Nagar,0.3947055555531595,0.3321643518518519,0.2345628012513649,0.477920766104413,0.0,0.3563969251650963,0
S.S.Nagar,0.21756033956764742,0.3321643518518519,0.6528389470334222,0.22842508673135353,0.0,0.3406269768206196,0
S.S.Nagar,0.17207350716297976,0.3321643518518519,0.27788780164734705,0.15997765407293513,0.0,0.23944924150300817,0
S.S.Nagar,0.6292221157366746,0.3321643518518519,0.42972619383291,0.34307741556882837,0.0,0.45728389716529794,0
S.S.Nagar,0.890561150584919,0.3321643518518519,0.2944112756193293,0.3595254768969647,0.0,0.5241567849186878,0
S.S.Nagar,0.621151224917045,0.3321643518518519,0.5070551046916147,0.5073914208086456,0.0,0.4945719683361411,0
S.S.Nagar,0.4856764327609085,0.3321643518518519,0.41671006311534264,0.40649058517409065,0.0,0.41395165742105566,0
S.S.Nagar,0.42281578627941196,0.3321643518518519,0.10970989590068306,0.5909300267211384,0.0,0.3582163139416571,0
S.S.Nagar,0.26329918120347295,0.3321643518518519,0.21425682628989856,0.3919050929492491,0.0,0.2934411481771382,0
S.S.Nagar,0.5718064988049995,0.3321643518518519,0.47904178258571994,0.2123665524863872,0.0,0.42744491952740743,0
S.S.Nagar,0.2510231273856229,0.3321643518518519,0.6265501848690836,0.8773498573053484,0.0,0.44441991571014255,0
S.S.Nagar,0.3648813353722341,0.3321643518518519,0.45770604927357705,0.4056149377893099,0.0,0.37974122345894945,0
S.S.Nagar,0.5877926855078518,0.3321643518518519,0.29311566704452335,0.3695700309678465,0.0,0.41943538353738535,0
S.S.Nagar,0.44668076433635934,0.3321643518518519,0.44990521750911816,0.6374422642201673,0.0,0.44158495620813004,0
S.S.Nagar,0.4905182117662634,0.3321643518518519,0.46271692866998315,0.46642724854935075,0.0,0.43383815269014697,0
S.S.Nagar,0.4905175144388344,0.3321643518518519,0.11970811601164975,0.557329903405031,0.0,0.3788715443222322,0
S.S.Nagar,0.7295418452586193,0.3321643518518519,0.6251411170065625,0.1971405352268883,0.0,0.509588255081418,0
S.S.Nagar,0.38500939848289795,0.3321643518518519,0.2452828756028452,0.7028713655033835,0.0,0.3888898749706464,0
S.S.Nagar,0.4997882947543925,0.3321643518518519,0.24083373380356152,0.38325267213063685,0.0,0.3802298562999008,0
S.S.Nagar,0.6366693468619584,0.3321643518518519,0.1339839237903593,0.6277395102742135,0.0,0.44344128825644485,0
S.S.Nagar,0.4550017129641874,0.3321643518518519,0.3929149939710832,0.3329419598679586,0.0,0.38742419786743165,0
S.S.Nagar,0.38124217834856583,0.3321643518518519,0.5624521742245617,0.12740476430433847,0.0,0.3646852174681167,0
S.S.Nagar,0.3859709278501537,0.3321643518518519,0.5974404360908147,0.3764096755840174,0.0,0.4106886688588749,0
S.S.Nagar,0.5098963021021823,0.3321643518518519,0.32436306190020436,0.38062518124284633,0.0,0.4000794008577872,0
S.S.Nagar,0.42405894137814193,0.3321643518518519,0.297559085957366,0.5810898893886326,0.0,0.39474523563767333,0
S.S.Nagar,0.37930835218102155,0.3321643518518519,0.4370841509543628,0.21929014750593573,0.0,0.35271758113567603,0
S.S.Nagar,0.21022140159351305,0.3321643518518519,0.33396623633105105,0.5667347111632012,0.0,0.3250302500539755,0
S.S.Nagar,0.5355019942492679,0.3321643518518519,0.3106994632463853,0.1651662462396141,0.0,0.37398983312801853,0
S.S.Nagar,0.4120608222899715,0.3321643518518519,0.38186893281008216,0.5651082575358788,0.0,0.4050106185494438,0
S.S.Nagar,0.46297471559569364,0.3321643518518519,0.41682598027245843,0.21467238130299648,0.0,0.3772565092639895,0
S.S.Nagar,0.5236245193599517,0.3321643518518519,0.43443534835114683,0.2781543835740261,0.0,0.4115281145378719,0
S.S.Nagar,0.506630931003067,0.3321643518518519,0.23914162833640099,0.2668543234836953,0.0,0.3648266055964635,0
S.S.Nagar,0.2886410122351275,0.3321643518518519,0.23572650653731483,0.440679826670443,0.0,0.3139209351458796,0
S.S.Nagar,0.5488773953188714,0.3321643518518519,0.7772471867321619,0.5624075551190468,0.0,0.5315669645314499,0
S.S.Nagar,0.37752130517465593,0.3321643518518519,0.1682487396709227,0.6037679102118919,0.0,0.35599669683265345,0
S.S.Nagar,0.3020370471722076,0.3321643518518519,0.360738592315329,0.3744480047649277,0.0,0.33367719124363315,0
S.S.Nagar,0.6221594147604302,0.3321643518518519,0.3927978810111631,0.8091666756055016,0.0,0.517339678264764,0
Malleswaram,0.40924038155748427,0.3204166666666667,0.2845838904501231,0.3117781100117758,0.0,0.3430426281369105,0
Malleswaram,0.4457422191371569,0.3204166666666667,0.5704361449753499,0.7023502256413686,0.0,0.47157453953928014,0
Malleswaram,0.204414287000251,0.3204166666666667,0.2761044483940717,0.3766930723870837,0.0,0.2793948509869647,0
Malleswaram,0.28815846013120494,0.3204166666666667,0.24996930373986884,0.2891008144286995,0.0,0.2903394439582004,0
Malleswaram,0.5276051363801486,0.3204166666666667,0.1858516775079849,0.7447037230804031,0.0,0.42966269169670945,0
Malleswaram,0.7268595338610819,0.3204166666666667,0.6037990745439927,0.8808325843286897,0.0,0.6034105394094806,1
Malleswaram,0.6383170694613992,0.3204166666666667,0.3312810556757687,0.20916007102560125,0.0,0.41716619610048367,0
Malleswaram,0.6195574863731831,0.3204166666666667,0.39333478785008036,0.39836625560593597,0.0,0.4513920161415205,0
Malleswaram,0.8165307959499881,0.3204166666666667,0.35959743975993375,0.33717117683838693,0.0,0.5044059430602407,0
Malleswaram,0.38381061081812046,0.3204166666666667,0.4386514241584234,0.3136086487480917,0.0,0.3652302959302406,0
Malleswaram,0.4064425193357184,0.3204166666666667,0.4301134435354088,0.3316421457779182,0.0,0.3741488923412709,0
Malleswaram,0.4472627254179594,0.3204166666666667,0.2521478254178127,0.5372730623186862,0.0,0.38368747832765127,0
Malleswaram,0.31240812150700503,0.3204166666666667,0.3911993262615101,0.31903058681428276,0.0,0.3315622958018962,0
Malleswaram,0.4925448211749268,0.3204166666666667,0.22691557334947685,0.3921226614951571,0.0,0.3727172013053933,0
Malleswaram,0.4855452766846889,0.3204166666666667,0.40547364002419106,0.704607448615615,0.0,0.45285169213682164,0
Malleswaram,0.42491750284922325,0.3204166666666667,0.22771292016540817,0.7846631939388135,0.0,0.40808818912113176,0
Malleswaram,0.4124618812054955,0.3204166666666667,0.3332801388553913,0.5613961952655689,0.0,0.391352115482837,0
Malleswaram,0.22312691414301677,0.3204166666666667,0.6052769486621624,0.20519145845150466,0.0,0.326053528450214,0
Malleswaram,0.458947916187683,0.3204166666666667,0.3039954993131288,0.43226627506741255,0.0,0.3823958117884267,0
Malleswaram,0.7753722857215093,0.3204166666666667,0.2351027602103999,0.2744017763916459,0.0,0.4556861185033551,0
Malleswaram,0.4108637487388533,0.3204166666666667,0.2582970462933024,0.23955059824280622,0.0,0.32751931105368004,0
Malleswaram,0.6290302860751922,0.3204166666666667,0.19421798409434984,0.2763250501654223,0.0,0.39657795447000055,0
Malleswaram,0.287999495591279,0.3204166666666667,0.15609411064794337,0.40026998099578104,0.0,0.28818414273590354,0
Malleswaram,0.44703164071788637,0.3204166666666667,0.730129121466028,0.7157129193839779,0.0,0.5059688364520626,0
Malleswaram,0.5741791152462961,0.3204166666666667,0.32253764491828063,0.762872589184138,0.0,0.47602610769748044,0
Malleswaram,0.4286041994202271,0.3204166666666667,0.526565374022062,0.13356838631853263,0.0,0.3714848025492718,0
Malleswaram,0.3610947943937876,0.3204166666666667,0.7681475958218029,0.4066059701645643,0.0,0.4371285927268709,0
Malleswaram,0.6015284301069437,0.3204166666666667,0.34774015364701105,0.12561412317061776,0.0,0.39505009974242516,0
Malleswaram,0.43424634967548376,0.3204166666666667,0.2808470379122097,0.29322225315486083,0.0,0.34826396794209036,0
Malleswaram,0.4337794766021761,0.3204166666666667,0.160425619996453,0.8907500985042885,0.0,0.4136454555856955,0
Malleswaram,0.16871301590122045,0.3204166666666667,0.49573398001335334,0.6228653584989491,0.0,0.3477511553429402,0
Malleswaram,0.7099617685078041,0.3204166666666667,0.6196938900779283,0.4758534778239509,0.0,0.5399284186669097,0
Malleswaram,0.3211689403183065,0.3204166666666667,0.2933719860768378,0.6838823525830865,0.0,0.3697908792142378,0
Malleswaram,0.3086871672938333,0.3204166666666667,0.34883574836292164,0.08292605320550926,0.0,0.28637156620625237,0
Malleswaram,0.5914796080279319,0.3204166666666667,0.4464992907463795,0.25430877548695363,0.0,0.43058903728209513,0
Malleswaram,0.5628164596280757,0.3204166666666667,0.21134765510674655,0.7237635757297627,0.0,0.4439448282506402,0
Malleswaram,0.5872325223375344,0.3204166666666667,0.28713885058107785,0.1740503463258743,0.0,0.3851917048832338,0
Malleswaram,0.17530267538925703,0.3204166666666667,0.1499973964059278,0.16166780480863355,0.0,0.21173058638872055,0
Malleswaram,0.6422688309875574,0.3204166666666667,0.7365888620206255,0.5002842855118054,0.0,0.543279506076541,0
Malleswaram,0.9316420584919906,0.3204166666666667,0.3997985976965933,0.37093083083006784,0.0,0.5577990646360256,1
Malleswaram,0.43975229242778807,0.3204166666666667,0.6666111790562274,0.41271552692862273,0.0,0.4452678672002647,0
Malleswaram,0.5596107475636616,0.3204166666666667,0.39019181036686945,0.4527057271106355,0.0,0.4379329827872508,0
Malleswaram,0.5720429989584054,0.3204166666666667,0.23426608015452954,0.7726649813627674,0.0,0.4590930128707629,0
Malleswaram,0.39576784992429537,0.3204166666666667,0.5556886873200362,0.5227535980762166,0.0,0.4241945246489431,0
Malleswaram,0.6208283868713518,0.3204166666666667,0.2729586875272676,0.4271913255612871,0.0,0.4320853717446197,0
Malleswaram,0.7232434641175925,0.3204166666666667,0.2787362876790954,0.2349074002778208,0.0,0.4402435800186496,0
Malleswaram,0.3039532401650151,0.3204166666666667,0.6507392574431456,0.38999399599003526,0.0,0.3911555849448897,0
Malleswaram,0.5923016578066531,0.3204166666666667,0.6389689796999508,0.2725199157617614,0.0,0.47210236353658297,0
Malleswaram,0.6783253743939204,0.3204166666666667,0.3879137898059476,0.4022732650913045,0.0,0.4714626287627573,0
Malleswaram,0.3894006788556188,0.3204166666666667,0.27202073459882703,0.1648760380602846,0.0,0.3115507902282747,0
Basavanagudi,0.6475729261159282,0.31961805555555556,0.4426893964595563,0.9268652776650526,0.0,0.5501036117489106,1
Basavanagudi,0.8012614998139329,0.31961805555555556,0.3920777848780411,0.42461749317401776,0.0,0.5184351225532541,0
Basavanagudi,0.6309768275667239,0.31961805555555556,0.19242450402811062,0.36088938008771176,0.0,0.4093456141337989,0
Basavanagudi,0.4823243209245923,0.31961805555555556,0.4633348466178302,0.23003250851743717,0.0,0.3918707745914556,0
Basavanagudi,0.8603614054069515,0.31961805555555556,0.22492067765653564,0.3168344788953489,0.0,0.48952121592470915,0
Basavanagudi,0.4799214392401767,0.31961805555555556,0.3002987633801123,0.381507615349621,0.0,0.3811438153791942,0
Basavanagudi,0.15020828905000932,0.31961805555555556,0.16568486664837825,0.5619440635603337,0.0,0.26588690069789567,0
Basavanagudi,0.7403191344380423,0.31961805555555556,0.34973433827326816,0.36416608580206916,0.0,0.4795688942449454,0
Basavanagudi,0.5003238357410009,0.31961805555555556,0.22138565834585358,0.34824335765035647,0.0,0.36751239449274115,0
Basavanagudi,0.7932875904518231,0.31961805555555556,0.20650354461497708,0.27587519441089836,0.0,0.4562180614094349,0
Basavanagudi,0.7756578264951395,0.31961805555555556,0.7145872978329401,0.24513790857951873,0.0,0.5470538017934813,0
Basavanagudi,0.4035933458969481,0.31961805555555556,0.3268343746857229,0.3222581829744542,0.0,0.35084869011391123,0
Basavanagudi,0.18849511273070751,0.31961805555555556,0.2867119169246841,0.6887325620856397,0.0,0.32251097382019706,0
Basavanagudi,0.8409658027140294,0.31961805555555556,0.5726490508788464,0.2820313047436025,0.0,0.5470579535038866,0
Basavanagudi,0.42829559834937825,0.31961805555555556,0.1802416419263882,0.45705121313970026,0.0,0.3503948864451817,0
Basavanagudi,0.660189792471106,0.31961805555555556,0.21719038097804802,0.22683442066570972,0.0,0.4044150833270198,0
Basavanagudi,0.6772869747556078,0.31961805555555556,0.6596445799385185,0.18268636180943565,0.0,0.49226772809024844,0
Basavanagudi,0.5499878301274115,0.31961805555555556,0.7102698412466658,0.2813332757288357,0.0,0.47263511681991915,0
Basavanagudi,0.18922463672488393,0.31961805555555556,0.40928863458662545,0.6721969666704427,0.0,0.34480131143826753,0
Basavanagudi,0.5666775623183717,0.31961805555555556,0.5365090832075343,0.6608751883845481,0.0,0.5006556583772859,0
Basavanagudi,0.5456205099175775,0.31961805555555556,0.31685953395662037,0.13287394547404982,0.0,0.37015559375025037,0
Basavanagudi,0.5554600526311666,0.31961805555555556,0.6758153305709393,0.5298996887404864,0.0,0.5049444545128358,0
Basavanagudi,0.5693515208521808,0.31961805555555556,0.5388641416556823,0.44174486314131894,0.0,0.4691930067672642,0
Basavanagudi,0.3091610063149063,0.31961805555555556,0.5023333813749793,0.38178522819619265,0.0,0.3618262293813086,0
Basavanagudi,0.26899844960392605,0.31961805555555556,0.15303147379855303,0.5029319439840565,0.0,0.29608096038535986,0
Basavanagudi,0.4122518287159046,0.31961805555555556,0.6454444111379994,0.3429323225404522,0.0,0.420702287325901,0
Basavanagudi,0.7421277161367659,0.31961805555555556,0.5085121085210281,0.3992004240326893,0.0,0.5172126026236437,0
Basavanagudi,0.7635006384317686,0.31961805555555556,0.4116936879129023,0.4267247525087036,0.0,0.5094580905766717,0
Basavanagudi,0.8388749474700591,0.31961805555555556,0.3109072172696706,0.2986814880637898,0.0,0.4964753149446899,0
Basavanagudi,0.35094494128431813,0.31961805555555556,0.32992642203292055,0.22735290536161515,0.0,0.31880436632700443,0
Basavanagudi,0.19533974765208034,0.31961805555555556,0.3262432420364185,0.3499655376321724,0.0,0.28199780739700436,0
Basavanagudi,0.17736965922395154,0.31961805555555556,0.10249180252925613,0.588540151804789,0.0,0.2667441806716193,0
Basavanagudi,0.45779781856844326,0.31961805555555556,0.5050572302428935,0.45966460299197043,0.0,0.42607578966299603,0
Basavanagudi,0.5486613511233016,0.31961805555555556,0.29458146348543635,0.6353570402139127,0.0,0.44213673828899636,0
Basavanagudi,0.3394308261968848,0.31961805555555556,0.49973476057593047,0.352568646885225,0.0,0.3675184549835462,0
Basavanagudi,0.4243818640032894,0.31961805555555556,0.6007680203620913,0.8916866325379594,0.0,0.49832566802093015,0
Basavanagudi,0.31154892011170787,0.31961805555555556,0.5204200112220343,0.6060059822316037,0.0,0.3999124382849118,0
Basavanagudi,0.5762085410310634,0.31961805555555556,0.3622661979228172,0.3889319182836382,0.0,0.42835143335464804,0
Basavanagudi,0.5515993807016,0.31961805555555556,0.5701549399013296,0.6867884547493759,0.0,0.5059944561048989,0
Basavanagudi,0.19968180044860095,0.31961805555555556,0.43350642643033277,0.25782974899848,0.0,0.29114979445951555,0
Basavanagudi,0.7347004476083373,0.31961805555555556,0.2671335914548784,0.683703282940617,0.0,0.509012784061653,0
Basavanagudi,0.6908533018471295,0.31961805555555556,0.3213209195316424,0.2710090990495928,0.0,0.4425996210769294,0
Basavanagudi,0.7226623259191831,0.31961805555555556,0.18468130822761095,0.304123845618638,0.0,0.4313720692266986,0
Basavanagudi,0.18856207376154677,0.31961805555555556,0.17246022617933393,0.5991452671240907,0.0,0.28624597778768845,0
Basavanagudi,0.5037206459410427,0.31961805555555556,0.7702268300188123,0.6926947421109189,0.0,0.5301372200664319,0
Basavanagudi,0.7431084151084686,0.31961805555555556,0.40426503509261014,0.4442323479749558,0.0,0.5034612211693961,0
Basavanagudi,0.5827673532709038,0.31961805555555556,0.3931527986916623,0.4587702228913848,0.0,0.4473000834835231,0
Basavanagudi,0.4712201870447596,0.31961805555555556,0.5405538633396484,0.20154256454021524,0.0,0.3991546394812945,0
Basavanagudi,0.520712605985762,0.31961805555555556,0.20820252535397962,0.26362109807490597,0.0,0.3593184985437152,0
Basavanagudi,0.3387399231876338,0.31961805555555556,0.22625369118276117,0.6029262029956668,0.0,0.35013405846824075,0
Chamarajapet,0.3068846394580682,0.3191732804232804,0.5801025643859476,0.6753112920883666,0.0,0.4204788146277525,0
Chamarajapet,0.1420151615591888,0.3191732804232804,0.39798326309830123,0.28486540688490825,0.0,0.2677837543250967,0
Chamarajapet,0.9198012284435728,0.3191732804232804,0.23691541082224105,0.20951969306024448,0.0,0.49649345020571944,0
Chamarajapet,0.3118021364371898,0.3191732804232804,0.3921108126529935,0.3780367256527754,0.0,0.34001040325851556,0
Chamarajapet,0.8947506863175341,0.3191732804232804,0.34682126121238654,0.5589165260106169,0.0,0.5621164554821908,1
Chamarajapet,0.49704613449264584,0.3191732804232804,0.19875661300079378,0.5769082786487703,0.0,0.3960056955968845,0
Chamarajapet,0.5590235745308343,0.3191732804232804,0.42634930639083957,0.2135949065274817,0.0,0.4087193324700663,0
Chamarajapet,0.526969255759031,0.3191732804232804,0.6549581095295527,0.6808259130225909,0.0,0.513306732501944,0
Chamarajapet,0.4535691171580468,0.3191732804232804,0.37892198100725694,0.2229496437581086,0.0,0.36372801789746817,0
Chamarajapet,0.36679038045629564,0.3191732804232804,0.1178978174080276,0.1867870282319119,0.0,0.2757262350030799,0
Chamarajapet,0.7884797698790637,0.3191732804232804,0.37886555226346474,0.5032178117180345,0.0,0.5229756857950545,0
Chamarajapet,0.707775776667405,0.3191732804232804,0.6090700848663856,0.7582591950254897,0.0,0.5790264021876764,1
Chamarajapet,0.3230466312958732,0.3191732804232804,0.4433815983818077,0.15963087350174626,0.0,0.3214392557821632,0
Chamarajapet,0.3159892231726705,0.3191732804232804,0.4229673580714465,0.2851612647638144,0.0,0.33371587356628024,0
Chamarajapet,0.7545941056572482,0.3191732804232804,0.11014237971271398,0.10394917328026833,0.0,0.397480773041604,0
Chamarajapet,0.22589483526889437,0.3191732804232804,0.24380538034176358,0.15275724370229135,0.0,0.24648983909479355,0
Chamarajapet,0.43355282116761523,0.3191732804232804,0.23096995033835277,0.2490308468441248,0.0,0.3310440886299387,0
Chamarajapet,0.476432196569821,0.3191732804232804,0.38227054703424446,0.3775153050806617,0.0,0.3955846580953696,0
Chamarajapet,0.3730044427515645,0.3191732804232804,0.48327241017719713,0.22629679665317437,0.0,0.3569025406234473,0
Chamarajapet,0.49625601822897486,0.3191732804232804,0.2536093385363717,0.4875311777530765,0.0,0.39329313487736106,0
Chamarajapet,0.522493436014641,0.3191732804232804,0.16075172198417229,0.6852702284019971,0.0,0.4135655653892425,0
Chamarajapet,0.4974631565963794,0.3191732804232804,0.27574257863664625,0.27096555911188325,0.0,0.3656574385298286,0
Chamarajapet,0.41256835577356843,0.3191732804232804,0.38958856647063933,0.2794533168049063,0.0,0.35998661946259686,0
Chamarajapet,0.4060350915043309,0.3191732804232804,0.2831757921914888,0.19052799912059126,0.0,0.3230786244598864,0
Chamarajapet,0.7800647631272428,0.3191732804232804,0.5540237873998765,0.2415720938186332,0.0,0.5158152227742894,0
Chamarajapet,0.6156509771505349,0.3191732804232804,0.4267589689186312,0.5498109524327146,0.0,0.47905326277830473,0
Chamarajapet,0.3664284059620362,0.3191732804232804,0.14755118584898458,0.31835047220357215,0.0,0.3012647342140295,0
Chamarajapet,0.2499090137114819,0.3191732804232804,0.4474753134190953,0.22875817534779386,0.0,0.3070289279119909,0
Chamarajapet,0.651412661082371,0.3191732804232804,0.1258188603799564,0.22830784312692004,0.0,0.38315636405084325,0
Chamarajapet,0.42887311691670793,0.3191732804232804,0.2537960978126079,0.5086081565650876,0.0,0.37290801809511664,0
Chamarajapet,0.3779906681234479,0.3191732804232804,0.2871833247799932,0.4815841449608283,0.0,0.35772300467031376,0
Chamarajapet,0.5396756104011395,0.3191732804232804,0.10915744067206493,0.34086823267617355,0.0,0.357600170803222,0
Chamarajapet,0.40930630375504545,0.3191732804232804,0.35580675690046015,0.7322656482043433,0.0,0.42001038905199356,0
Chamarajapet,0.5986458710892936,0.3191732804232804,0.4311619798292554,0.4301913448155378,0.0,0.4560391366964186,0
Chamarajapet,0.3505510178171278,0.3191732804232804,0.693146326514409,0.16982958587033173,0.0,0.3825485435464104,0
Chamarajapet,0.2795086550465339,0.3191732804232804,0.4775208015805211,0.6803156258712155,0.0,0.39113151759005754,0
Chamarajapet,0.195037500391341,0.3191732804232804,0.4141844084306884,0.7699570739919717,0.0,0.36234555204888685,0
Chamarajapet,0.7768013494071452,0.3191732804232804,0.47793507948762437,0.1996473399002704,0.0,0.4931665733020503,0
Chamarajapet,0.7848771275799871,0.3191732804232804,0.5088193929886182,0.24420229609338712,0.0,0.5088532017917112,0
Chamarajapet,0.6410533924011058,0.3191732804232804,0.5604336404929465,0.44305897737394767,0.0,0.4986662461720526,0
Chamarajapet,0.6201082494805903,0.3191732804232804,0.593256936788594,0.40099811492324766,0.0,0.4915909760413967,0
Chamarajapet,0.6498571506350237,0.3191732804232804,0.24537312436691755,0.5764165403756749,0.0,0.4587390927789772,0
Chamarajapet,0.43720751808747776,0.3191732804232804,0.21765747476531055,0.187418295520898,0.0,0.32041885473879816,0
Chamarajapet,0.6303076878186155,0.3191732804232804,0.28069249129334123,0.14539078327779528,0.0,0.39430679061383705,0
Chamarajapet,0.29574166360571175,0.3191732804232804,0.14423634576125832,0.38286699250339623,0.0,0.28553888441674435,0
Chamarajapet,0.9710404800281258,0.3191732804232804,0.16295467164505625,0.4347330286278962,0.0,0.5334170407600238,0
Chamarajapet,0.34184471776471703,0.3191732804232804,0.17929277731194165,0.16505951692617488,0.0,0.2760151183459496,0
Chamarajapet,0.32672232016179936,0.3191732804232804,0.34730219426439246,0.3262909198929538,0.0,0.32850887302043547,0
Chamarajapet,0.46659970944203966,0.3191732804232804,0.4118882937146692,0.3099879889696623,0.0,0.38793773952008115,0
Chamarajapet,0.5172450464489116,0.3191732804232804,0.19923716203994615,0.24778557748343044,0.0,0.3538030194146069,0
Chickpet,0.5261563430751032,0.31880555555555556,0.6127956337906315,0.23533116332533077,0.0,0.4376551879998787,0
Chickpet,0.47034344059781363,0.31880555555555556,0.5708448051998243,0.3358729859845305,0.0,0.4248117798135459,0
Chickpet,0.19559073929857418,0.31880555555555556,0.4193432869513366,0.5750036191629465,0.0,0.33421762568587693,0
Chickpet,0.7475155451662958,0.31880555555555556,0.38791454365713207,0.1649787617289836,0.0,0.4596018304656442,0
Chickpet,0.3048185613707472,0.31880555555555556,0.20314458433138477,0.20548367706730636,0.0,0.2737796315728011,0
Chickpet,0.43256792086080514,0.31880555555555556,0.4080732264145161,0.5578765480581465,0.0,0.4123365664595737,0
Chickpet,0.6563552907451288,0.31880555555555556,0.440994421946423,0.6914441126171558,0.0,0.5172815197093197,0
Chickpet,0.642808610831428,0.31880555555555556,0.18924411425111193,0.43374740832739445,0.0,0.423535614556998,0
Chickpet,0.12023855580143555,0.31880555555555556,0.6316132093743588,0.20307547907147572,0.0,0.29450912493276227,0
Chickpet,0.541687942383027,0.31880555555555556,0.1225075769971787,0.3604149801106602,0.0,0.36379620891676084,0
Chickpet,0.3563364511392626,0.31880555555555556,0.31833760755922524,0.6755606614902042,0.0,0.3853610453007843,0
Chickpet,0.8814142676921184,0.31880555555555556,0.19937725230635542,0.26243359208487793,0.0,0.4833771496329109,0
Chickpet,0.5995508909399395,0.31880555555555556,0.3640493473877735,0.3210524184823465,0.0,0.4264522107455521,0
Chickpet,0.5938936946507286,0.31880555555555556,0.26082687922485437,0.1588907990258232,0.0,0.37950345549326603,0
Chickpet,0.8445035939725194,0.31880555555555556,0.27948926183955874,0.7713472279720553,0.0,0.5628178611207685,1
Chickpet,0.4380785222209868,0.31880555555555556,0.19949689967525164,0.22562785802681745,0.0,0.322712708083085,0
Chickpet,0.59855267546316,0.31880555555555556,0.1629065016243924,0.3359802160423324,0.0,0.388113435810001,0
Chickpet,0.5515939318284308,0.31880555555555556,0.2891578667979861,0.37217298850880454,0.0,0.40235706444253533,0
Chickpet,0.3379266646839271,0.31880555555555556,0.284375591052651,0.6566784668990407,0.0,0.3692928875514275,0
Chickpet,0.533063995031415,0.31880555555555556,0.3771159867178303,0.19556942925249687,0.0,0.38697267665910245,0
Chickpet,0.4825382638323154,0.31880555555555556,0.43338967882175333,0.46693272304185884,0.0,0.42124790322860656,0
Chickpet,0.29693046895293174,0.31880555555555556,0.23979225671460563,0.6173404864194554,0.0,0.34012685510603224,0
Chickpet,0.4398794726027603,0.31880555555555556,0.2145928852503701,0.5404204053225169,0.0,0.37358111992608434,0
Chickpet,0.8090177725889571,0.31880555555555556,0.37360514152347646,0.36039772659628816,0.0,0.5075785743669402,0
Chickpet,0.6407368629131025,0.31880555555555556,0.2973512400966648,0.2701608607866228,0.0,0.4198939458235789,0
Chickpet,0.44725039324424615,0.31880555555555556,0.26297779094752394,0.3198359910422378,0.0,0.35275026114799324,0
Chickpet,0.47208529952386635,0.31880555555555556,0.8707439613590507,0.5085559681850573,0.0,0.5113037089995887,0
Chickpet,0.8423111574755686,0.31880555555555556,0.3224388546392417,0.5383974795596893,0.0,0.5356979646449174,0
Chickpet,0.7673609394684513,0.31880555555555556,0.3009509980635995,0.4311143609660234,0.0,0.489075349238248,0
Chickpet,0.5380148140449176,0.31880555555555556,0.38376416562200477,0.2299753925386946,0.0,0.39519599358759294,0
Chickpet,0.4559759100405991,0.31880555555555556,0.3165679030577153,0.45649589463415347,0.0,0.3870211999875425,0
Chickpet,0.2659489723383427,0.31880555555555556,0.4290452753793235,0.14267719726812383,0.0,0.29593444165116994,0
Chickpet,0.43481130056224804,0.31880555555555556,0.3659842835239934,0.7419789180985134,0.0,0.43231931628302916,0
Chickpet,0.6787067893860106,0.31880555555555556,0.34843181084898095,0.4613922020182912,0.0,0.4720842354243102,0
Chickpet,0.744928147478283,0.31880555555555556,0.2975322692190593,0.5366896291597638,0.0,0.4963764165018421,0
Chickpet,0.8880553503881323,0.31880555555555556,0.6100919157219719,0.31441933141382705,0.0,0.5756423221589815,1
Chickpet,0.5927458133178112,0.31880555555555556,0.5091832639080487,0.4679838807294995,0.0,0.47513693621893527,0
Chickpet,0.3288135866367608,0.31880555555555556,0.17392730915869664,0.6441759714427383,0.0,0.34213827953768305,0
Chickpet,0.6214433854445565,0.31880555555555556,0.3149615253869441,0.2516497002278862,0.0,0.41388661168383317,0
Chickpet,0.39322616545552114,0.31880555555555556,0.19624115275102433,0.4409630721727888,0.0,0.3386635159522222,0
Chickpet,0.3832581827450725,0.31880555555555556,0.19646161968752746,0.5215624782881901,0.0,0.347308726308176,0
Chickpet,0.4516550235530045,0.31880555555555556,0.4213055589097823,0.2687878288279714,0.0,0.3783002110163704,0
Chickpet,0.29989974774897105,0.31880555555555556,0.3349304380952333,0.4604838654739099,0.0,0.3366652458189397,0
Chickpet,0.5271880633892279,0.31880555555555556,0.45251124846452445,0.6055817729739964,0.0,0.4614970044919008,0
Chickpet,0.719897718969231,0.31880555555555556,0.7083977139971285,0.41050137059488917,0.0,0.5508606166945565,1
Chickpet,0.3824185023387028,0.31880555555555556,0.3870536011579101,0.5096697330328186,0.0,0.38334932267171745,0
Chickpet,0.7439046716375677,0.31880555555555556,0.36736635784193716,0.611650879989029,0.0,0.5212292053065571,0
Chickpet,0.44674946571064883,0.31880555555555556,0.3785048305449476,0.2980768485051806,0.0,0.37241647305016035,0
Chickpet,0.6202334436719106,0.31880555555555556,0.3639684470960579,0.453443922104093,0.0,0.45353364968666093,0
Chickpet,0.49894240626186576,0.31880555555555556,0.27620480317215057,0.5684556327027094,0.0,0.4107808143981562,0
Ashokanagar,0.6399643588467969,0.3127480158730158,0.14765857745307076,0.20428989870936531,0.0,0.3779871306553026,0
Ashokanagar,0.48098873158280064,0.3127480158730158,0.17932989173851926,0.3952542443805228,0.0,0.35732457582066723,0
Ashokanagar,0.5332692028902584,0.3127480158730158,0.13243751926785013,0.49261037805589925,0.0,0.3808476863354501,0
Ashokanagar,0.547055566510247,0.3127480158730158,0.19905808345133835,0.20462000215233633,0.0,0.3557984700536093,0
Ashokanagar,0.4065523303597211,0.3127480158730158,0.22541022573106959,0.4906948994997362,0.0,0.35480400045898147,0
Ashokanagar,0.40824177557267266,0.3127480158730158,0.2798420958923412,0.23908376933850506,0.0,0.3285400107915842,0
Ashokanagar,0.7709932475311828,0.3127480158730158,0.276968234093783,0.3162952115579873,0.0,0.4665099699502734,0
Ashokanagar,0.4501587842628481,0.3127480158730158,0.8435899934505937,0.20314313441393012,0.0,0.4505694481061099,0
Ashokanagar,0.2727385008960694,0.3127480158730158,0.24834202673429526,0.5364711534103214,0.0,0.3194219584339363,0
Ashokanagar,0.6363359028296193,0.3127480158730158,0.44076299321784784,0.28769230316415234,0.0,0.4478484148704639,0
Ashokanagar,0.33721302261615316,0.3127480158730158,0.4880102734048914,0.3239779938120608,0.0,0.3580477164303458,0
Ashokanagar,0.3780662890716021,0.3127480158730158,0.4568856537838363,0.430153517871015,0.0,0.382047764374385,0
Ashokanagar,0.5565807390997224,0.3127480158730158,0.3817604632211223,0.6867752890142789,0.0,0.46799604944317386,0
Ashokanagar,0.6788442649299189,0.3127480158730158,0.27099337476338703,0.6207913169732739,0.0,0.4787372699860448,0
Ashokanagar,0.3733015607515108,0.3127480158730158,0.4070368817085999,0.39652652245136827,0.0,0.3653663057343587,0
Ashokanagar,0.23794061731192856,0.3127480158730158,0.17907501276538168,0.09823550440732903,0.0,0.22765394903525543,0
Ashokanagar,0.5819006949681385,0.3127480158730158,0.7301367275910796,0.38584183923995935,0.0,0.501393269404963,0
Ashokanagar,0.3835449297021805,0.3127480158730158,0.1863131148629396,0.3081373634031341,0.0,0.31154835764072597,0
Ashokanagar,0.2772356584316667,0.3127480158730158,0.321206079176111,0.7465742000582686,0.0,0.3670842310569506,0
Ashokanagar,0.5624865085671712,0.3127480158730158,0.48643146996356673,0.4617663226705814,0.0,0.45724592515371526,0
Ashokanagar,0.5258456035779712,0.3127480158730158,0.21606262119179104,0.29209988085222943,0.0,0.36489787238038723,0
Ashokanagar,0.3273800016792726,0.3127480158730158,0.4176149632200395,0.20437599420938135,0.0,0.32258679712506527,0
Ashokanagar,0.24691209149789728,0.3127480158730158,0.3545038968306028,0.5952941287028599,0.0,0.3404385354577183,0
Ashokanagar,0.3310112722089197,0.3127480158730158,0.11482839087685193,0.49951509694787105,0.0,0.30757129275257766,0
Ashokanagar,0.5068935646824069,0.3127480158730158,0.5664785787558679,0.41766250514576964,0.0,0.44718224392378614,0
Ashokanagar,0.410739031699639,0.3127480158730158,0.24549317912218988,0.8355844105103714,0.0,0.4120193632577721,0
Ashokanagar,0.645181511089695,0.3127480158730158,0.8011754945645456,0.35260104412879245,0.0,0.532763189175526,0
Ashokanagar,0.5593578808869062,0.3127480158730158,0.6846147486993418,0.10716333989613532,0.0,0.4425971137966106,0
Ashokanagar,0.3698731302470233,0.3127480158730158,0.19840741007465698,0.36246246593151416,0.0,0.3173308522530214,0
Ashokanagar,0.7402038171479473,0.3127480158730158,0.6364183840401437,0.37319210140092735,0.0,0.5361582327818541,0
Ashokanagar,0.6433499413111337,0.3127480158730158,0.5433480305100833,0.24353469116807597,0.0,0.46419669399802954,0
Ashokanagar,0.5552315861981236,0.3127480158730158,0.5354099691172958,0.39064894459796734,0.0,0.4538347954444023,0
Ashokanagar,0.6854576672323994,0.3127480158730158,0.1989808426489656,0.524406611250177,0.0,0.4521917485105642,0
Ashokanagar,0.8472961592188106,0.3127480158730158,0.12648177496694976,0.5916518730033647,0.0,0.5044221964323831,0
Ashokanagar,0.06196051113678375,0.3127480158730158,0.14824371465569142,0.5341764370080393,0.0,0.22528579214212324,0
Ashokanagar,0.7828863701058967,0.3127480158730158,0.7123778232258414,0.35290226981331807,0.0,0.5632455394161345,1
Ashokanagar,0.5039657338086797,0.3127480158730158,0.4845100174658317,0.40959782105034587,0.0,0.4285540882456609,0
Ashokanagar,0.3855192032332733,0.3127480158730158,0.6583062645673039,0.46576700214504246,0.0,0.4302824291287676,0
Ashokanagar,0.38599071699143317,0.3127480158730158,0.7265238354039038,0.6030431999877262,0.0,0.46468240278784606,0
Ashokanagar,0.23452458830729495,0.3127480158730158,0.29017734691842373,0.8300192845956406,0.0,0.3584463727424888,0
Ashokanagar,0.4393635741687099,0.3127480158730158,0.26712450954317263,0.2699883709552627,0.0,0.34152481327287715,0
Ashokanagar,0.5325763640639316,0.3127480158730158,0.32281354965924336,0.3213024940596303,0.0,0.392984216225074,0
Ashokanagar,0.39193215309772605,0.3127480158730158,0.22379505715471107,0.37057284945692365,0.0,0.33134559719558954,0
Ashokanagar,0.710388361568034,0.3127480158730158,0.26374767036013524,0.1286059683062754,0.0,0.41450076062868496,0
Ashokanagar,0.4891241857913817,0.3127480158730158,0.45081719951734234,0.5171558556761024,0.0,0.4327546880437722,0
Ashokanagar,0.6991609884141776,0.3127480158730158,0.5086405727963572,0.3754705585640529,0.0,0.49657944905074625,0
Ashokanagar,0.7050791354352501,0.3127480158730158,0.1429152460201646,0.29177497644856937,0.0,0.4129513978355606,0
Ashokanagar,0.5818042101193717,0.3127480158730158,0.4252330395927897,0.29992028177458285,0.0,0.42749052848843017,0
Ashokanagar,0.48933701199947477,0.3127480158730158,0.5419858560357618,0.23659310544023665,0.0,0.40897849598490876,0
Ashokanagar,0.4418593282118527,0.3127480158730158,0.3371144491381709,0.19027753147652132,0.0,0.34443968918516554,0
K G Halli,0.4227233843846164,0.30655513468013473,0.3933808499367255,0.5420848846040877,0.0,0.3999086276166144,0
K G Halli,0.5369718610625075,0.30655513468013473,0.2734541251586662,0.27659428094842087,0.0,0.3760866589499144,0
K G Halli,0.9484819405648608,0.30655513468013473,0.2823213721785527,0.4814609804404077,0.0,0.5526186411035133,1
K G Halli,0.9557748766683603,0.30655513468013473,0.44853297138540843,0.15984569297972254,0.0,0.5401711954620065,0
K G Halli,0.10465440741114479,0.30655513468013473,0.19742388621304624,0.48443254013027115,0.0,0.240745241260091,0
K G Halli,0.5916076052214806,0.30655513468013473,0.36312031217020896,0.5608869536458432,0.0,0.45578630771247686,0
K G Halli,0.5940293566756949,0.30655513468013473,0.21977652425001526,0.3130584194538663,0.0,0.3907908830086166,0
K G Halli,0.7046134466377996,0.30655513468013473,0.3948201346567356,0.37427685212865525,0.0,0.47368680147791564,0
K G Halli,0.6015638655407638,0.30655513468013473,0.643766395270434,0.21167446388161104,0.0,0.4630183419796362,0
K G Halli,0.5185164941803581,0.30655513468013473,0.19432770635555374,0.4806066477229105,0.0,0.38440385179671305,0
K G Halli,0.6319479122602557,0.30655513468013473,0.2243562334458446,0.6463696264831703,0.0,0.4549750003567744,0
K G Halli,0.8431068271110299,0.30655513468013473,0.186725192376785,0.16476382013060575,0.0,0.4491135413878487,0
K G Halli,0.7576499500063729,0.30655513468013473,0.17910672660631977,0.34293914732422964,0.0,0.4444062403261693,0
K G Halli,0.4511072308980531,0.30655513468013473,0.5973512502713845,0.4512629452561165,0.0,0.4370137630610534,0
K G Halli,0.7542915319230489,0.30655513468013473,0.19285743239929556,0.2455623716844246,0.0,0.43137441880963034,0
K G Halli,0.5645245078362012,0.30655513468013473,0.38423537935282365,0.5450458135266298,0.0,0.44815406604627,0
K G Halli,0.2704699355690936,0.30655513468013473,0.35246699048847496,0.6178462505022415,0.0,0.3498013535262544,0
K G Halli,0.19293254899780932,0.30655513468013473,0.17563228687343502,0.14985232015141048,0.0,0.21709723795067226,0
K G Halli,0.6266236737409199,0.30655513468013473,0.2263888510404258,0.678312692745401,0.0,0.4583095003332576,0
K G Halli,0.5455649555856965,0.30655513468013473,0.1696063240262734,0.3609294513882077,0.0,0.37097495737252006,0
K G Halli,0.6673088867953486,0.30655513468013473,0.32754833887499385,0.6955281506055832,0.0,0.49536354114824865,0
K G Halli,0.42822853659806426,0.30655513468013473,0.3145584682732069,0.18535691237736718,0.0,0.33256175872460936,0
K G Halli,0.37327721870518893,0.30655513468013473,0.2769316585822619,0.24733095986038625,0.0,0.31509954264636686,0
K G Halli,0.5285475719847542,0.30655513468013473,0.2824457233750237,0.11025624633913393,0.0,0.3499857722245792,0
K G Halli,0.3188986648287604,0.30655513468013473,0.20866507834766382,0.5293778940503029,0.0,0.3247207728711848,0
K G Halli,0.46753035079937166,0.30655513468013473,0.7263680994122148,0.30595640978060856,0.0,0.44676924453335476,0
K G Halli,0.5381281900354048,0.30655513468013473,0.42447093745926895,0.2244196212017059,0.0,0.39886853758854174,0
K G Halli,0.22708258134541282,0.30655513468013473,0.47004765837682716,0.21267404964454711,0.0,0.29735608299698235,0
K G Halli,0.408120467226932,0.30655513468013473,0.2823685099960625,0.6734765198452708,0.0,0.3923038839094697,0
K G Halli,0.43003276582586075,0.30655513468013473,0.2813892753965396,0.5570814055829398,0.0,0.38231807435984055,0
K G Halli,0.49349573332091506,0.30655513468013473,0.1914995224316267,0.46340942832283294,0.0,0.372501365801111,0
K G Halli,0.630355125535023,0.30655513468013473,0.19327502597140292,0.4396313400084378,0.0,0.41719054053684473,0
K G Halli,0.7222107633055715,0.30655513468013473,0.22268634906224308,0.1533872178032144,0.0,0.4122856600439212,0
K G Halli,0.36416367136061184,0.30655513468013473,0.4352696745926261,0.6779239300385329,0.0,0.40816634980455974,0
K G Halli,0.529086710620115,0.30655513468013473,0.2795926442996283,0.12194208616700414,0.0,0.3513567309060569,0
K G Halli,0.1876213076528888,0.30655513468013473,0.11705164342379806,0.4331989987374999,0.0,0.24602417657793607,0
K G Halli,0.47137743655662534,0.30655513468013473,0.5537687530342079,0.3373395585580035,0.0,0.4183033275894014,0
K G Halli,0.418665076901801,0.30655513468013473,0.5190812183370815,0.3300388589144807,0.0,0.3918213898242591,0
K G Halli,0.5988492098355271,0.30655513468013473,0.49901118783493,0.5770839262079561,0.0,0.4879285903446543,0
K G Halli,0.3485598741831639,0.30655513468013473,0.23856895302896788,0.511289253720252,0.0,0.3383696750319791,0
K G Halli,0.556056741464017,0.30655513468013473,0.1906778012414449,0.1549745346635202,0.0,0.3479681403642633,0
K G Halli,0.6985288612296414,0.30655513468013473,0.2584515402286893,0.4313762291704261,0.0,0.4528483842557167,0
K G Halli,0.5199316000032567,0.30655513468013473,0.5788919226251721,0.39664559738508987,0.0,0.44921782453797815,0
K G Halli,0.5665602434605761,0.30655513468013473,0.5104139727257975,0.33726341684719235,0.0,0.44293493268748035,0
K G Halli,0.5703713389368583,0.30655513468013473,0.43174349578130095,0.5789703867506792,0.0,0.46479076620080284,0
K G Halli,0.39385135495205303,0.30655513468013473,0.2704606653526579,0.5299535233777616,0.0,0.36339967621445474,0
K G Halli,0.46962181149396837,0.30655513468013473,0.3404926458584779,0.23161227449959862,0.0,0.3591745447735647,0
K G Halli,0.7663625439166017,0.30655513468013473,0.46332659523851266,0.3653529348639548,0.0,0.5076616900521468,0
K G Halli,0.7626880212106564,0.30655513468013473,0.22344961321383933,0.4316352348260468,0.0,0.46834255569444505,0
K G Halli,0.8901012531547496,0.30655513468013473,0.44642982312925655,0.2955529835766395,0.0,0.53712089117055,0
Indiranagar,0.03260116867263768,0.30483217592592593,0.36923202496208507,0.2957106916597424,0.0,0.22106307055457933,0
Indiranagar,0.737853395892268,0.30483217592592593,0.32072204932868287,0.503846071547591,0.0,0.4894196619379468,0
Indiranagar,0.5826476418256265,0.30483217592592593,0.1805010697035002,0.5363006425592014,0.0,0.4119216377413273,0
Indiranagar,0.5814786335416062,0.30483217592592593,0.40587156797708224,0.4927683153182348,0.0,0.4500567354104916,0
Indiranagar,0.1693998442528611,0.30483217592592593,0.23497149998598982,0.7172698778784532,0.0,0.3053243799452451,0
Indiranagar,0.25893817609859315,0.30483217592592593,0.5833106583429034,0.13640522109012837,0.0,0.3192009292443853,0
Indiranagar,0.5191275561599429,0.30483217592592593,0.22807683562549974,0.5396302185544675,0.0,0.39970419734202783,0
Indiranagar,0.6145352346249442,0.30483217592592593,0.33426167421550623,0.22272326931550723,0.0,0.4067978101369356,0
Indiranagar,0.8108705352941599,0.30483217592592593,0.8005366190158936,0.5109511209443292,0.0,0.6120043320755618,1
Indiranagar,0.4711484151242078,0.30483217592592593,0.34247743796970087,0.2925871102708476,0.0,0.3687351522058179,0
Indiranagar,0.7372341453447901,0.30483217592592593,0.4939536780920515,0.1632651622677871,0.0,0.4727621136070327,0
Indiranagar,0.5088421316570944,0.30483217592592593,0.1434486367095581,0.22464222705611808,0.0,0.33193046025809014,0
Indiranagar,0.10181547245213596,0.30483217592592593,0.6617517750930919,0.5145473491855901,0.0,0.33661752553248225,0
Indiranagar,0.7003966365270923,0.30483217592592593,0.16018062385332427,0.811855567451094,0.0,0.490402935450589,0
Indiranagar,0.34883392502828847,0.30483217592592593,0.29524377763366216,0.29164609318152895,0.0,0.3163371960416405,0
Indiranagar,0.39796336299677054,0.30483217592592593,0.4476836733710836,0.5792056895947699,0.0,0.40715441794007967,0
Indiranagar,0.4432328578396747,0.30483217592592593,0.38808963552833653,0.45863492105145015,0.0,0.3929943182850487,0
Indiranagar,0.7750895326568465,0.30483217592592593,0.2123050915713517,0.16480527167810927,0.0,0.4299127982736608,0
Indiranagar,0.36660409619871775,0.30483217592592593,0.22858091285699864,0.6035744008008378,0.0,0.35601342913885436,0
Indiranagar,0.7023018940147687,0.30483217592592593,0.5382992690047189,0.26206065709270254,0.0,0.48422426804779595,0
Indiranagar,0.793019578894059,0.30483217592592593,0.3226044264072808,0.40527967835366324,0.0,0.49431934242520403,0
Indiranagar,0.47672134288560103,0.30483217592592593,0.1039999114344461,0.21884000307250756,0.0,0.3119281055355035,0
Indiranagar,0.5468311913626731,0.30483217592592593,0.18077932556814597,0.4329951973878295,0.0,0.383945714476517,0
Indiranagar,0.4321881253838978,0.30483217592592593,0.3060089433295984,0.4676854212206083,0.0,0.3740700985111529,0
Indiranagar,0.23019947667115187,0.30483217592592593,0.2631304433074487,0.5478790826189748,0.0,0.3068274206670169,0
Indiranagar,0.7488988717112148,0.30483217592592593,0.3249803103819353,0.5427293650584849,0.0,0.4999697247118628,0
Indiranagar,0.41164369264624556,0.30483217592592593,0.5821584273568637,0.47550112251811405,0.0,0.4232817990530535,0
Indiranagar,0.4505275569087059,0.30483217592592593,0.27412184113255034,0.2050217712721822,0.0,0.3347119316131622,0
Indiranagar,0.5001460626147851,0.30483217592592593,0.5086791653874249,0.5009234627203023,0.0,0.4433751271784828,0
Indiranagar,0.4854176892146453,0.30483217592592593,0.3855180299132941,0.5008006156911635,0.0,0.41356954233923693,0
Indiranagar,0.3713096840753166,0.30483217592592593,0.5133933390137121,0.34439667168734006,0.0,0.37574621075998205,0
Indiranagar,0.549317603513112,0.30483217592592593,0.6085577112887648,0.11385410411835528,0.0,0.4225004718828732,0
Indiranagar,0.19902448710285248,0.30483217592592593,0.45523664254894436,0.4185303722673344,0.0,0.31493510761366517,0
Indiranagar,0.3438835924381459,0.30483217592592593,0.2620638532741856,0.4789642589418578,0.0,0.33606631962724465,0
Indiranagar,0.24509253381457807,0.30483217592592593,0.22373714793985494,0.3081540155632101,0.0,0.26820257153533256,0
Indiranagar,0.6322576702258808,0.30483217592592593,0.42341489668228127,0.5808479725324825,0.0,0.48455001257316466,0
Indiranagar,0.4172146194621381,0.30483217592592593,0.46731411940531786,0.6763210044558411,0.0,0.43238574413896586,0
Indiranagar,0.7753935218328849,0.30483217592592593,0.24942555971578126,0.4214134519444448,0.0,0.47593451515411045,0
Indiranagar,0.09426771696728192,0.30483217592592593,0.4543231572645948,0.112204462170436,0.0,0.23213865449481083,0
Indiranagar,0.05283229626845648,0.30483217592592593,0.27713422011911654,0.5626810165582291,0.0,0.24976995297929522,0
Indiranagar,0.2371115861832886,0.30483217592592593,0.18246234563135827,0.4525588834228247,0.0,0.27881500958162414,0
Indiranagar,0.5957145145569869,0.30483217592592593,0.545417059840673,0.46406364233999753,0.0,0.47864269119185743,0
Indiranagar,0.6477950558502311,0.30483217592592593,0.728989805735899,0.145048825549708,0.0,0.4857332073049947,0
Indiranagar,0.5285076440592071,0.30483217592592593,0.28994562044678696,0.21935387072593832,0.0,0.3673195328967484,0
Indiranagar,0.4646782301330222,0.30483217592592593,0.5841040745759541,0.3254212774200908,0.0,0.41972103985254,0
Indiranagar,0.6074028992591625,0.30483217592592593,0.14110017397272345,0.6075191996043067,0.0,0.42338858225367537,0
Indiranagar,0.33482970302862236,0.30483217592592593,0.679506328003509,0.13155616483279886,0.0,0.3642747391634172,0
Indiranagar,0.07310050420523811,0.30483217592592593,0.2223580135469355,0.22258293072430552,0.0,0.19489387156764404,0
Indiranagar,0.48776927730174585,0.30483217592592593,0.4230776172032965,0.3323022872916545,0.0,0.3966297663677963,0
Indiranagar,0.7246897304920331,0.30483217592592593,0.4713067566491277,0.5166113860676491,0.0,0.5168441176899623,0
Cubbon Park,0.4952510115151863,0.2962037037037037,0.6433528978522945,0.3378559561924068,0.0,0.4415479381407463,0
Cubbon Park,0.4972875420095397,0.2962037037037037,0.3732766758645306,0.2978095327145767,0.0,0.3822385158945426,0
Cubbon Park,0.9329696830695609,0.2962037037037037,0.3767575032548906,0.6081971913411246,0.0,0.5819815795376042,1
Cubbon Park,0.522921653894856,0.2962037037037037,0.34835615414078464,0.46199187574871536,0.0,0.4108537021647749,0
Cubbon Park,0.3395119473253228,0.2962037037037037,0.5358582916298483,0.6244399252762975,0.0,0.40852793979238833,0
Cubbon Park,0.5371670555832637,0.2962037037037037,0.14971486158656203,0.647070546126525,0.0,0.4038731348015446,0
Cubbon Park,0.45872522494978607,0.2962037037037037,0.4436698673526352,0.24210831756707676,0.0,0.37446516094912474,0
Cubbon Park,0.29613339983379855,0.2962037037037037,0.24780949529737906,0.07927385562902421,0.0,0.25396077845677,0
Cubbon Park,0.40892002570151975,0.2962037037037037,0.36680379129819674,0.3686020300993549,0.0,0.3606341828811856,0
Cubbon Park,0.7139171766837754,0.2962037037037037,0.44636362840657234,0.1309603735710925,0.0,0.4476489046674108,0
Cubbon Park,0.41583347539490173,0.2962037037037037,0.19369309173705107,0.3809431884648296,0.0,0.3302829241164613,0
Cubbon Park,0.40891603513105945,0.2962037037037037,0.21869388519154587,0.5823492628815313,0.0,0.36307288987752084,0
Cubbon Park,0.5205552897570339,0.2962037037037037,0.13908073510297875,0.2748875137463135,0.0,0.34010473660861573,0
Cubbon Park,0.67649877429018,0.2962037037037037,0.35899936923437586,0.5796599738434972,0.0,0.48438455203607383,0
Cubbon Park,0.6842647781917517,0.2962037037037037,0.3145408553535823,0.40245168933876035,0.0,0.4516297079497547,0
Cubbon Park,0.6386202557439903,0.2962037037037037,0.2647363417926542,0.37224120823285645,0.0,0.421161650214967,0
Cubbon Park,0.3771080936232722,0.2962037037037037,0.36298974431608827,0.2811933457653632,0.0,0.33562589460727854,0
Cubbon Park,0.7255018782212331,0.2962037037037037,0.5032871542538655,0.4353454421572729,0.0,0.5087460156629067,0
Cubbon Park,0.059850918672467834,0.2962037037037037,0.3165744123110025,0.5777290892805617,0.0,0.2597831785007596,0
Cubbon Park,0.6098434555496485,0.2962037037037037,0.4308294293553051,0.19174672862361763,0.0,0.4172342157180917,0
Cubbon Park,0.5909287867464806,0.2962037037037037,0.3918700475594474,0.5693134495568131,0.0,0.4594572134177908,0
Cubbon Park,0.4829949038348924,0.2962037037037037,0.4768764538741347,0.3924508808469901,0.0,0.41215225035519887,0
Cubbon Park,0.5345163808658677,0.2962037037037037,0.3019909470273638,0.555625375674024,0.0,0.4196838401707412,0
Cubbon Park,0.47023742014487335,0.2962037037037037,0.3031431662031205,0.3347562513034298,0.0,0.36428627909795536,0
Cubbon Park,0.5143975909801702,0.2962037037037037,0.4099484031776851,0.36048916508610573,0.0,0.4049633233526235,0
Cubbon Park,0.5523328160318751,0.2962037037037037,0.33109949518878357,0.20166939694459005,0.0,0.3786479053017126,0
Cubbon Park,0.355350281811821,0.2962037037037037,0.5903204535876801,0.3545322925188832,0.0,0.38447764434061693,0
Cubbon Park,0.726498778225701,0.2962037037037037,0.6432363092209301,0.28267849311002075,0.0,0.5141847193007956,0
Cubbon Park,0.6446596189279659,0.2962037037037037,0.7341264218709911,0.4310557556280562,0.0,0.5259756254543058,0
Cubbon Park,0.4625315678948602,0.2962037037037037,0.6018200657684418,0.6377190053962313,0.0,0.46676902383743524,0
Cubbon Park,0.6722599527425127,0.2962037037037037,0.3421537152631395,0.25960653067195305,0.0,0.4315238172244114,0
Cubbon Park,0.7647520280517466,0.2962037037037037,0.12296978906343087,0.42114882987521834,0.0,0.4442906032231913,0
Cubbon Park,0.5188215870027314,0.2962037037037037,0.3174051361087916,0.1793376253901974,0.0,0.36083033759235505,0
Cubbon Park,0.4706276617978349,0.2962037037037037,0.2904931362566318,0.4252625067449141,0.0,0.37546879600341676,0
Cubbon Park,0.5901474815904431,0.2962037037037037,0.7364446522559197,0.24338826600779362,0.0,0.4792099000201191,0
Cubbon Park,0.3113081004509145,0.2962037037037037,0.5407948003920459,0.38648413484153865,0.0,0.36395052657357113,0
Cubbon Park,0.8175704620980506,0.2962037037037037,0.46346699428145666,0.11340860480424535,0.0,0.48471546242235697,0
Cubbon Park,0.5252581260070479,0.2962037037037037,0.39923001579002637,0.38571144415797876,0.0,0.4104041749952799,0
Cubbon Park,0.43792919287314336,0.2962037037037037,0.46436325727803046,0.4720925398567873,0.0,0.4058228610508354,0
Cubbon Park,0.34785911936523295,0.2962037037037037,0.5172307990294133,0.6713815561207788,0.0,0.4147651961129421,0
Cubbon Park,0.3836071992676825,0.2962037037037037,0.5301264918977602,0.15531320404636093,0.0,0.35244590984130614,0
Cubbon Park,0.5321892792053637,0.2962037037037037,0.7110705324304479,0.2422715792663669,0.0,0.45368220220903305,0
Cubbon Park,0.43827589945065476,0.2962037037037037,0.3833071524140234,0.2940868940509082,0.0,0.3630321405092811,0
Cubbon Park,0.13708555690152435,0.2962037037037037,0.35472897973059275,0.37783462682029617,0.0,0.2644620459958076,0
Cubbon Park,0.765012069228203,0.2962037037037037,0.4776331511338109,0.40346575698331055,0.0,0.5126618291152408,0
Cubbon Park,0.12622411110595766,0.2962037037037037,0.17469389226766502,0.525944003532917,0.0,0.24686992898166682,0
Cubbon Park,0.4449213321792118,0.2962037037037037,0.26127796943476245,0.18663195095054155,0.0,0.324833963903369,0
Cubbon Park,0.3114524434553577,0.2962037037037037,0.2518404209906586,0.5482193524959044,0.0,0.3304704533930037,0
Cubbon Park,0.5449542399734244,0.2962037037037037,0.692454174298164,0.5713892793754687,0.0,0.5037943218677627,0
Cubbon Park,0.5315067879068784,0.2962037037037037,0.2862044389585773,0.30042236078662377,0.0,0.3771927287882275,0
Upparpet,0.44218339232823034,0.28900793650793655,0.30980855648966676,0.3995453543347897,0.0,0.3633600827154134,0
Upparpet,0.6080780167699372,0.28900793650793655,0.7492401868556913,0.4070075895561712,0.0,0.510428862626423,0
Upparpet,0.22045455424901977,0.28900793650793655,0.3496289687208183,0.42167102569857745,0.0,0.29703792253848815,0
Upparpet,0.4293004828805175,0.28900793650793655,0.2691912011872385,0.5381336988195656,0.0,0.3715158450209446,0
Upparpet,0.7695306383687941,0.28900793650793655,0.11817041332858336,0.43779301136224463,0.0,0.4453411387515122,0
Upparpet,0.41021931840417714,0.28900793650793655,0.14811858152697094,0.3144346127698344,0.0,0.3070680506147123,0
Upparpet,0.0,0.28900793650793655,0.33863045962289856,0.4087118548303633,0.0,0.21573525110151517,0
Upparpet,0.728284433210931,0.28900793650793655,0.548403186478804,0.6601276116671562,0.0,0.550301711622041,1
Upparpet,0.46233957641795953,0.28900793650793655,0.5382152942125105,0.4806601702012723,0.0,0.4282633170713597,0
Upparpet,0.25113593314908444,0.28900793650793655,0.6074546329696502,0.20053329698982092,0.0,0.3261708786969637,0
Upparpet,0.5939238315989005,0.28900793650793655,0.13629202164501825,0.38341670621835094,0.0,0.3793466322737524,0
Upparpet,0.5050410573815999,0.28900793650793655,0.19601962786667254,0.7914901796350488,0.0,0.4213942035545327,0
Upparpet,0.5467265476530676,0.28900793650793655,0.29430257409264216,0.25000649768965183,0.0,0.37441816210293083,0
Upparpet,0.5550514231511298,0.28900793650793655,0.17303068251755466,0.5610295724639969,0.0,0.3997309514283868,0
Upparpet,0.7715073128466008,0.28900793650793655,0.2332788368214556,0.07903318904605525,0.0,0.4152406861698906,0
Upparpet,0.32154032177322533,0.28900793650793655,0.30048084220025006,0.44045033014512575,0.0,0.3254052115348287,0
Upparpet,0.45827595686253614,0.28900793650793655,0.5587502820769499,0.4716302083186877,0.0,0.42959355351746176,0
Upparpet,0.5874860001300957,0.28900793650793655,0.20365810178076715,0.1839891906160025,0.0,0.36065247994646826,0
Upparpet,0.7207750182505013,0.28900793650793655,0.6855321661395415,0.4260006831518195,0.0,0.5399801730407376,0
Upparpet,0.4663280937409531,0.28900793650793655,0.4242680796932491,0.6715975790596889,0.0,0.4355104665593177,0
Upparpet,0.11599270300358394,0.28900793650793655,0.49931867457880774,0.2763729656250616,0.0,0.26861950676315616,0
Upparpet,0.6365083720100697,0.28900793650793655,0.11137330514392976,0.3254535803346541,0.0,0.3805730092348894,0
Upparpet,0.5615385333459548,0.28900793650793655,0.41106411347829974,0.33183593078799334,0.0,0.41522907993732405,0
Upparpet,0.22757046332737046,0.28900793650793655,0.6098040881169793,0.430647484422614,0.0,0.3529099834037486,0
Upparpet,0.429724849978444,0.28900793650793655,0.46208538898179474,0.5885918986021105,0.0,0.41781194103151187,0
Upparpet,0.40556744876552236,0.28900793650793655,0.30342919810579666,0.450489730810486,0.0,0.3569102872630461,0
Upparpet,0.2043863980445324,0.28900793650793655,0.3133763168102382,0.25039751191471676,0.0,0.25847251041722247,0
Upparpet,0.8345907895189963,0.28900793650793655,0.3913803173525639,0.27415352551429667,0.0,0.49820824958168697,0
Upparpet,0.5430590301556872,0.28900793650793655,0.2726590973178743,0.37224211479954267,0.0,0.38714117819037774,0
Upparpet,0.5621116146606685,0.28900793650793655,0.31621674506739417,0.2820319454606496,0.0,0.38898958691619123,0
Upparpet,0.6772224576517822,0.28900793650793655,0.1852809531340095,0.578159387960507,0.0,0.4475103399513827,0
Upparpet,0.36425206513609454,0.28900793650793655,0.2119345008562182,0.32707660453407433,0.0,0.3056389946013688,0
Upparpet,0.8244187484129801,0.28900793650793655,0.5330363928672237,0.4875160704574142,0.0,0.5549836320389809,1
Upparpet,0.7095134209372703,0.28900793650793655,0.3811665453313101,0.33185414635270666,0.0,0.4610435092995936,0
Upparpet,0.3658052121575548,0.28900793650793655,0.5213290087287715,0.22062220716824166,0.0,0.3520933380285157,0
Upparpet,0.34210649968966433,0.28900793650793655,0.3960329043244361,0.3004800202922244,0.0,0.3307182397524844,0
Upparpet,0.42814247310431464,0.28900793650793655,0.611950143986292,0.4477186247119776,0.0,0.4261000690429461,0
Upparpet,0.03140130039731254,0.28900793650793655,0.5309164589214611,0.5474520211362432,0.0,0.28599393104616905,0
Upparpet,0.3438312268939937,0.28900793650793655,0.08467132256233957,0.5587975942334948,0.0,0.3077972140127709,0
Upparpet,0.45063709857883555,0.28900793650793655,0.29851346114369237,0.11164996841175673,0.0,0.3208755529454754,0
Upparpet,0.3121525835431617,0.28900793650793655,0.34839459241038523,0.457903259994541,0.0,0.3343201926737458,0
Upparpet,0.4759211830078148,0.28900793650793655,0.6475601038686924,0.531624197897839,0.0,0.4625304454635305,0
Upparpet,0.05582397275237244,0.28900793650793655,0.1766406323817074,0.5845156324608463,0.0,0.22924624276117972,0
Upparpet,0.38981117010839833,0.28900793650793655,0.4209967315215625,0.2161930417401028,0.0,0.33976459305564827,0
Upparpet,0.33849010420910475,0.28900793650793655,0.128848490043322,0.23843964867430267,0.0,0.26670956273537744,0
Upparpet,0.3578169343001564,0.28900793650793655,0.27413496151760597,0.34734442377116126,0.0,0.3188669638266311,0
Upparpet,0.5527445210367758,0.28900793650793655,0.4688826229995573,0.6082954978371342,0.0,0.4651838125907341,0
Upparpet,0.40342814894592205,0.28900793650793655,0.5663560450787346,0.6285961269940197,0.0,0.4354628611483035,0
Upparpet,0.3882627850205192,0.28900793650793655,0.4251886576007257,0.3163396060016884,0.0,0.35508302812996106,0
Upparpet,0.3290489679057248,0.28900793650793655,0.36831157654304847,0.27789781591263585,0.0,0.3172165074148897,0
Shivajinagar,0.5292090330720463,0.28872264309764306,0.3975853099177739,0.24472612329768598,0.0,0.3880659349827168,0
Shivajinagar,0.510588236180388,0.28872264309764306,0.6051436475930303,0.3191928071794146,0.0,0.434230326187947,0
Shivajinagar,0.4478108619291154,0.28872264309764306,0.5278584128483019,0.5277065522644372,0.0,0.4280782600138093,0
Shivajinagar,0.67331576891703,0.28872264309764306,0.24115244584982226,0.4284962964366365,0.0,0.4347822456857134,0
Shivajinagar,0.689627203102211,0.28872264309764306,0.4556890273448599,0.363780048455356,0.0,0.4736911267523421,0
Shivajinagar,0.22113184471753344,0.28872264309764306,0.35592334858867675,0.2952056029921176,0.0,0.27947844874698263,0
Shivajinagar,0.20604947005973634,0.28872264309764306,0.40407322566519116,0.7462298356828001,0.0,0.3514832279356589,0
Shivajinagar,0.6784789894159744,0.28872264309764306,0.2765050225022564,0.38274212551487374,0.0,0.4367967625525663,0
Shivajinagar,0.3731403347652307,0.28872264309764306,0.1453381121007169,0.28480323368118876,0.0,0.2890040175694453,0
Shivajinagar,0.46136309877740656,0.28872264309764306,0.2944308860115641,0.21537436697623039,0.0,0.3392862097501326,0
Shivajinagar,0.2761641772996154,0.28872264309764306,0.784931237885712,0.24059263489649804,0.0,0.3763493977957754,0
Shivajinagar,0.6604409407021348,0.28872264309764306,0.6408089363036333,0.6195262097880726,0.0,0.5388618409039777,0
Shivajinagar,0.37482317616591876,0.28872264309764306,0.5256239647882883,0.22975959152223982,0.0,0.35739363627335813,0
Shivajinagar,0.5066800985972205,0.28872264309764306,0.5068205808865717,0.1864348465475198,0.0,0.3932841705977624,0
Shivajinagar,0.334572332369394,0.28872264309764306,0.4220697347664448,0.458192174406588,0.0,0.35685988237285793,0
Shivajinagar,0.5469921726631961,0.28872264309764306,0.5630539101034009,0.6578162935340146,0.0,0.4893472794121939,0
Shivajinagar,0.3566488699640731,0.28872264309764306,0.683432054401792,0.25985685695610583,0.0,0.3871088368404928,0
Shivajinagar,0.3059521489503987,0.28872264309764306,0.822298958481024,0.5325918890659168,0.0,0.43804862011802476,0
Shivajinagar,0.5045334265677799,0.28872264309764306,0.21001181642248729,0.775443401223725,0.0,0.4215223656960721,0
Shivajinagar,0.5589418045780039,0.28872264309764306,0.215518844998879,0.25215972584208834,0.0,0.3631741524076833,0
Shivajinagar,0.4965117372401514,0.28872264309764306,0.36648588494368056,0.2919074150884655,0.0,0.3774791902153518,0
Shivajinagar,0.3363063792534219,0.28872264309764306,0.37795542447476427,0.39479311919578713,0.0,0.3391340784423115,0
Shivajinagar,0.48706930523607816,0.28872264309764306,0.43521996044924227,0.3269756431611396,0.0,0.3931813883259397,0
Shivajinagar,0.5526636843154148,0.28872264309764306,0.3259403160194273,0.4766400860469277,0.0,0.4167331585506127,0
Shivajinagar,0.3707198429613793,0.28872264309764306,0.46482641947289527,0.11575235633400732,0.0,0.3266968753104558,0
Shivajinagar,0.35902886131740236,0.28872264309764306,0.6459063155122118,0.37952629160341167,0.0,0.39838710123333787,0
Shivajinagar,0.24216731089915713,0.28872264309764306,0.392005208297995,0.5276633166832514,0.0,0.3289258909060846,0
Shivajinagar,0.2504556644494651,0.28872264309764306,0.39053805365878,0.39967018947009264,0.0,0.3123344146388756,0
Shivajinagar,0.9833880712230524,0.28872264309764306,0.3659261113802688,0.4440256281536206,0.0,0.5705916843564581,1
Shivajinagar,0.031800876663316435,0.28872264309764306,0.22649920670813856,0.2968733302981509,0.0,0.18757794064780403,0
Shivajinagar,0.6116795739493723,0.28872264309764306,0.3798502550562537,0.588807433824615,0.0,0.46499580989651623,0
Shivajinagar,0.5876859567708952,0.28872264309764306,0.45469711875556756,0.5380381140711941,0.0,0.46395201866089886,0
Shivajinagar,0.519668307312575,0.28872264309764306,0.7898402315585712,0.371153674399068,0.0,0.48214179796026857,0
Shivajinagar,0.39176883747555147,0.28872264309764306,0.4756754524494254,0.37912869033362007,0.0,0.375740280085664,0
Shivajinagar,0.3628594574670039,0.28872264309764306,0.5666476339060218,0.34246491173746063,0.0,0.37831686658456776,0
Shivajinagar,0.3603811416718792,0.28872264309764306,0.46649404743633177,0.46812712199218864,0.0,0.37626807030054527,0
Shivajinagar,0.4149460764761896,0.28872264309764306,0.42141893546428727,0.5645695505985701,0.0,0.40081713937860225,0
Shivajinagar,0.7039725692438314,0.28872264309764306,0.21162500809097137,0.3280926293731451,0.0,0.4245460881888,0
Shivajinagar,0.7939129402105649,0.28872264309764306,0.29021118468718143,0.7065417873165752,0.0,0.5285098270379133,0
Shivajinagar,0.776478649083486,0.28872264309764306,0.410934688398223,0.41840612105808733,0.0,0.5033321759468707,0
Shivajinagar,0.5066273359134303,0.28872264309764306,0.4301808029371568,0.7627547134409248,0.0,0.46438572810256357,0
Shivajinagar,0.5412034920693067,0.28872264309764306,0.31249018048793903,0.5355290700812747,0.0,0.41886541176332925,0
Shivajinagar,0.5706620205791761,0.28872264309764306,0.3571485713821265,0.5821909516468817,0.0,0.44510685715546205,0
Shivajinagar,0.5432278443586807,0.28872264309764306,0.5446439650654394,0.29817543204811725,0.0,0.43040164627513655,0
Shivajinagar,0.5712764237038044,0.28872264309764306,0.4859388857025067,0.4269393103367121,0.0,0.4477922149166326,0
Shivajinagar,0.6434043269440665,0.28872264309764306,0.38666851778355044,0.18770123592067411,0.0,0.4172971963045274,0
Shivajinagar,0.3804501099610804,0.28872264309764306,0.42965549429402644,0.44640726478831577,0.0,0.3726665199927237,0
Shivajinagar,0.49794158250308296,0.28872264309764306,0.32683118200680367,0.6694840016772822,0.0,0.426685183458325,0
Shivajinagar,0.8126907801761034,0.28872264309764306,0.09776438882443667,0.5744601967882774,0.0,0.47678047327405804,0
Shivajinagar,0.6485575634813032,0.28872264309764306,0.20905470048040195,0.27121600070857416,0.0,0.39610528035011555,0
Magadi Road,0.24272500053833698,0.28839947089947093,0.33010761614515105,0.4217657343268594,0.0,0.30075997483631833,0
Magadi Road,0.522110152023287,0.28839947089947093,0.5331406372121692,0.364621017409851,0.0,0.4305796745319032,0
Magadi Road,0.44374615271189005,0.28839947089947093,0.3952201202759833,0.2757951603777076,0.0,0.3622442928308556,0
Magadi Road,0.6626417984052364,0.28839947089947093,0.4048136819667213,0.37339347703347503,0.0,0.45541622866003956,0
Magadi Road,0.6540062851948356,0.28839947089947093,0.2069499415429566,0.5403101741516702,0.0,0.4378585555193756,0
Magadi Road,0.3009327007045572,0.28839947089947093,0.3271013219451955,0.307127463940684,0.0,0.303335670496578,0
Magadi Road,0.259617909931234,0.28839947089947093,0.4355297491036242,0.41372602823780036,0.0,0.3265509638021681,0
Magadi Road,0.7077963498462223,0.28839947089947093,0.5560421874300937,0.3863081430524897,0.0,0.5034032226599112,0
Magadi Road,0.47899683402283955,0.28839947089947093,0.17501383102661533,0.44044481021218895,0.0,0.3552382209149865,0
Magadi Road,0.6531155778023432,0.28839947089947093,0.2854865785394139,0.7458433923194674,0.0,0.4840841180564643,0
Magadi Road,0.6990774614202633,0.28839947089947093,0.47478158243003543,0.7503681112253,0.0,0.5387084859367355,0
Magadi Road,0.5058106935707167,0.28839947089947093,0.6477199074117516,0.31155472334339407,0.0,0.4398307740034515,0
Magadi Road,0.4628513538258216,0.28839947089947093,0.33100134853190777,0.5086114083982065,0.0,0.3910097960749913,0
Magadi Road,0.45731614752697014,0.28839947089947093,0.13640688182677058,0.5864589419970658,0.0,0.3618307105691948,0
Magadi Road,0.29937779742165826,0.28839947089947093,0.1588264246021236,0.7432684038855091,0.0,0.33455761587067273,0
Magadi Road,0.6488220396958031,0.28839947089947093,0.3516276325217713,0.38941882790057036,0.0,0.44234590585281214,0
Magadi Road,0.28286556643609945,0.28839947089947093,0.2505206588845687,0.5186012362812163,0.0,0.3134171067415723,0
Magadi Road,0.5920981347701342,0.28839947089947093,0.16084937187112885,0.3720437151764432,0.0,0.38173062009008046,0
Magadi Road,0.42769995023367,0.28839947089947093,0.5301433311214206,0.37592158743338033,0.0,0.39863172819091697,0
Magadi Road,0.4282230317535687,0.28839947089947093,0.35875097540789513,0.15502072325802838,0.0,0.33140120595387357,0
Magadi Road,0.5756490729876554,0.28839947089947093,0.42603341157767094,0.5221876445461106,0.0,0.45153184581297146,0
Magadi Road,0.4211801936152372,0.28839947089947093,0.11682310947034244,0.727426499170232,0.0,0.3664115058047776,0
Magadi Road,0.5236577877393996,0.28839947089947093,0.11249960420336193,0.4043641160661885,0.0,0.3529546052292318,0
Magadi Road,0.5546937240660049,0.28839947089947093,0.8597744732950628,0.30325420313498364,0.0,0.4981056698222031,0
Magadi Road,0.3594509351639971,0.28839947089947093,0.15825234641317135,0.24007179868324202,0.0,0.27998890766236084,0
Magadi Road,0.5157065744015965,0.28839947089947093,0.5968942851900643,0.3293630271593252,0.0,0.4358004534223117,0
Magadi Road,0.6239333794159772,0.28839947089947093,0.29420350775586157,0.21712581519717777,0.0,0.39630609789618226,0
Magadi Road,0.5791261947209265,0.28839947089947093,0.3489591529164553,0.4404819105870844,0.0,0.4250781265935193,0
Magadi Road,0.7389137973996067,0.28839947089947093,0.6892146036576502,0.24560580843400817,0.0,0.5198234623563349,0
Magadi Road,0.19692106342544036,0.28839947089947093,0.1606725299360346,0.09657188891653858,0.0,0.20206250279343313,0
Magadi Road,0.4051702136754172,0.28839947089947093,0.26295399802690944,0.6865954707187705,0.0,0.38390953626943475,0
Magadi Road,0.7283213687028058,0.28839947089947093,0.30613951355881686,0.10752032039762704,0.0,0.4187882710872307,0
Magadi Road,0.23995190967300165,0.28839947089947093,0.39453092862953354,0.19955742539329654,0.0,0.27934280919029303,0
Magadi Road,0.712274424340748,0.28839947089947093,0.2944974387552517,0.2841895753541108,0.0,0.43734381384327004,0
Magadi Road,0.40351225920164047,0.28839947089947093,0.5727162302263854,0.48112875629685614,0.0,0.41446169148022094,0
Magadi Road,0.7269516370120153,0.28839947089947093,0.1618604842891901,0.2489961669892716,0.0,0.4106744361302754,0
Magadi Road,0.5727191875203856,0.28839947089947093,0.33926813171544534,0.4697128632057247,0.0,0.425282112725924,0
Magadi Road,0.07464555477209417,0.28839947089947093,0.20040184919883228,0.27039412222244164,0.0,0.1932852736132069,0
Magadi Road,0.5849907574472183,0.28839947089947093,0.4645928370895601,0.5380069987403236,0.0,0.4648862236053283,0
Magadi Road,0.32321150577426716,0.28839947089947093,0.20266703312533163,0.5926617927941942,0.0,0.3290765438350302,0
Magadi Road,0.43862089293356565,0.28839947089947093,0.15551544297119674,0.5894539953960389,0.0,0.3595583417002344,0
Magadi Road,0.6360796690242037,0.28839947089947093,0.5626169549767914,0.2949400122109667,0.0,0.46591211825531587,0
Magadi Road,0.4485557563695733,0.28839947089947093,0.3552720893220387,0.685108572238732,0.0,0.4173350596994094,0
Magadi Road,0.4797909587346274,0.28839947089947093,0.4056657677153088,0.509193679955571,0.0,0.4119588823633583,0
Magadi Road,0.41279398238866444,0.28839947089947093,0.3890683717564287,0.5342583048702387,0.0,0.3889501551876954,0
Magadi Road,0.6326338352414548,0.28839947089947093,0.6839293187153794,0.6948492310344304,0.0,0.5489549320025908,0
Magadi Road,0.356661687103111,0.28839947089947093,0.18000343455818418,0.6645620912434871,0.0,0.34703643235409,0
Magadi Road,0.541127359773097,0.28839947089947093,0.34780052719028853,0.6888015886805464,0.0,0.44879476093056486,0
Magadi Road,0.532198627741802,0.28839947089947093,0.47743260755028394,0.1567485751580418,0.0,0.3917881687632351,0
Magadi Road,0.4294756175856752,0.28839947089947093,0.13645309550842688,0.3172753770346405,0.0,0.31171823308170904,0
City Market,0.6046600201083148,0.27980820105820103,0.13760482041203803,0.793325265736347,0.0,0.44209322129823014,0
City Market,0.4144668169196589,0.27980820105820103,0.3943131832721771,0.25448443479757255,0.0,0.3460411481134122,0
City Market,0.4050587972617329,0.27980820105820103,0.21574267700497682,0.10356716234328148,0.0,0.2843966491115544,0
City Market,0.568573829808053,0.27980820105820103,0.2514292077212863,0.564339790441228,0.0,0.4178801108607203,0
City Market,0.5842802604676421,0.27980820105820103,0.11901804488573581,0.5672063084509105,0.0,0.39732510672591875,0
City Market,0.43966823607635663,0.27980820105820103,0.3596222555046996,0.38625267418998566,0.0,0.3676886951736229,0
City Market,0.6024406896804403,0.27980820105820103,0.23521196223190508,0.4309479892531002,0.0,0.40648129253996046,0
City Market,0.5781664098648291,0.27980820105820103,0.42298510373860315,0.4001773611180329,0.0,0.43092432868557606,0
City Market,0.617510451073607,0.27980820105820103,0.1324773501964405,0.6080000947239492,0.0,0.4177666024411032,0
City Market,0.7241735159124743,0.27980820105820103,0.4549383411318584,0.2919822394272586,0.0,0.4721881950272867,0
City Market,0.4957312576148114,0.27980820105820103,0.5500046154813817,0.2082337692187951,0.0,0.3986843889617399,0
City Market,0.6036810426632178,0.27980820105820103,0.7010252455248092,0.4919639349286371,0.0,0.5092304645938439,0
City Market,0.27846578920105614,0.27980820105820103,0.43718709502492564,0.07655250747067639,0.0,0.28032578166341654,0
City Market,0.2825600400229211,0.27980820105820103,0.3489254865415757,0.15964220035933557,0.0,0.2765699016876982,0
City Market,0.5166942504041386,0.27980820105820103,0.6611209021595246,0.523982543445676,0.0,0.47560700990766513,0
City Market,0.33077193616711575,0.27980820105820103,0.2936792883112875,0.5244821700194356,0.0,0.3371208211411236,0
City Market,0.4316144869681467,0.27980820105820103,0.7274911245636362,0.1170066896049729,0.0,0.39805675910978483,0
City Market,0.5321328367400685,0.27980820105820103,0.3172298453972241,0.558423508137958,0.0,0.41739844847662283,0
City Market,0.6000189320695883,0.27980820105820103,0.39067224417970053,0.3500737018041954,0.0,0.4245945906483856,0
City Market,0.6055274723705063,0.27980820105820103,0.22688097699750573,0.4887627649502756,0.0,0.41456768578918,0
City Market,0.3692995441487695,0.27980820105820103,0.6812673413225898,0.4867039433561603,0.0,0.42245636053747165,0
City Market,0.524705135648122,0.27980820105820103,0.4372843732374,0.597199539677739,0.0,0.4446260633934438,0
City Market,0.383040236991201,0.27980820105820103,0.44373893850754353,0.6568380838597532,0.0,0.4052800435448523,0
City Market,0.23006167685424836,0.27980820105820103,0.38745555780500535,0.23987237205117654,0.0,0.2779360145851248,0
City Market,0.502954961141574,0.27980820105820103,0.3285740981021888,0.37293797885842894,0.0,0.3816322131662133,0
City Market,0.3736171282868743,0.27980820105820103,0.23522092009743256,0.6742548530026806,0.0,0.3628908671877549,0
City Market,0.7146859713612869,0.27980820105820103,0.3065913468005944,0.40640351353705273,0.0,0.4563613466845874,0
City Market,0.34421887660437217,0.27980820105820103,0.5652072955747035,0.3377681114598775,0.0,0.3681257429629129,0
City Market,0.3037736239371639,0.27980820105820103,0.47759457728666976,0.49026748169975964,0.0,0.35932226640776554,0
City Market,0.3329813241524978,0.27980820105820103,0.28481296469552886,0.20921118670237546,0.0,0.2888301947152966,0
City Market,0.3653217022302331,0.27980820105820103,0.30680997899663587,0.6438901696686988,0.0,0.3697505773476739,0
City Market,0.5023583479828493,0.27980820105820103,0.16097901467617526,0.36186783336237616,0.0,0.346243860051049,0
City Market,0.27905390372820604,0.27980820105820103,0.5701573449752466,0.30779891275243154,0.0,0.3418126325302465,0
City Market,0.6267515895662608,0.27980820105820103,0.5659546083378354,0.7183953145005798,0.0,0.5242557355083055,0
City Market,0.7860618680509477,0.27980820105820103,0.1631267397435222,0.17227100522269112,0.0,0.41753011286740005,0
City Market,0.16491905209874735,0.27980820105820103,0.4770312530794325,0.35364901757571143,0.0,0.2901177318042651,0
City Market,0.33908497789930614,0.27980820105820103,0.22268489167879096,0.6592124908226752,0.0,0.3460410545413769,0
City Market,0.3375049934179122,0.27980820105820103,0.15169249036793053,0.43972705134278167,0.0,0.29836676378873295,0
City Market,0.6713409042710967,0.27980820105820103,0.3185725932816147,0.23402852349992573,0.0,0.417730573993656,0
City Market,0.199885139814855,0.27980820105820103,0.24387205128456602,0.5586000540916505,0.0,0.28646667762332034,0
City Market,0.3723014667493332,0.27980820105820103,0.3974548329350333,0.46414382895097395,0.0,0.3633605146093797,0
City Market,0.659486455983002,0.27980820105820103,0.5596473304947058,0.08360247875674308,0.0,0.43923255782396364,0
City Market,0.6296618902421387,0.27980820105820103,0.558853645838074,0.40335750275356697,0.0,0.47659847648285864,0
City Market,0.4666971682587586,0.27980820105820103,0.19381356223276514,0.5764005239391797,0.0,0.3725092602454558,0
City Market,0.6486037447786627,0.27980820105820103,0.7822605005148899,0.20836388975860176,0.0,0.4986604545567605,0
City Market,0.5337275920762293,0.27980820105820103,0.20939488490798083,0.29325862554160465,0.0,0.3566148883569774,0
City Market,0.6120221023517332,0.27980820105820103,0.2343635594767498,0.7504474761728793,0.0,0.4575900294618488,0
City Market,0.6496228857067112,0.27980820105820103,0.23562793480998115,0.6411961663268958,0.0,0.45461548222583975,0
City Market,0.5053431407713912,0.27980820105820103,0.5520410615267409,0.4307408817534054,0.0,0.4358319041558062,0
City Market,0.16317786281751595,0.27980820105820103,0.24035461115671744,0.20271288365748952,0.0,0.21953256708355778,0
U.Gate,0.17039329835719175,0.27112129629629633,0.17890515349763392,0.5498576332216588,0.0,0.25923371899668163,0
U.Gate,0.5892763544721917,0.27112129629629633,0.1640512691919048,0.3109817486000072,0.0,0.36704062908253804,0
U.Gate,0.512880872141528,0.27112129629629633,0.23130843309145246,0.6050572929328708,0.0,0.39786497469664484,0
U.Gate,0.33345860127321036,0.27112129629629633,0.3106041306825158,0.13587967010082705,0.0,0.2805496759861397,0
U.Gate,0.39065280826665433,0.27112129629629633,0.21047671952290886,0.3653642655990458,0.0,0.31496485552665654,0
U.Gate,0.4719835144907098,0.27112129629629633,0.3747459137606274,0.4136755609827032,0.0,0.3835311358601683,0
U.Gate,0.06315670742124574,0.27112129629629633,0.4271968530330844,0.14056532729598772,0.0,0.20996540618733994,0
U.Gate,0.18144996833970167,0.27112129629629633,0.598356425592789,0.2883719723060913,0.0,0.307770958772256,0
U.Gate,0.5927644723203026,0.27112129629629633,0.4327846224043473,0.1268299330683222,0.0,0.3943853686421126,0
U.Gate,0.7767724994014178,0.27112129629629633,0.6279470513927841,0.1624413943432509,0.0,0.5031623831094296,0
U.Gate,0.524744681968642,0.27112129629629633,0.5171085060859586,0.4725641286690829,0.0,0.4393033480954678,0
U.Gate,0.6746145680510809,0.27112129629629633,0.3608266335175828,0.3846402083150189,0.0,0.44731284565753654,0
U.Gate,0.2734716933831819,0.27112129629629633,0.20218422136358927,0.2926881597029449,0.0,0.26139154980116214,0
U.Gate,0.707061692051182,0.27112129629629633,0.6294382351811927,0.29574323891664,0.0,0.4990571139805371,0
U.Gate,0.5066318357859932,0.27112129629629633,0.41782871915089353,0.14010653430290787,0.0,0.36323925538960145,0
U.Gate,0.6989336942695735,0.27112129629629633,0.6238903438282586,0.3512615202537578,0.0,0.503430478686955,0
U.Gate,0.11259787276468047,0.27112129629629633,0.28381675986386723,0.6616876477076722,0.0,0.27676214348545136,0
U.Gate,0.3293698634567316,0.27112129629629633,0.49015619095770935,0.6482663187817506,0.0,0.3918870271075494,0
U.Gate,0.37950561071121575,0.27112129629629633,0.45117654003786956,0.25673451484211945,0.0,0.34290883787170623,0
U.Gate,0.0,0.27112129629629633,0.27786094057410077,0.3914767639076998,0.0,0.19563009158986402,0
U.Gate,0.6882089940758577,0.27112129629629633,0.40832945890421696,0.3609566294666247,0.0,0.45801892301627617,0
U.Gate,0.28225949329702904,0.27112129629629633,0.3539840326383618,0.6358160047345747,0.0,0.34629641878070766,0
U.Gate,0.34572243787482415,0.27112129629629633,0.47948624477911816,0.5043206225088525,0.0,0.3738845844772289,0
U.Gate,0.5621837858158437,0.27112129629629633,0.5224651976086448,0.5492781054559261,0.0,0.4649854692645521,0
U.Gate,0.13686562890855652,0.27112129629629633,0.14497221841277522,0.6586706962937442,0.0,0.25703440713350034,0
U.Gate,0.5025340163007267,0.27112129629629633,0.24304186961487642,0.22562205545445027,0.0,0.339674976835286,0
U.Gate,0.48231267175304476,0.27112129629629633,0.12190566813487688,0.39872997020109,0.0,0.3343364531595934,0
U.Gate,0.5834989123451799,0.27112129629629633,0.21131363947010173,0.4914098237611693,0.0,0.40153520966789763,0
U.Gate,0.1585917469230977,0.27112129629629633,0.5743984258868866,0.43629897734569617,0.0,0.3171680320912048,0
U.Gate,0.57207260894236,0.27112129629629633,0.3849319609792117,0.567886081441618,0.0,0.44373110643079994,0
U.Gate,0.5209183487764959,0.27112129629629633,0.4798054549647664,0.6470306918786566,0.0,0.4566735057354142,0
U.Gate,0.6395447573117726,0.27112129629629633,0.32754642211760165,0.7431021204012848,0.0,0.48215165643172236,0
U.Gate,0.2388420025775285,0.27112129629629633,0.5073146900225456,0.7711486300349589,0.0,0.38206632230077686,0
U.Gate,0.5648003946400579,0.27112129629629633,0.49858212454065876,0.1275673698261935,0.0,0.39786805739497,0
U.Gate,0.6534630981808793,0.27112129629629633,0.3822451793883493,0.24729581824915098,0.0,0.4235918818672392,0
U.Gate,0.3047638361043864,0.27112129629629633,0.2814961537374086,0.29736727276502734,0.0,0.28890805318766,0
U.Gate,0.6977497599585771,0.27112129629629633,0.18258855267757826,0.3786589138482605,0.0,0.4188653524871456,0
U.Gate,0.40948628600981135,0.27112129629629633,0.2467322305058046,0.17956508676789382,0.0,0.30093779810866783,0
U.Gate,0.5437983665876521,0.27112129629629633,0.20923533161168573,0.4286071102779034,0.0,0.3778039500585898,0
U.Gate,0.42407883642403055,0.27112129629629633,0.5160162003236157,0.29947234038091564,0.0,0.3778880727591601,0
U.Gate,0.6239159971841441,0.27112129629629633,0.3501781168679345,0.5045888279980114,0.0,0.44543093547662793,0
U.Gate,0.6227986660616393,0.27112129629629633,0.21629244898200548,0.30668075608816514,0.0,0.38857652522008856,0
U.Gate,0.7025544795057099,0.27112129629629633,0.3207826128788399,0.6505898524736998,0.0,0.4889754571627103,0
U.Gate,0.43151639544277304,0.27112129629629633,0.21448719001094438,0.14349670355498848,0.0,0.29678907082929656,0
U.Gate,0.3959708938398359,0.27112129629629633,0.14905094619919512,0.40082201749248314,0.0,0.309859693596543,0
U.Gate,0.5421778964497335,0.27112129629629633,0.7493158509233517,0.3030317999081881,0.0,0.46641659281719416,0
U.Gate,0.6485896409984604,0.27112129629629633,0.731499651460601,0.7411111685345956,0.0,0.5658093688106596,1
U.Gate,0.4617697568562479,0.27112129629629633,0.37065444970532724,0.3013375415376389,0.0,0.362287324960287,0
U.Gate,0.38609368547671497,0.27112129629629633,0.6836337153602291,0.2893317952783637,0.0,0.39659569116953947,0
U.Gate,0.5650021382398508,0.27112129629629633,0.6741722424545616,0.41424833981711945,0.0,0.47605883673631694,0
H.Grounds,0.6826786384071776,0.270787037037037,0.32360063294637176,0.3201027942114396,0.0,0.4329091802746135,0
H.Grounds,0.618866858013725,0.270787037037037,0.41499626968328696,0.5720864780386319,0.0,0.466651737058367,0
H.Grounds,0.28329301555003017,0.270787037037037,0.5062415309655061,0.4467910979414532,0.0,0.3486556374379408,0
H.Grounds,0.4149846662175422,0.270787037037037,0.4333479947750293,0.5780223011946327,0.0,0.39985368842145164,0
H.Grounds,0.5314544027077461,0.270787037037037,0.8958711302242066,0.274403711777351,0.0,0.48757993487026624,0
H.Grounds,0.5150973922258786,0.270787037037037,0.31140215905039326,0.6307976250947076,0.0,0.41842027396445336,0
H.Grounds,0.3567004368459865,0.270787037037037,0.21208388238072476,0.2625770143365747,0.0,0.28788459263383753,0
H.Grounds,0.12797700311705507,0.270787037037037,0.1061749427535078,0.6219273145877318,0.0,0.24055214794094165,0
H.Grounds,0.4398151961082656,0.270787037037037,0.2945439321114168,0.6338016358778296,0.0,0.3891504615529618,0
H.Grounds,0.7149968433919327,0.270787037037037,0.6101496994718479,0.1888414725661806,0.0,0.4818411670775842,0
H.Grounds,0.4473977447052593,0.270787037037037,0.37792369539116566,0.2688625362512339,0.0,0.35373944127387,0
H.Grounds,0.2931591442465442,0.270787037037037,0.41841333161542815,0.6830702269700896,0.0,0.3699850119660006,0
H.Grounds,0.3304984215036644,0.270787037037037,0.672288144497118,0.3519655620836373,0.0,0.3841630218493628,0
H.Grounds,0.47344379439688467,0.270787037037037,0.39567869621850826,0.21481610813015664,0.0,0.35829959461324584,0
H.Grounds,0.6846138160132635,0.270787037037037,0.44538063896242996,0.47989429351713064,0.0,0.48191121853580887,0
H.Grounds,0.7460758609799338,0.270787037037037,0.5163995345184899,0.2972657081725459,0.0,0.49023242558366786,0
H.Grounds,0.6845064011200397,0.270787037037037,0.22767212964956915,0.22481304367067545,0.0,0.40006973398364015,0
H.Grounds,0.3979510119833304,0.270787037037037,0.17719661523929509,0.4380249683628481,0.0,0.32166203360756296,0
H.Grounds,0.34586400635155545,0.270787037037037,0.40014378666278083,0.4831386502441549,0.0,0.35478806820333486,0
H.Grounds,0.6406175819564304,0.270787037037037,0.20018167472378676,0.6026233640609394,0.0,0.43588210434976,0
H.Grounds,0.5990488781367738,0.270787037037037,0.4414778342579726,0.25300366836680416,0.0,0.4171493355655971,0
H.Grounds,0.8613712085006535,0.270787037037037,0.2447340941916134,0.5016160915913928,0.0,0.5069052666633714,0
H.Grounds,0.4251600609410268,0.270787037037037,0.6440163743444,0.2975263778257443,0.0,0.40347436398321207,0
H.Grounds,0.3889993774454112,0.270787037037037,0.3988450906395786,0.23699797631875855,0.0,0.3327046077927345,0
H.Grounds,0.4967344519544357,0.270787037037037,0.16429349816173916,0.30994421999220634,0.0,0.33444350192634237,0
H.Grounds,0.4155851710542811,0.270787037037037,0.3643743453021837,0.2719250797799083,0.0,0.3403545520075325,0
H.Grounds,0.0,0.270787037037037,0.2873029534675403,0.40858523404161173,0.0,0.1999844869108609,0
H.Grounds,0.3773029237606076,0.270787037037037,0.17902852513215578,0.5919188821257892,0.0,0.3378856717726233,0
H.Grounds,0.26943744864369645,0.270787037037037,0.3795437691060556,0.3404882217515408,0.0,0.30252120522034703,0
H.Grounds,0.6044006818443102,0.270787037037037,0.594748184948002,0.3494706762351957,0.0,0.46414658818149945,0
H.Grounds,0.19904579913142006,0.270787037037037,0.2061300989518928,0.39987475884289325,0.0,0.2521093744239207,0
H.Grounds,0.3088638248732284,0.270787037037037,0.18666176936572412,0.39371393954418465,0.0,0.28572789462151355,0
H.Grounds,0.7248786587717966,0.270787037037037,0.3088520900127697,0.2535346737590898,0.0,0.4347442607476573,0
H.Grounds,0.19850594393669546,0.270787037037037,0.3093056786395429,0.6982870096320677,0.0,0.31731737866167326,0
H.Grounds,0.0765539516239443,0.270787037037037,0.22175903952488482,0.34909829019650185,0.0,0.20474654561394384,0
H.Grounds,0.5574865566103135,0.270787037037037,0.6185954966132323,0.10509691723874846,0.0,0.41584004283317955,0
H.Grounds,0.3887826315553494,0.270787037037037,0.18872497273945676,0.5484224173136039,0.0,0.33731838930041536,0
H.Grounds,0.3008450179790382,0.270787037037037,0.45694064208828444,0.8648357606901852,0.0,0.4076453599249591,0
H.Grounds,0.42540564788390345,0.270787037037037,0.49454295742291543,0.4163324995160219,0.0,0.39148655428246365,0
H.Grounds,0.5075843646357445,0.270787037037037,0.07524021913776711,0.3052663490356624,0.0,0.3197286349165245,0
H.Grounds,0.5523962287187691,0.270787037037037,0.22127919135143323,0.29677408309596115,0.0,0.3633467418973611,0
H.Grounds,0.46565818667838954,0.270787037037037,0.44805205554646776,0.19164752916922442,0.0,0.3625740169332246,0
H.Grounds,0.6308737988485504,0.270787037037037,0.24637642726674813,0.28681015752539435,0.0,0.3943387497902625,0
H.Grounds,0.5829658847159589,0.270787037037037,0.5890321049921156,0.7315796233442625,0.0,0.5128175352617592,0
H.Grounds,0.4161495933325254,0.270787037037037,0.12048637302023299,0.494302169301157,0.0,0.3251310687767151,0
H.Grounds,0.6518554334773239,0.270787037037037,0.35582265640199484,0.24195177709062388,0.0,0.416842810672167,0
H.Grounds,0.5311216118604412,0.270787037037037,0.18814941842640776,0.6555396144478478,0.0,0.4030895011147242,0
H.Grounds,0.6289783436405219,0.270787037037037,0.34608968834771003,0.16676195305230251,0.0,0.395610762012681,0
H.Grounds,0.47608600555287206,0.270787037037037,0.6109387897329795,0.16242224030808466,0.0,0.39441730704742495,0
H.Grounds,0.4546434938170905,0.270787037037037,0.602162879761908,0.27057018682863043,0.0,0.4013794379237689,0
Adugodi,0.70305190155521,0.2506018518518518,0.33664323272466423,0.21624560295564962,0.0,0.4210142080881593,0
Adugodi,0.8880419937349704,0.2506018518518518,0.09798186813071566,0.3723081298611879,0.0,0.4614378464681165,0
Adugodi,0.21191819506636833,0.2506018518518518,0.37704179278093497,0.20440540306471708,0.0,0.255421092844679,0
Adugodi,0.2433387917914183,0.2506018518518518,0.5517647115124957,0.4008403513234958,0.0,0.33082812768357545,0
Adugodi,0.8214806012977056,0.2506018518518518,0.09951070551404748,0.25803978730973937,0.0,0.4213068752090229,0
Adugodi,0.2657049634436611,0.2506018518518518,0.22107171326952135,0.6866706209991036,0.0,0.31539222856460675,0
Adugodi,0.0,0.2506018518518518,0.34112539514567,0.1850394795301802,0.0,0.17116155651421655,0
Adugodi,0.22017115663982662,0.2506018518518518,0.5795225488491704,0.16353965551546204,0.0,0.2926759184766482,0
Adugodi,0.03308345315078409,0.2506018518518518,0.29249010378147855,0.4591450682779775,0.0,0.21412954515632232,0
Adugodi,0.47249361274118945,0.2506018518518518,0.3508963064675084,0.3592940988903606,0.0,0.3646266961420276,0
Adugodi,0.6501789205387482,0.2506018518518518,0.27368157300219575,0.12081347046257532,0.0,0.3756015129139428,0
Adugodi,0.23887877449960307,0.2506018518518518,0.517087197714189,0.6140496164783202,0.0,0.3543130086450024,0
Adugodi,0.5421043219926305,0.2506018518518518,0.2509957618467159,0.2951445908522467,0.0,0.35938790925015635,0
Adugodi,0.3386005801014301,0.2506018518518518,0.5412070965568343,0.227214667264418,0.0,0.33601437799208567,0
Adugodi,0.519931455762093,0.2506018518518518,0.3316477234784092,0.3729130521122088,0.0,0.37942306758480127,0
Adugodi,0.3852235656054045,0.2506018518518518,0.3099024983453053,0.2538754982854668,0.0,0.31007062792932816,0
Adugodi,0.48542010442291467,0.2506018518518518,0.28075379488340607,0.5802245739777875,0.0,0.388262037176925,0
Adugodi,0.0,0.2506018518518518,0.1255190024210056,0.2590421921540908,0.0,0.1391406848628703,0
Adugodi,0.8555507506849478,0.2506018518518518,0.20133915796403856,0.30598922645147364,0.0,0.460789533855816,0
Adugodi,0.4733575002509361,0.2506018518518518,0.08996914681726345,0.33214070742540325,0.0,0.3086706161206463,0
Adugodi,0.32001287162569203,0.2506018518518518,0.5137821199990735,0.4106515884651797,0.0,0.3515392228941394,0
Adugodi,0.39749724543677933,0.2506018518518518,0.16744986060709288,0.27900648644724524,0.0,0.28964553654693365,0
Adugodi,0.6198331958981601,0.2506018518518518,0.503945963057036,0.41606901600321744,0.0,0.45532171913180136,0
Adugodi,0.0855212612006182,0.2506018518518518,0.3751010679300708,0.26867661514462315,0.0,0.22043470283347955,0
Adugodi,0.4775783331534431,0.2506018518518518,0.3032176895350987,0.42097135542658276,0.0,0.36612221338026785,0
Adugodi,0.47631976509492585,0.2506018518518518,0.540555671261949,0.5358991083433373,0.0,0.43038847384267,0
Adugodi,0.5697585287359084,0.2506018518518518,0.4292678142890572,0.3986853384733016,0.0,0.42025240424193017,0
Adugodi,0.4267360134997609,0.2506018518518518,0.5262847170587379,0.39983774419365,0.0,0.3897707653212669,0
Adugodi,0.33962030265567356,0.2506018518518518,0.14673805089122854,0.4638790668332128,0.0,0.2929771316882689,0
Adugodi,0.6937394724771004,0.2506018518518518,0.3401735847875355,0.4132168256293031,0.0,0.4480066117244433,0
Adugodi,0.9374969907259316,0.2506018518518518,0.25760331658004554,0.3052723286926922,0.0,0.5006160149295446,0
Adugodi,0.3384506924086868,0.2506018518518518,0.6900406091019307,0.5039930267347232,0.0,0.40724537372919056,0
Adugodi,0.8283621062453586,0.2506018518518518,0.300114096370551,0.6956123362250046,0.0,0.5294719624492918,0
Adugodi,0.5278364139892726,0.2506018518518518,0.3207012576696956,0.5668884853396677,0.0,0.4090968247866903,0
Adugodi,0.3777311801244665,0.2506018518518518,0.2866416637893728,0.66229823880026,0.0,0.3640595371770324,0
Adugodi,0.48616254553349303,0.2506018518518518,0.24773185507518622,0.39329242627616645,0.0,0.35387768144874027,0
Adugodi,0.5199026321797893,0.2506018518518518,0.2500262161676341,0.37467358048068977,0.0,0.3633527571241121,0
Adugodi,0.6068349980344951,0.2506018518518518,0.20841742994605233,0.441076162681468,0.0,0.39541771525905944,0
Adugodi,0.42373828602131425,0.2506018518518518,0.4766401420858078,0.4862877620824225,0.0,0.3917601483925405,0
Adugodi,0.7299273232489855,0.2506018518518518,0.23547765476627236,0.6359815782911868,0.0,0.4731478863896329,0
Adugodi,0.3721483178993823,0.2506018518518518,0.1550356447572298,0.5255386140868371,0.0,0.3152703878848109,0
Adugodi,0.6958988719021794,0.2506018518518518,0.5980624347181874,0.2670859861486678,0.0,0.47842054558725594,0
Adugodi,0.30871272983253123,0.2506018518518518,0.1622839403406458,0.34354273115003625,0.0,0.26721820873757607,0
Adugodi,0.4464632385333173,0.2506018518518518,0.4820440803851934,0.6787296663589559,0.0,0.4296609550730987,0
Adugodi,0.5904806755558138,0.2506018518518518,0.3520302250911914,0.18908876497034569,0.0,0.38061815176388053,0
Adugodi,0.4667777418580818,0.2506018518518518,0.19006000174667306,0.36185447771624246,0.0,0.3308429372126551,0
Adugodi,0.3758732117047712,0.2506018518518518,0.19172196735205715,0.5940225741725155,0.0,0.3341839592485142,0
Adugodi,0.5467568203937219,0.2506018518518518,0.4457728108348083,0.32957593739342145,0.0,0.40513639546933305,0
Adugodi,0.6871752217751091,0.2506018518518518,0.13898216363370264,0.34360093492854815,0.0,0.39502845614286647,0
Adugodi,0.09391627034221867,0.2506018518518518,0.2800245642356367,0.6058560951182045,0.0,0.2549345772901901,0
Malleshwaram,0.13656172607712647,0.175,0.2323690925589324,0.11700956754004033,0.0,0.16432185776978678,0
Malleshwaram,0.37940980485776793,0.175,0.10453727529003315,0.30855962115905095,0.0,0.25248482993208304,0
Malleshwaram,0.3126255701977575,0.175,0.31299566000180573,0.3470405309275838,0.0,0.2765741612087138,0
Malleshwaram,0.8770291765783991,0.175,0.1420680814051694,0.6545187352941094,0.0,0.48605163837758997,0
Malleshwaram,0.24732524154414348,0.175,0.36569221293255516,0.3507705741796279,0.0,0.26481786325390544,0
Malleshwaram,0.27775505884471385,0.175,0.21666366243007285,0.2173046645978651,0.0,0.22564270277134418,0
Malleshwaram,0.5041770109470476,0.175,0.3487754205864103,0.5459143084165001,0.0,0.3806041842112237,0
Malleshwaram,0.9367301210947205,0.175,0.15608256059576528,0.33161369170718663,0.0,0.4613141082583832,0
Malleshwaram,0.9107275801265311,0.175,0.20909377989193306,0.264360534213558,0.0,0.4527274891547062,0
Malleshwaram,0.24954199059772983,0.175,0.5634549824735597,0.5593275952079896,0.0,0.3364298324851158,0
Malleshwaram,0.6244947637244147,0.175,0.322225298099925,0.640109468731566,0.0,0.43153464723326507,0
Malleshwaram,0.31524796396214533,0.175,0.18849579531929184,0.32863329711647926,0.0,0.24983094101808112,0
Malleshwaram,0.4502836698390558,0.175,0.2786969521174909,0.44558715524234593,0.0,0.3326767481535196,0
Malleshwaram,0.5247141926675132,0.175,0.5404355883994999,0.07906534673562807,0.0,0.3560968871238738,0
Malleshwaram,0.27226788925748613,0.175,0.1422175117835896,0.5970900947493807,0.0,0.26580077780924516,0
Malleshwaram,0.19788343994629137,0.175,0.11680605608633375,0.42781140495796094,0.0,0.20929212594216284,0
Malleshwaram,0.8797922566740966,0.175,0.15054070767553537,0.1594667148383049,0.0,0.4144554385967866,0
Malleshwaram,0.5295388769244163,0.175,0.29410792593548,0.5719344758016439,0.0,0.38245036348088823,0
Malleshwaram,0.2825686182757264,0.175,0.2991905896004069,0.5758431446376228,0.0,0.29761360601222897,0
Malleshwaram,0.6153687416673806,0.175,0.5610275389819583,0.48687478516185617,0.0,0.4531157851542533,0
Malleshwaram,0.5114709509066172,0.175,0.5752700772784523,0.2867347917415709,0.0,0.38957906703424205,0
Malleshwaram,0.34373243324359726,0.175,0.2707384043112747,0.13233159214569262,0.0,0.24680377131936787,0
Malleshwaram,0.1921587849321837,0.175,0.2585652795553087,0.64606920012214,0.0,0.268379010655647,0
Malleshwaram,0.6635822515739449,0.175,0.48168367192658756,0.24643209095179044,0.0,0.4180553360789668,0
Malleshwaram,0.4366115747752712,0.175,0.17912453719532007,0.3553296358748202,0.0,0.29443840399163196,0
Malleshwaram,0.3984568793344322,0.175,0.30253645235240395,0.23246981782659124,0.0,0.28733767091152074,0
Malleshwaram,0.1666316620395219,0.175,0.08253254823488705,0.46582626808359867,0.0,0.19720153157334985,0
Malleshwaram,0.3400799815947028,0.175,0.2697264738606852,0.57463895393536,0.0,0.311669131420587,0
Malleshwaram,0.5559701601519544,0.175,0.37393304844055253,0.6325472230928698,0.0,0.416758249205225,0
Malleshwaram,0.23049259108608355,0.175,0.3505406722156735,0.2156521488445214,0.0,0.23562836364994216,0
Malleshwaram,0.28556788998780525,0.175,0.706258655776077,0.3785584333573728,0.0,0.35048425765455316,0
Malleshwaram,0.22571528037871827,0.175,0.4626353858771898,0.1240947114616599,0.0,0.24264163202723832,0
Malleshwaram,0.18523749491360753,0.175,0.0918572414786047,0.47360857173286974,0.0,0.20674585727541403,0
Malleshwaram,0.20961933377755676,0.175,0.2906757899837405,0.35787322905316926,0.0,0.23768290917686835,0
Malleshwaram,0.5221007308872937,0.175,0.2799370819970732,0.16943887757701212,0.0,0.3166385038465192,0
Malleshwaram,0.48814380323562123,0.175,0.09481058338442136,0.2879089673915198,0.0,0.28549879291807967,0
Malleshwaram,0.8797061534621147,0.175,0.15853831922329142,0.1858590322270557,0.0,0.4199836723904567,0
Malleshwaram,0.5270233571952416,0.175,0.4293259518729803,0.3133889422166096,0.0,0.36983170672542204,0
Malleshwaram,0.3656166127381071,0.175,0.5305900306306237,0.17025606013607164,0.0,0.31212222960487296,0
Malleshwaram,0.28562052146026407,0.175,0.402206897005505,0.34769990472611123,0.0,0.28506354762111014,0
Malleshwaram,0.6073287781247187,0.175,0.35336019281600956,0.5621794903130004,0.0,0.4200640344538035,0
Malleshwaram,0.375773592619407,0.175,0.1158810879262283,0.14728423273742752,0.0,0.22928960991265224,0
Malleshwaram,0.3327172892025331,0.175,0.1735410266941697,0.09398274227676288,0.0,0.21775666790123496,0
Malleshwaram,0.462361473746113,0.175,0.09513381688434315,0.6421170486423615,0.0,0.3296708364843624,0
Malleshwaram,0.20506671018396797,0.175,0.13166398185550543,0.30370115844398266,0.0,0.19616131870208728,0
Malleshwaram,0.35601645247965075,0.175,0.3005313182328485,0.5873266524713835,0.0,0.325311019885155,0
Malleshwaram,0.44897079252077143,0.175,0.4563175536542704,0.5729776406364923,0.0,0.3868499342085979,0
Malleshwaram,0.36297226566824,0.175,0.23911793182864438,0.25130998539814753,0.0,0.26506037715933495,0
Malleshwaram,0.7746047588537818,0.175,0.398107597525058,0.22449700000365203,0.0,0.436907735104383,0
Malleshwaram,0.38013328740357766,0.175,0.22625380008045065,0.22789486380151,0.0,0.2649816401775688,0
Hennuru,0.461218691594683,0.175,0.37989819236731176,0.44636448609347923,0.0,0.35686085344562324,0
Hennuru,0.73918658772629,0.175,0.13597117015159693,0.29177464274487136,0.0,0.38217573614625155,0
Hennuru,0.7310104266883464,0.175,0.7911113373484822,0.24632227607375956,0.0,0.5035242582216816,0
Hennuru,0.3649003547316648,0.175,0.11899858158897499,0.27529566714871345,0.0,0.24530919054618472,0
Hennuru,0.631064339786185,0.175,0.540343911800785,0.294560736900454,0.0,0.4256254118203898,0
Hennuru,0.6721820092487155,0.175,0.2900475478143819,0.3278606600134705,0.0,0.39495231180194734,0
Hennuru,0.07098908609821747,0.175,0.18832924778629812,0.6499947491490613,0.0,0.2125112420639949,0
Hennuru,0.3661013533559223,0.175,0.4528808579804,0.3865820621061536,0.0,0.32919895458657583,0
Hennuru,0.6277528417654894,0.175,0.5238916210058533,0.32326887675390226,0.0,0.4254821503321773,0
Hennuru,0.23342370983179342,0.175,0.20294498780635073,0.11227166963884067,0.0,0.19162804644822395,0
Hennuru,0.5089019498718164,0.175,0.44170019110824416,0.7207330005758361,0.0,0.42706567076315993,0
Hennuru,0.5311936824234238,0.175,0.39329205046076304,0.4984564047708885,0.0,0.3918446596559842,0
Hennuru,0.4272448659490957,0.175,0.35633072930880416,0.20275790970560442,0.0,0.30371553539978496,0
Hennuru,0.2349617303143558,0.175,0.10464436750736746,0.09894498466632137,0.0,0.1705072268114462,0
Hennuru,0.2552228135628509,0.175,0.30037642749312216,0.33343158111771015,0.0,0.25191800741327874,0
Hennuru,0.37012958777992855,0.175,0.32795272821625,0.3892091845208236,0.0,0.3060172790443485,0
Hennuru,0.29653166775411394,0.175,0.1369364248886969,0.25815612782960345,0.0,0.22239678786611977,0
Hennuru,0.38863640940650757,0.175,0.32530361346648046,0.46033884335671743,0.0,0.3226342924890814,0
Hennuru,0.09688832100870154,0.175,0.15202725136214768,0.5380834657468698,0.0,0.19752888248750555,0
Hennuru,0.3472920003997881,0.175,0.2556798228353026,0.14293207594788584,0.0,0.2466279760991692,0
Hennuru,0.5267779187698968,0.175,0.25363391449334094,0.25185242714643646,0.0,0.32537691854009754,0
Hennuru,0.4971765725145763,0.175,0.6454439655814267,0.37658687293189147,0.0,0.4120886244361708,0
Hennuru,0.43245956722138146,0.175,0.4958523331742383,0.3397924319961981,0.0,0.35400017996176086,0
Hennuru,0.4547619964547902,0.175,0.625823501739107,0.1863017890529894,0.0,0.36477666746494636,0
Hennuru,0.4779018540756399,0.175,0.4335035841465825,0.23190484680270496,0.0,0.34125209277619617,0
Hennuru,0.5453129779712033,0.175,0.10396288366761079,0.3253014963204354,0.0,0.3129473434715086,0
Hennuru,0.4833719151541165,0.175,0.26244677384424225,0.5123068820707142,0.0,0.3510155573833963,0
Hennuru,0.26241502940507244,0.175,0.277363615298768,0.5272553004133792,0.0,0.2789062784135358,0
Hennuru,0.4467450999486266,0.175,0.12288026323633676,0.4421159467459905,0.0,0.2997542296411852,0
Hennuru,0.34795063150716155,0.175,0.2122676773307579,0.7841425691873736,0.0,0.33435764187176414,0
Hennuru,0.4094528306643244,0.175,0.26298868030724337,0.18291722635976992,0.0,0.2758438107479277,0
Hennuru,0.4772070437341736,0.175,0.09991477704049312,0.5040981464517944,0.0,0.3151201426828285,0
Hennuru,0.3711441160617498,0.175,0.5223878479065697,0.3747770064894176,0.0,0.343094561176339,0
Hennuru,0.617543322150421,0.175,0.6173554948575422,0.5710393906397888,0.0,0.4777671703201241,0
Hennuru,0.5522078000156552,0.175,0.5302140585788417,0.41729418327321355,0.0,0.41440966921222966,0
Hennuru,0.5862650392625617,0.175,0.14675089678891912,0.35579771316358777,0.0,0.3404126000742186,0
Hennuru,0.3258934686905474,0.175,0.5210097596117578,0.21778753797607323,0.0,0.30343279666045414,0
Hennuru,0.024425743103321462,0.175,0.3754345765704711,0.5796867776213445,0.0,0.22308894204345842,0
Hennuru,0.5243688781713796,0.175,0.1259634054994837,0.30839779755029095,0.0,0.3074814580924232,0
Hennuru,0.053203998052165746,0.175,0.26838855784927357,0.12861675681427479,0.0,0.14409162441025392,0
Hennuru,0.5785326104012672,0.175,0.46032997723380975,0.4902486188033946,0.0,0.4205897019077147,0
Hennuru,0.22506328409808987,0.175,0.40421243460185463,0.343868654577819,0.0,0.2636949345413752,0
Hennuru,0.24451761460833465,0.175,0.4219705334564011,0.21206244735780816,0.0,0.25428463890786857,0
Hennuru,0.412194963853846,0.175,0.31493938515196723,0.06284807435184311,0.0,0.26918332553201596,0
Hennuru,0.28191096068900007,0.175,0.3203294715883408,0.39226347158186703,0.0,0.27407425129609825,0
Hennuru,0.35461557511431674,0.175,0.11705583697523968,0.34013428519753913,0.0,0.2510467614646896,0
Hennuru,0.06929967316909974,0.175,0.27943658602521204,0.23889420710783993,0.0,0.16847633388040328,0
Hennuru,0.3291353850241453,0.175,0.2649060363450535,0.5016474829260108,0.0,0.2959257144663632,0
Hennuru,0.044301604937954875,0.175,0.6869968087251385,0.6208153059644514,0.0,0.2985272193679796,0
Hennuru,0.43042480952937173,0.175,0.3591613837181359,0.2113397533630033,0.0,0.30668192308335773,0
Yashawanthapura,0.22617869022478723,0.175,0.2951654636372929,0.07214551839098778,0.0,0.20151746206478227,0
Yashawanthapura,0.7326376701993207,0.175,0.18216387337468615,0.4083630625555977,0.0,0.40661041862803904,0
Yashawanthapura,0.519115062993033,0.175,0.17198577778338353,0.5475680036908362,0.0,0.3507226281578637,0
Yashawanthapura,0.6155197660558998,0.175,0.1574315516594464,0.2965704644726028,0.0,0.34390379812234456,0
Yashawanthapura,0.3536034805209023,0.175,0.32087998431954784,0.4173521338031437,0.0,0.3030400351166969,0
Yashawanthapura,0.22763257928429012,0.175,0.22819250910083155,0.26249560916635045,0.0,0.21718424594462044,0
Yashawanthapura,0.3518842808164466,0.175,0.1463373063737684,0.1266719439463608,0.0,0.2239277511524641,0
Yashawanthapura,0.6931025593405725,0.175,0.11809330116941696,0.64120135076378,0.0,0.41488475861765073,0
Yashawanthapura,0.5404527559039138,0.175,0.4032475948181363,0.3242145975001004,0.0,0.37094017315501215,0
Yashawanthapura,0.4199211048810795,0.175,0.37413723375239244,0.2373332972959269,0.0,0.30989982805324534,0
Yashawanthapura,0.5434025846398652,0.175,0.39298146913669574,0.0698512331165004,0.0,0.33176488341876703,0
Yashawanthapura,0.5738085371833984,0.175,0.4087704108686608,0.22629476536393506,0.0,0.36903128499251187,0
Yashawanthapura,0.272881491510644,0.175,0.3755121683586015,0.15890052857841916,0.0,0.24694603498720857,0
Yashawanthapura,0.5384730310717648,0.175,0.19463706647947387,0.35315126900157917,0.0,0.3328656645212493,0
Yashawanthapura,0.6209061650194122,0.175,0.5473478513963714,0.2387406640605749,0.0,0.4150978276451548,0
Yashawanthapura,0.5342587227934708,0.175,0.2798801365201757,0.22827160830969728,0.0,0.3297073215282045,0
Yashawanthapura,0.42842615713161636,0.175,0.07672677458629754,0.4174074275753661,0.0,0.2804056240496301,0
Yashawanthapura,0.2875863429749989,0.175,0.22938382342692543,0.299044207588696,0.0,0.24388861586493912,0
Yashawanthapura,0.34936778323818274,0.175,0.3268432124935211,0.4859586159210435,0.0,0.31304115902022467,0
Yashawanthapura,0.7211023914176764,0.175,0.26323049083212835,0.19843225860180855,0.0,0.38729677395288364,0
Yashawanthapura,0.4777384453685777,0.175,0.16339453831152964,0.09639534602756325,0.0,0.26684666544544255,0
Yashawanthapura,0.3694430191305072,0.175,0.52287969436658,0.31429793640309894,0.0,0.33352568602945837,0
Yashawanthapura,0.8268936650353185,0.175,0.45240673898880557,0.5035165794268549,0.0,0.5079216174741508,0
Yashawanthapura,0.3026767082724585,0.175,0.5665765134161256,0.1446435288860085,0.0,0.2934486799114869,0
Yashawanthapura,0.2821659156161157,0.175,0.08813120393513613,0.22944753809989085,0.0,0.20330144196765135,0
Yashawanthapura,0.3926287357774328,0.175,0.39931778648373556,0.37710891494071214,0.0,0.3263499520599554,0
Yashawanthapura,0.5432682592825611,0.175,0.429284953366239,0.38265815419110255,0.0,0.38589960455080957,0
Yashawanthapura,0.4645913300298859,0.175,0.3307698778915657,0.07236522226723527,0.0,0.29211572442885847,0
Yashawanthapura,0.46541402378042596,0.175,0.3311797421276076,0.26910465748789103,0.0,0.3219965553718543,0
Yashawanthapura,0.4994733989138648,0.175,0.43342633214852694,0.16471083394508643,0.0,0.338707581141321,0
Yashawanthapura,0.23482682768717925,0.175,0.6532274343785966,0.11512700426906813,0.0,0.2826039272065923,0
Yashawanthapura,0.42562045046479235,0.175,0.7166363181862473,0.44069981644672207,0.0,0.4108993937669351,0
Yashawanthapura,0.7087190102721319,0.175,0.36746912197722004,0.24143064379278384,0.0,0.4102600745596077,0
Yashawanthapura,0.42185453621641994,0.175,0.2837364268280407,0.3493111217366068,0.0,0.3092930413018461,0
Yashawanthapura,0.7421225203485751,0.175,0.2209273058301871,0.5878886133799536,0.0,0.4446116352950317,0
Yashawanthapura,0.4467684507171845,0.175,0.20791450624868713,0.22142470728900532,0.0,0.28366556509410273,0
Yashawanthapura,0.7510541917607239,0.175,0.4360981816737866,0.16480296568341318,0.0,0.4273090483035226,0
Yashawanthapura,0.3719996218991803,0.175,0.5527941723741226,0.352739691289619,0.0,0.3461696558329805,0
Yashawanthapura,0.6683950146347443,0.175,0.5709714730946813,0.19412155230682596,0.0,0.4297507825871206,0
Yashawanthapura,0.06758419596335508,0.175,0.5023095984924624,0.12773509521616067,0.0,0.19577665256809085,0
Yashawanthapura,0.4772384656101004,0.175,0.17741989956113913,0.10427079079365173,0.0,0.2706580614948107,0
Yashawanthapura,0.2976660019714825,0.175,0.4439824947754274,0.5396361338489323,0.0,0.3264250197224442,0
Yashawanthapura,0.6012833719238526,0.175,0.17985037482740746,0.4792160443652603,0.0,0.37080166179361895,0
Yashawanthapura,0.6996076823595696,0.175,0.6787935566483437,0.329934257649391,0.0,0.4826115388029268,0
Yashawanthapura,0.4968569650858724,0.175,0.3213917643338491,0.11049108060127455,0.0,0.30725195273701633,0
Yashawanthapura,0.09266962490520964,0.175,0.3040984980970387,0.22812630638753345,0.0,0.17997301429436113,0
Yashawanthapura,0.05027498111377049,0.175,0.25484822822887004,0.34427893279418903,0.0,0.17270772895472203,0
Yashawanthapura,0.6689872289020408,0.175,0.09873563590454554,0.22995321236010063,0.0,0.34088563915063846,0
Yashawanthapura,0.46895951013034437,0.175,0.13487239063357576,0.44866135145723346,0.0,0.3109095093909207,0
Yashawanthapura,0.555741706631037,0.175,0.3410394365139178,0.6613957734385274,0.0,0.41442685063942564,0
Yalahanka,0.35392863194973534,0.175,0.31916072804877443,0.11607282028567506,0.0,0.2576180898350135,0
Yalahanka,0.5164357896486662,0.175,0.49215218626105556,0.7044563216135195,0.0,0.4373514118712722,0
Yalahanka,0.23698370826367565,0.175,0.42269530283689005,0.2992899385250941,0.0,0.2648768492384286,0
Yalahanka,0.60887798875428,0.175,0.3198237570465337,0.23924640012995693,0.0,0.3654590074927983,0
Yalahanka,0.17402175089253474,0.175,0.20041239279285267,0.5134378680756914,0.0,0.2305057715823114,0
Yalahanka,0.520649200734199,0.175,0.3658706163337814,0.5838829770307437,0.0,0.39548379007833745,0
Yalahanka,0.4299362652021331,0.175,0.31316854726699755,0.3225379895635908,0.0,0.3139921007086847,0
Yalahanka,0.13378085395056127,0.175,0.3054259930768966,0.44360147375494796,0.0,0.22694871856131799,0
Yalahanka,0.44513822659939506,0.175,0.3516896083032481,0.16792451999604865,0.0,0.30382497896984517,0
Yalahanka,0.5019879911333027,0.175,0.25174890241188014,0.7661715316367643,0.0,0.3934713071245466,0
Yalahanka,0.4923571442154573,0.175,0.09913815502773671,0.1703115454288124,0.0,0.27019936329527927,0
Yalahanka,0.7519672157003274,0.175,0.21894668536575407,0.4155023124305711,0.0,0.42180320943285105,0
Yalahanka,0.6205702524255112,0.175,0.5429713831234342,0.20258905692685852,0.0,0.40868222351264455,0
Yalahanka,0.5749038972353385,0.175,0.2367633714901618,0.21519397778895644,0.0,0.33334813499874427,0
Yalahanka,0.22694125213988403,0.175,0.3310629149148748,0.6150227562806202,0.0,0.2903954346740274,0
Yalahanka,0.09942169453961519,0.175,0.304647954763359,0.4293835208537912,0.0,0.2126347121696058,0
Yalahanka,0.5064428601582651,0.175,0.5216119135356169,0.3251585662276812,0.0,0.38285116869666835,0
Yalahanka,0.009116588560249106,0.175,0.3955316563611605,0.20230143995780014,0.0,0.1651423532619893,0
Yalahanka,0.28556273105103314,0.175,0.07032832025048302,0.33127493476011943,0.0,0.2162038601319761,0
Yalahanka,0.1337434331474739,0.175,0.1025636301513088,0.19166104906058065,0.0,0.14857208499096472,0
Yalahanka,0.42023974587186363,0.175,0.1798153600005859,0.10582626928381578,0.0,0.25142092344784184,0
Yalahanka,0.5818146005625583,0.175,0.28106433451093743,0.190903343421028,0.0,0.3409834786122371,0
Yalahanka,0.06879875347777537,0.175,0.26088581389490206,0.5952023895482256,0.0,0.21803708492843563,0
Yalahanka,0.11434207627858467,0.175,0.4817156057462571,0.42289568309352266,0.0,0.25229720031078445,0
Yalahanka,0.38810389372093684,0.175,0.23136809213284282,0.3472877183934631,0.0,0.28670313898791594,0
Yalahanka,0.5170245263324238,0.175,0.36228822426157026,0.23806715399280917,0.0,0.3416263021675837,0
Yalahanka,0.376961667511354,0.175,0.6983332823077077,0.16632007520034997,0.0,0.3490512513705679,0
Yalahanka,0.6022337844607029,0.175,0.15421214114389137,0.21128250883599425,0.0,0.32581662911542336,0
Yalahanka,0.6256082254213216,0.175,0.8356726288080459,0.48241774489600325,0.0,0.5109600663934721,0
Yalahanka,0.4999539079205436,0.175,0.34604628049887026,0.15394315594341668,0.0,0.3197845972634768,0
Yalahanka,0.1131223473648767,0.175,0.6412201064765305,0.2535339497547449,0.0,0.2583669353362247,0
Yalahanka,0.39469500442839367,0.175,0.10293019490055433,0.37296522020230977,0.0,0.2671740735603951,0
Yalahanka,0.953963151545205,0.175,0.3908192426984888,0.44211710407934074,0.0,0.5308685171924206,0
Yalahanka,0.23417535861241615,0.175,0.18298685364669098,0.11581799221690486,0.0,0.18843144507621956,0
Yalahanka,0.4614672223359429,0.175,0.5064853901367343,0.35063334219524034,0.0,0.36790560717421295,0
Yalahanka,0.38404030695834024,0.175,0.2929098101216093,0.3283512724170012,0.0,0.2947487603222911,0
Yalahanka,0.5838879751441712,0.175,0.1849597445486631,0.4767734613867993,0.0,0.36536875941821245,0
Yalahanka,0.34264934185022033,0.175,0.24679350436596476,0.3758569150820553,0.0,0.27816450778307833,0
Yalahanka,0.3190185741433847,0.175,0.6253661076367091,0.12636540329660143,0.0,0.30818453297201664,0
Yalahanka,0.5969244339857556,0.175,0.2745917196598355,0.11249252587786812,0.0,0.33321577470866176,0
Yalahanka,0.6053409133052188,0.175,0.2566739327749674,0.2180141647997283,0.0,0.34840623093177936,0
Yalahanka,0.25465826849627443,0.175,0.09474824533212009,0.4656941781026598,0.0,0.230434169755519,0
Yalahanka,0.10949000745635235,0.175,0.16259216822284306,0.6785116894553329,0.0,0.22511668967259185,0
Yalahanka,0.35795877717084956,0.175,0.519000474628851,0.12788781707144145,0.0,0.30076883949628375,0
Yalahanka,0.6008146338972304,0.175,0.3750126940295737,0.653268959089102,0.0,0.43577800453331067,0
Yalahanka,0.32354472799148026,0.175,0.39844380090600845,0.44977618260824304,0.0,0.3128958423694562,0
Yalahanka,0.1909752819363996,0.175,0.3136643345961985,0.6751698353323763,0.0,0.283349690896836,0
Yalahanka,0.38371809661770306,0.175,0.1637006469717962,0.4555974307503254,0.0,0.2878810778231041,0
Yalahanka,0.6917031508090404,0.175,0.5298974466449734,0.20068354848706543,0.0,0.43067812438521863,0
Yalahanka,0.6651785336924521,0.175,0.5845559618144632,0.7892070381683928,0.0,0.5206047348805097,0
Bellanduru,0.5168428190290599,0.175,0.33128289623352936,0.43819399232657824,0.0,0.3653806647558635,0
Bellanduru,0.7282990849213506,0.175,0.5912172289667537,0.404058850219954,0.0,0.48625695304881655,0
Bellanduru,0.4580306274608944,0.175,0.22513300338315145,0.14519813894660136,0.0,0.2796170411299335,0
Bellanduru,0.4794854909227891,0.175,0.09837341177656914,0.3147183357590453,0.0,0.28720235454214676,0
Bellanduru,0.4953546772006784,0.175,0.6267248455753766,0.3904101302643193,0.0,0.4097806256749606,0
Bellanduru,0.2845217717759698,0.175,0.409248574716169,0.6328432848280995,0.0,0.3288588277890382,0
Bellanduru,0.4093645082084118,0.175,0.23803685947699998,0.14348576365677268,0.0,0.26490781431686006,0
Bellanduru,0.32979331416365354,0.175,0.21115334145603404,0.3816942262045655,0.0,0.26741246217917036,0
Bellanduru,0.47694648276512713,0.175,0.08810190569576212,0.3351050658373661,0.0,0.28731740998255184,0
Bellanduru,0.5531953334794708,0.175,0.6530740192693804,0.622162452559097,0.0,0.4700575384555554,0
Bellanduru,0.6123842251041399,0.175,0.47545603304157114,0.4803532717290102,0.0,0.4339786761541147,0
Bellanduru,0.5257720788932633,0.175,0.755396339670732,0.26826082323928396,0.0,0.4278386190326811,0
Bellanduru,0.45227985790867303,0.175,0.37479017400259496,0.17856821536336262,0.0,0.31254121737305895,0
Bellanduru,0.35618474559579316,0.175,0.5119645268869725,0.2761082376333057,0.0,0.32097380198091796,0
Bellanduru,0.6253799421483432,0.175,0.45280257840489624,0.17358367058894053,0.0,0.38798104602124045,0
Bellanduru,0.7274648912244841,0.175,0.36864863259385944,0.2548476567293966,0.0,0.41906958695675084,0
Bellanduru,0.336012515048265,0.175,0.3203710046609627,0.4244859442552019,0.0,0.29785147283736557,0
Bellanduru,0.7536810462878387,0.175,0.3474303197907688,0.5089523011066233,0.0,0.4621172753248908,0
Bellanduru,0.676409329864836,0.175,0.12830232866895283,0.1500509303889784,0.0,0.3374113707448299,0
Bellanduru,0.6928487729041233,0.175,0.23869345107145634,0.611043989259878,0.0,0.43439235911971613,0
Bellanduru,0.026551877542339952,0.175,0.34717933279085816,0.45493891836035677,0.0,0.19946986145204412,0
Bellanduru,0.20345871860689702,0.175,0.14463608929671912,0.4663669287853068,0.0,0.22259280868955378,0
Bellanduru,0.278358823899889,0.175,0.14950371672603258,0.6746801437086214,0.0,0.28102835326646086,0
Bellanduru,0.29827932372215366,0.175,0.418238437229169,0.3839616023549654,0.0,0.29813969110183236,0
Bellanduru,0.4123881804819306,0.175,0.6326869676802519,0.35763838853926627,0.0,0.37701901498561596,0
Bellanduru,0.482608917873807,0.175,0.29870224603495754,0.2551664636009066,0.0,0.31942854000295995,0
Bellanduru,0.4695550980493724,0.175,0.23520524483249855,0.3647590927152585,0.0,0.31859919719106883,0
Bellanduru,0.532362249512716,0.175,0.3949454360241257,0.10467332235653429,0.0,0.3335168728877559,0
Bellanduru,0.3777406232271108,0.175,0.4898457698045395,0.26213215704299725,0.0,0.32199819564684623,0
Bellanduru,0.6228228974678608,0.175,0.10377118705726046,0.3846508423149593,0.0,0.3489398778724473,0
Bellanduru,0.4452273184364571,0.175,0.20310048955206916,0.47638958918197405,0.0,0.3204080977404699,0
Bellanduru,0.32999390518236704,0.175,0.5787052457698959,0.07669959607758453,0.0,0.2952438553794453,0
Bellanduru,0.6711687204315198,0.175,0.4209515441814446,0.2727552315361004,0.0,0.4125126457177359,0
Bellanduru,0.4793224519069109,0.175,0.3500035002493438,0.289365594458154,0.0,0.3336683973860107,0
Bellanduru,0.5412385502956888,0.175,0.11423625155021117,0.6358297923782613,0.0,0.36015521177027254,0
Bellanduru,0.37269381605051843,0.175,0.060833506483653266,0.3145273854803035,0.0,0.24228864473645761,0
Bellanduru,0.4768496176754414,0.175,0.28204451388651564,0.1753564422101299,0.0,0.30210973529522706,0
Bellanduru,0.1353197223652367,0.175,0.2543375988289183,0.07499400805224266,0.0,0.1619785238014529,0
Bellanduru,0.36421070239085285,0.175,0.3050870206915475,0.10352091227793073,0.0,0.2565192868167976,0
Bellanduru,0.152867174058689,0.175,0.2693982293592183,0.4923330031908012,0.0,0.233733107271005,0
Bellanduru,0.38822003690894674,0.175,0.28638814684272007,0.3106524049277239,0.0,0.29225250302583394,0
Bellanduru,0.025401537973507027,0.175,0.5598309897966771,0.3443038161123074,0.0,0.225002308666909,0
Bellanduru,0.677656160609429,0.175,0.1374073484424786,0.3342236402270497,0.0,0.36729467193585336,0
Bellanduru,0.09897147118162486,0.175,0.24641154099604828,0.6083638943759818,0.0,0.2276769072691756,0
Bellanduru,0.5404512862935951,0.175,0.6196044169171494,0.4404790173871494,0.0,0.43165068619426056,0
Bellanduru,0.7374672217772317,0.175,0.34272657709031007,0.2200741574700645,0.0,0.41216996666060274,0
Bellanduru,0.45773196958714824,0.175,0.2355713425015898,0.19219917245794862,0.0,0.2886503337245121,0
Bellanduru,0.39831811706370507,0.175,0.5065880078758631,0.3189550005580923,0.0,0.3410721926311832,0
Bellanduru,0.43708104063082537,0.175,0.22160793365787396,0.3949762139470008,0.0,0.3090463830444138,0
Bellanduru,0.2525260814541278,0.175,0.5207319497847962,0.3345417301020508,0.0,0.29521177798121156,0
Whitefield,0.4361902913244145,0.175,0.3418432046826739,0.5847899073572113,0.0,0.3612537290036615,0
Whitefield,0.36246779293197173,0.175,0.4536881246981014,0.15139899486508862,0.0,0.2928112016955736,0
Whitefield,0.23931407848848665,0.175,0.1617191020125086,0.32800149311056376,0.0,0.21780397184005662,0
Whitefield,0.0,0.175,0.32725186379154314,0.42096186128184393,0.0,0.18109465195058522,0
Whitefield,0.27099399851710715,0.175,0.360752570415294,0.15493965758598877,0.0,0.24273936220194464,0
Whitefield,0.3325718453986459,0.175,0.43023365177644074,0.38719288098170135,0.0,0.3130258083920694,0
Whitefield,0.34821470859767234,0.175,0.35331669642720664,0.2719089856172689,0.0,0.28582483513721696,0
Whitefield,0.47214016619236265,0.175,0.2126691468640634,0.4246175151498908,0.0,0.3239755148126232,0
Whitefield,0.36735591400780715,0.175,0.05565711568785376,0.5604183430272888,0.0,0.27626874449439653,0
Whitefield,0.6475158746574232,0.175,0.35474622518429083,0.25997720567808247,0.0,0.3890763820186687,0
Whitefield,0.3531270401175825,0.175,0.4459168532748257,0.3754295519033648,0.0,0.32159226748162373,0
Whitefield,0.41181505647714306,0.175,0.630700124018878,0.5661495122527906,0.0,0.4076977214086942,0
Whitefield,0.4275812081295799,0.175,0.07362392408937372,0.5655672342040684,0.0,0.30171329279383796,0
Whitefield,0.4030073858496964,0.175,0.23818572003462968,0.5611961998142585,0.0,0.32536915902645847,0
Whitefield,0.6118037097898155,0.175,0.21602242245642855,0.10898332796998791,0.0,0.3261832821132193,0
Whitefield,0.5195612831312445,0.175,0.2769498924019822,0.2373708905203461,0.0,0.3253420611543839,0
Whitefield,0.3280869777645391,0.175,0.41757895043563475,0.36582842180352365,0.0,0.3057204955752441,0
Whitefield,0.5012508632824119,0.175,0.691962389941554,0.4167330690575411,0.0,0.4288402404957861,0
Whitefield,0.47191215597539593,0.175,0.8202394057439581,0.24268014964209045,0.0,0.41811915818649376,0
Whitefield,0.5961707852799889,0.175,0.363187176349035,0.24741358082027817,0.0,0.3709092472408449,0
Whitefield,0.35556166316312665,0.175,0.6893557862559311,0.27378486806467556,0.0,0.3558854695679819,0
Whitefield,0.36413456051550785,0.175,0.3598249366234471,0.09867971855351479,0.0,0.2667140412881444,0
Whitefield,0.4884588947350369,0.175,0.16023262607139319,0.43117626286228355,0.0,0.3201835778008841,0
Whitefield,0.4966080687378241,0.175,0.11106086508651035,0.3799010886988603,0.0,0.30551016038036954,0
Whitefield,0.4232146789046197,0.175,0.1607646952785327,0.6833657958488729,0.0,0.33528294604965436,0
Whitefield,0.1403474465891233,0.175,0.18536392417665337,0.24942552858765274,0.0,0.17610822042967172,0
Whitefield,0.285025637749004,0.175,0.6372697306143549,0.1306916135505765,0.0,0.29931666136760887,0
Whitefield,0.38959307206748955,0.175,0.39335270240973247,0.34589540385908113,0.0,0.31941242628442995,0
Whitefield,0.3845119744564263,0.175,0.08388956074438378,0.6803246382292748,0.0,0.30590579894301717,0
Whitefield,0.5575071482322826,0.175,0.2846560931211411,0.2621781095481011,0.0,0.3438854369377423,0
Whitefield,0.25730601836616634,0.175,0.3678571656697729,0.26395336973254835,0.0,0.25572154502199507,0
Whitefield,0.24003527450764892,0.175,0.17708202463062295,0.2833081766023537,0.0,0.2144249774941548,0
Whitefield,0.39815719980415215,0.175,0.11356499134895665,0.5036573921908939,0.0,0.29011662702987867,0
Whitefield,0.5491171916549538,0.175,0.21013646689316107,0.4152320526870349,0.0,0.34900311836092124,0
Whitefield,0.37266588314561744,0.175,0.4732977847100201,0.34291567921525556,0.0,0.3290299679252584,0
Whitefield,0.4235418326806761,0.175,0.2840006074145555,0.2683309570499265,0.0,0.2977894064786367,0
Whitefield,0.175127464509783,0.175,0.3025887981728153,0.27311781512904015,0.0,0.21528004448234314,0
Whitefield,0.18990544922139352,0.175,0.4365908009221771,0.537516089668642,0.0,0.28691248086221943,0
Whitefield,0.31439111614434606,0.175,0.37491576234814306,0.34016674228552235,0.0,0.28854505446297807,0
Whitefield,0.32439451997429586,0.175,0.2865240905585094,0.23732448425359365,0.0,0.2589415727407445,0
Whitefield,0.44192941155255894,0.175,0.22726530187691657,0.416693568768082,0.0,0.3151323897339912,0
Whitefield,0.41588308940316154,0.175,0.44629296877250546,0.32817192519856453,0.0,0.3365434638253923,0
Whitefield,0.23856602210254235,0.175,0.3656439147175847,0.32690820021454475,0.0,0.2581631207115885,0
Whitefield,0.14111155516555846,0.175,0.4273202234407938,0.3005890359552014,0.0,0.23244144438938444,0
Whitefield,0.5952447294927717,0.175,0.4093293270926643,0.21162894011248803,0.0,0.3744458617578762,0
Whitefield,0.5735776511710071,0.175,0.25068036649019165,0.37905061903467535,0.0,0.3602458440630921,0
Whitefield,0.6876343892475603,0.175,0.2495409616956411,0.2919384077909788,0.0,0.38687098974442113,0
Whitefield,0.0,0.175,0.9513406315045105,0.5594620914306263,0.0,0.32668744001549604,0
Whitefield,0.6452169615371914,0.175,0.23594183721708906,0.21050079469153704,0.0,0.3570894231851654,0
Whitefield,0.5235168320711037,0.175,0.2481864822962508,0.15464906500679856,0.0,0.3085655474351562,0
Bytarayanapura,0.5164617440404627,0.175,0.46964855220478946,0.14568004690011793,0.0,0.3490433278901375,0
Bytarayanapura,0.3702581494604541,0.175,0.5608755274108028,0.3433899240289288,0.0,0.3457739463976588,0
Bytarayanapura,0.501538655596852,0.175,0.5463930504631519,0.4068600329682686,0.0,0.3983461444967688,0
Bytarayanapura,0.5222400346240513,0.175,0.43748271489450696,0.6821741573902661,0.0,0.4251066787058593,0
Bytarayanapura,0.2591218713984525,0.175,0.31191942596593963,0.37859980383638125,0.0,0.2623665107581035,0
Bytarayanapura,0.04643108324081574,0.175,0.7400448313390613,0.49916864630363017,0.0,0.2916351423476423,0
Bytarayanapura,0.4216713469673048,0.175,0.10770617930040408,0.4830812531989879,0.0,0.2940883952784856,0
Bytarayanapura,0.5583195159127625,0.175,0.6767494811850693,0.4429663972185851,0.0,0.4497066863892685,0
Bytarayanapura,0.3379499317210514,0.175,0.293212209047314,0.3633335898295811,0.0,0.28392495638626797,0
Bytarayanapura,0.40326964341921057,0.175,0.2567939741990095,0.3307699466319467,0.0,0.2946186620313176,0
Bytarayanapura,0.754270676069469,0.175,0.4876486473761759,0.3489536276996759,0.0,0.4663675102545007,0
Bytarayanapura,0.35383683438189,0.175,0.28691531490398126,0.15778788493936413,0.0,0.25739413775536235,0
Bytarayanapura,0.5126965262934602,0.175,0.325954628651805,0.6909759680100502,0.0,0.4007811051345796,0
Bytarayanapura,0.5374589175225106,0.175,0.07118242374838496,0.3631268547807365,0.0,0.3093161340996662,0
Bytarayanapura,0.31228463815694796,0.175,0.44058111589979837,0.23201018035363088,0.0,0.2847173735879361,0
Bytarayanapura,0.5247479515248672,0.175,0.290538241907709,0.530441005081659,0.0,0.37383558217749413,0
Bytarayanapura,0.17230257564654738,0.175,0.2867487331070518,0.595077167788905,0.0,0.25941722326603767,0
Bytarayanapura,0.4819343046689327,0.175,0.2374978686436463,0.3631394409187197,0.0,0.32314749650066366,0
Bytarayanapura,0.6248615955251967,0.175,0.36582239498111935,0.39714887290526263,0.0,0.4039383683658321,0
Bytarayanapura,0.28760765414414347,0.175,0.3188344076964531,0.7059474282982512,0.0,0.3228216747344785,0
Bytarayanapura,0.5922952911893496,0.175,0.23419960286451463,0.5339501776688741,0.0,0.3867357991395064,0
Bytarayanapura,0.659121615862251,0.175,0.45466807650418556,0.357050884055688,0.0,0.42768381346097817,0
Bytarayanapura,0.5357835598643492,0.175,0.3383849309671632,0.6260214672686006,0.0,0.40160445223624497,0
Bytarayanapura,0.1961096725355509,0.175,0.29021250144971955,0.32590468729513894,0.0,0.22806658877165756,0
Bytarayanapura,0.18190903545038462,0.175,0.5558871287783809,0.35532280960512574,0.0,0.28064400960407965,0
Bytarayanapura,0.3014439910575798,0.175,0.22329554890242187,0.7947655088032367,0.0,0.3218793329711228,0
Bytarayanapura,0.5789887956937371,0.175,0.30016808049422455,0.46354733028256834,0.0,0.3847117941340381,0
Bytarayanapura,0.18298337050623378,0.175,0.13049092985055516,0.2961760731806881,0.0,0.18706877662439608,0
Bytarayanapura,0.6527817812227972,0.175,0.07214406083821356,0.42581703270102217,0.0,0.359274990500775,0
Bytarayanapura,0.451717861898106,0.175,0.36964209635163825,0.5709313185956395,0.0,0.3701693687240107,0
Bytarayanapura,0.37533666893021894,0.175,0.5257073437159026,0.30258100772367086,0.0,0.3343964540273078,0
Bytarayanapura,0.3059907875808966,0.175,0.3188103102151666,0.36199987834847164,0.0,0.27765881944861787,0
Bytarayanapura,0.6515126119010936,0.175,0.14939709994603795,0.11606230961363023,0.0,0.32781818059663487,0
Bytarayanapura,0.3668737726242954,0.175,0.4072528525870856,0.6065894809337198,0.0,0.3533448130759785,0
Bytarayanapura,0.200659351866676,0.175,0.3899143080049418,0.46603979461854417,0.0,0.2706196039471066,0
Bytarayanapura,0.4181308648933636,0.175,0.31325808190568954,0.5372565315710716,0.0,0.3420858988294759,0
Bytarayanapura,0.40221879662224863,0.175,0.10456611907848898,0.37817073287367786,0.0,0.2709154125645365,0
Bytarayanapura,0.258708588212321,0.175,0.5437829338192063,0.4787224797572614,0.0,0.32361296460174277,0
Bytarayanapura,0.4767029135821014,0.175,0.17635024825038353,0.4846417842480462,0.0,0.3273123370410191,0
Bytarayanapura,0.22382120058913135,0.175,0.2813562412759926,0.360328842602398,0.0,0.24115799485175418,0
Bytarayanapura,0.3484537183678603,0.175,0.20076444815900596,0.12669932415349797,0.0,0.23361658968357701,0
Bytarayanapura,0.26070450727369193,0.175,0.2788713499592651,0.21524139392025934,0.0,0.2318070566256841,0
Bytarayanapura,0.1679606409113989,0.175,0.21535900968456262,0.4212054887764066,0.0,0.2175388495723631,0
Bytarayanapura,0.409521097533572,0.175,0.4120319579838164,0.16728847183091397,0.0,0.30333204650815054,0
Bytarayanapura,0.48346693109937916,0.175,0.37818267555809104,0.5798661468662899,0.0,0.38432988302634435,0
Bytarayanapura,0.4932975546772681,0.175,0.12996158729855162,0.3281973450743756,0.0,0.30037606335791045,0
Bytarayanapura,0.2696584720819345,0.175,0.23189166391667176,0.1309132825009704,0.0,0.212895790387157,0
Bytarayanapura,0.4180999375279348,0.175,0.15718982725540828,0.33152417619675767,0.0,0.28000157001537246,0
Bytarayanapura,0.8207626134810697,0.175,0.43464274497968514,0.6652573512619945,0.0,0.5264840664036106,0
Bytarayanapura,0.17557314800780527,0.175,0.305404231670163,0.28639885241514734,0.0,0.21799127599903653,0
Chamarajpet,0.4164449937515187,0.175,0.11825414755619841,0.18501894855924597,0.0,0.2496594196081581,0
Chamarajpet,0.540541625223121,0.175,0.10621757900301906,0.6212037482666073,0.0,0.35611364686868724,0
Chamarajpet,0.5157369796549339,0.175,0.15710990120503474,0.5697793758905159,0.0,0.3498968295038112,0
Chamarajpet,0.39319367495291785,0.175,0.23778724418752745,0.42413017803877356,0.0,0.3012947617768428,0
Chamarajpet,0.5710262009851834,0.175,0.1436631524515084,0.233666741200002,0.0,0.31614181201511615,0
Chamarajpet,0.26692926624560664,0.175,0.6508631801739725,0.4921113503274813,0.0,0.349914581769879,0
Chamarajpet,0.5587088027634473,0.175,0.6023041473475576,0.45232444725344595,0.0,0.4363575775247349,0
Chamarajpet,0.33851566186090215,0.175,0.3620445933031236,0.1872267902810859,0.0,0.27147341885410337,0
Chamarajpet,0.3005681069519359,0.175,0.44173987298391626,0.6838246927571446,0.0,0.3486205159435325,0
Chamarajpet,0.32604121839652267,0.175,0.2922329425507764,0.46718862661398325,0.0,0.2951393089410357,0
Chamarajpet,0.22943777129326748,0.175,0.5281490339834549,0.3126849570818256,0.0,0.2853357703116084,0
Chamarajpet,0.47243393153227087,0.175,0.2753528682693892,0.5807053922838715,0.0,0.36002825853275333,0
Chamarajpet,0.598332786529616,0.175,0.22977230076673044,0.7203178424296518,0.0,0.4159186118031595,0
Chamarajpet,0.5956155191847594,0.175,0.5087419613394454,0.38198050246960663,0.0,0.42001089935299585,0
Chamarajpet,0.3689493529542066,0.175,0.656151752771942,0.20221738223745234,0.0,0.34319523142397856,0
Chamarajpet,0.3149457958378794,0.175,0.49796538539234775,0.6551373052367788,0.0,0.36059470140724414,0
Chamarajpet,0.5530837435768114,0.175,0.05524487944001535,0.20194054421393362,0.0,0.2874193677719771,0
Chamarajpet,0.2706350936277625,0.175,0.42799089296084664,0.2632892155268219,0.0,0.2723138436909095,0
Chamarajpet,0.178723676757645,0.175,0.29871429298021823,0.5170724717486663,0.0,0.25235701622351936,0
Chamarajpet,0.5551841888006326,0.175,0.2505056201071533,0.37778550390725374,0.0,0.35358341568774015,0
Chamarajpet,0.5110751517841661,0.175,0.41537000395319545,0.28687229235516243,0.0,0.3574811477683716,0
Chamarajpet,0.5614930756428751,0.175,0.4046733768628603,0.16616306896285973,0.0,0.35488171219200726,0
Chamarajpet,0.08029470437001313,0.175,0.33102316330251796,0.39343277439618063,0.0,0.2058226953494353,0
Chamarajpet,0.1797770951615726,0.175,0.2819345789842231,0.3046328511376527,0.0,0.21750382677404292,0
Chamarajpet,0.5000724324802512,0.175,0.42352030663899914,0.5853902857691364,0.0,0.4000379555612582,0
Chamarajpet,0.494143750494904,0.175,0.3810972443025383,0.5327090398430521,0.0,0.38157611751018183,0
Chamarajpet,0.2483472620968771,0.175,0.28446685310342995,0.6472383400211796,0.0,0.29340066335776993,0
Chamarajpet,0.7764179935339943,0.175,0.4526438362359185,0.5362445332584199,0.0,0.49521174497284465,0
Chamarajpet,0.6432785572428975,0.175,0.36460287123882923,0.42551920089427736,0.0,0.41439594941692154,0
Chamarajpet,0.5268908093338209,0.175,0.3467086281367231,0.321228808223845,0.0,0.3544378301277587,0
Chamarajpet,0.40047221146469375,0.175,0.24836240112895147,0.34316460928832065,0.0,0.2938124456316812,0
Chamarajpet,0.4069433345669607,0.175,0.21892631920698957,0.7025357478966663,0.0,0.3440957931243341,0
Chamarajpet,0.7788750644127277,0.175,0.614935811360092,0.30553331683141427,0.0,0.4939234323411852,0
Chamarajpet,0.316359457641445,0.175,0.2759734584685871,0.17736108949160834,0.0,0.24502466529196443,0
Chamarajpet,0.42765480933035677,0.175,0.09606669221698369,0.2411165804834473,0.0,0.2575600087815387,0
Chamarajpet,0.19189468225475645,0.175,0.5008561190440403,0.5878830420694496,0.0,0.3080168189083903,0
Chamarajpet,0.390543155179385,0.175,0.4071464227352244,0.1569670033394046,0.0,0.2941644393607403,0
Chamarajpet,0.503414157256279,0.175,0.07051740022316375,0.7852504633932575,0.0,0.360586004593319,0
Chamarajpet,0.5978361983837743,0.175,0.17661240484150525,0.4326658196358019,0.0,0.3619650233479923,0
Chamarajpet,0.4473178165804082,0.175,0.16077702494465893,0.1532978322957903,0.0,0.2642113156364432,0
Chamarajpet,0.44166453795221966,0.175,0.5567169490108729,0.3558953521386919,0.0,0.37181028090625523,0
Chamarajpet,0.5832048928570273,0.175,0.3194690449486012,0.5379131546970389,0.0,0.40120249469423563,0
Chamarajpet,0.1173673517049536,0.175,0.0992784018169981,0.4397228896353667,0.0,0.17939268690543836,0
Chamarajpet,0.5316041090031643,0.175,0.4800514279689091,0.1700700599343003,0.0,0.36008223273503437,0
Chamarajpet,0.3901695635969891,0.175,0.3908684302590295,0.3984797056057205,0.0,0.3270049891516102,0
Chamarajpet,0.8762086408302971,0.175,0.3808623281035772,0.5731943003972091,0.0,0.5213246349709008,0
Chamarajpet,0.6277098578922783,0.175,0.0729823065653741,0.6747808060000405,0.0,0.38801203247537824,0
Chamarajpet,0.7659726323085685,0.175,0.3452408283432665,0.14254413621564713,0.0,0.4110202074089993,0
Chamarajpet,0.4822647642727024,0.175,0.290824924251495,0.28151230160568363,0.0,0.32168449758659734,0
Chamarajpet,0.36146023385123416,0.175,0.792056127872014,0.10385107656248296,0.0,0.35299996890670715,0
Chikkabanavara,0.7619455995935962,0.175,0.4629366548436873,0.33727729910046844,0.0,0.46235988569156633,0
Chikkabanavara,0.5264626491505772,0.175,0.3073572881065746,0.8062955012005297,0.0,0.41917771000409637,0
Chikkabanavara,0.4984535468020471,0.175,0.33043465575627123,0.1822145704583968,0.0,0.3203778581007303,0
Chikkabanavara,0.18899215528549188,0.175,0.5676825866934936,0.44235305453119506,0.0,0.29853672986830015,0
Chikkabanavara,0.4226015933798072,0.175,0.341975742808944,0.3580843097806745,0.0,0.3225183527118225,0
Chikkabanavara,0.618223353134582,0.175,0.18728896866829786,0.5427648863505611,0.0,0.38775070028334746,0
Chikkabanavara,0.41958216801540066,0.175,0.21243604206316274,0.6259131480871819,0.0,0.3357279394311001,0
Chikkabanavara,0.572124743611582,0.175,0.30787348488698624,0.10963187903627941,0.0,0.33076313909689287,0
Chikkabanavara,0.4031077623311745,0.175,0.5375610762746553,0.319436985825833,0.0,0.3490154799447171,0
Chikkabanavara,0.21342933360321104,0.175,0.13096285921775916,0.6177743643589245,0.0,0.24605899325851438,0
Chikkabanavara,0.27960100487440087,0.175,0.3452038186693429,0.324056793763088,0.0,0.26800963450437204,0
Chikkabanavara,0.31628724490724336,0.175,0.3379269282687562,0.31632006547885,0.0,0.2782339311931139,0
Chikkabanavara,0.45993234150325063,0.175,0.1297327548184905,0.4298768780340773,0.0,0.3039044021949474,0
Chikkabanavara,0.7416211960636564,0.175,0.2849293224809111,0.3993702895809954,0.0,0.42895882655561124,0
Chikkabanavara,0.5515254178657908,0.175,0.29271597615446826,0.30547327580120065,0.0,0.3498980828541005,0
Chikkabanavara,0.3965657338219688,0.175,0.46174396155260816,0.268913594386838,0.0,0.32398383830623634,0
Chikkabanavara,0.430077682085283,0.175,0.3619304475704328,0.5531797134552965,0.0,0.35839023526223,0
Chikkabanavara,0.290483311508843,0.175,0.12012829546022429,0.4810693514742074,0.0,0.250355220841271,0
Chikkabanavara,0.09111153258657512,0.175,0.22769208794503681,0.6012504587456581,0.0,0.22011502280615736,0
Chikkabanavara,0.614006338315005,0.175,0.40820862478908426,0.44663755020144513,0.0,0.4160395758982854,0
Chikkabanavara,0.3493599441284284,0.175,0.38022417724558083,0.13795354305543098,0.0,0.27151384735238077,0
Chikkabanavara,0.02568920816832282,0.175,0.1639906640757306,0.4378260917473258,0.0,0.15996326943615796,0
Chikkabanavara,0.46785652770953357,0.175,0.6938762520854385,0.2554256723328025,0.0,0.3933388859653448,0
Chikkabanavara,0.1944247202826452,0.175,0.2601926068872541,0.8083465838961906,0.0,0.2938391610608052,0
Chikkabanavara,0.3614642248173228,0.175,0.05822255324386963,0.21397788738572238,0.0,0.22275367244269523,0
Chikkabanavara,0.31327988380485317,0.175,0.4996916409063936,0.30962468587099184,0.0,0.3085299903936261,0
Chikkabanavara,0.45365536844517845,0.175,0.4516362420658304,0.1800211364375766,0.0,0.328609797834615,0
Chikkabanavara,0.42146943212032156,0.175,0.36407370215994567,0.22428885953259428,0.0,0.3064723706039908,0
Chikkabanavara,0.17060456072130598,0.175,0.3550678148728879,0.1839011873666148,0.0,0.2108103373320269,0
Chikkabanavara,0.06918262863494234,0.175,0.07080012568406316,0.1682543029742459,0.0,0.11611209060517934,0
Chikkabanavara,0.5051514838908677,0.175,0.6074641317860954,0.13052280544276568,0.0,0.37037426653543765,0
Chikkabanavara,0.627199359390867,0.175,0.7877309933566251,0.4912470275065058,0.0,0.5032530285841044,0
Chikkabanavara,0.5861436040433342,0.175,0.2915883281812269,0.479754882424082,0.0,0.3879311594150246,0
Chikkabanavara,0.2682105645006355,0.175,0.3687865811414128,0.3424895072527199,0.0,0.27150443989141293,0
Chikkabanavara,0.7420704530002685,0.175,0.3392570715215042,0.5028188089570821,0.0,0.45549889419795714,0
Chikkabanavara,0.8670381664693552,0.175,0.38321413492768897,0.24716146446765253,0.0,0.46968040491996,0
Chikkabanavara,0.35368370391924275,0.175,0.21333892894653567,0.2652172178414082,0.0,0.2587396648372533,0
Chikkabanavara,0.32656556437387263,0.175,0.45070270615726454,0.24748618990909654,0.0,0.29406141724867285,0
Chikkabanavara,0.4064076383996369,0.175,0.3912634095185871,0.19978519988651375,0.0,0.3029631353265674,0
Chikkabanavara,0.30648384295399234,0.175,0.420216583928118,0.39359281239196986,0.0,0.3028515836783164,0
Chikkabanavara,0.23810528210401535,0.175,0.31827516760624025,0.4789944598205631,0.0,0.2713410512307379,0
Chikkabanavara,0.36804482790028537,0.175,0.16857858664621303,0.17651365250688783,0.0,0.24150845497037565,0
Chikkabanavara,0.4225565095086519,0.175,0.3950845146471847,0.6094332884716153,0.0,0.3708266745282074,0
Chikkabanavara,0.6996370972063335,0.175,0.18465183618453096,0.426373065686265,0.0,0.39825931111206264,0
Chikkabanavara,0.7229835161632041,0.175,0.37867777382839685,0.5516988260932102,0.0,0.46403460933678237,0
Chikkabanavara,0.11803500419768714,0.175,0.5138477367264718,0.12619843206299444,0.0,0.21551156362393403,0
Chikkabanavara,0.4436081306453773,0.175,0.3050641771439436,0.31945538757630176,0.0,0.31669398929111603,0
Chikkabanavara,0.5315671705705812,0.175,0.22514779780851124,0.6412896897175852,0.0,0.37977152271904346,0
Chikkabanavara,0.5730139565746162,0.175,0.3820525626048232,0.5155013875435216,0.0,0.40679060545360857,0
Chikkabanavara,0.2993729098420227,0.175,0.2998247051811832,0.2845512698238155,0.0,0.2599281499545169,0
VV Puram,0.49580065495121556,0.175,0.4369879979880946,0.5375528935859786,0.0,0.39406076286844116,0
VV Puram,0.46721835933539724,0.175,0.13136913804548894,0.3471691210149477,0.0,0.294375621528729,0
VV Puram,0.28423761362829014,0.175,0.28390823330242954,0.49627915112306364,0.0,0.283206684098847,0
VV Puram,0.3284047161892643,0.175,0.14523697199670868,0.2731057027306649,0.0,0.23745490047518397,0
VV Puram,0.32548865746462863,0.175,0.6331539029897968,0.6550535708484626,0.0,0.39130984633784877,0
VV Puram,0.44623054631987785,0.175,0.6718590993783602,0.24702139969455528,0.0,0.3801057210418125,0
VV Puram,0.20826375370522043,0.175,0.07727523312346143,0.40342565543947473,0.0,0.20136120873744065,0
VV Puram,0.2691749066272329,0.175,0.21713027363292986,0.5282044224155148,0.0,0.2693679354084447,0
VV Puram,0.2542890116422396,0.175,0.38501882835713885,0.6383307555023148,0.0,0.3142545330715589,0
VV Puram,0.4559447343283497,0.175,0.7375511498991677,0.18095053963341026,0.0,0.3867334679397675,0
VV Puram,0.25804812177490194,0.175,0.37629932708449176,0.10193039882634031,0.0,0.23336626786206507,0
VV Puram,0.4908709067542602,0.175,0.3270775258814972,0.1641518783242794,0.0,0.3143431042889324,0
VV Puram,0.2751311289511666,0.175,0.40396706015452905,0.09867428549129398,0.0,0.24439044998750822,0
VV Puram,0.35087297037144893,0.175,0.35655346197318316,0.21287493756010925,0.0,0.27854747265866014,0
VV Puram,0.7274087737953242,0.175,0.2710122269115835,0.5510408573669706,0.0,0.4439516448157258,0
VV Puram,0.0,0.175,0.2338094546447072,0.6817049547797526,0.0,0.20151763414590435,0
VV Puram,0.48051992297265195,0.175,0.11736274124357081,0.22847456148223966,0.0,0.27842570551147827,0
VV Puram,0.39991314682249646,0.175,0.3481954542332542,0.2745575065138805,0.0,0.3032923182116067,0
VV Puram,0.9348086391213218,0.175,0.5735057939439129,0.49386923989750775,0.0,0.5684645684658713,1
VV Puram,0.15630185394920976,0.175,0.7268624175072197,0.3311162866506813,0.0,0.3022455753812695,0
VV Puram,0.3538093958974471,0.175,0.4098272530692183,0.5845457594051334,0.0,0.34598060308872014,0
VV Puram,0.3785034697951082,0.175,0.21585068472218988,0.31978814325199384,0.0,0.2761145728605249,0
VV Puram,0.5784647013438332,0.175,0.5391013776446575,0.28996878883397165,0.0,0.40627823932436885,0
VV Puram,0.5385865347901126,0.175,0.09288718681619373,0.1435008476486942,0.0,0.2811078516870823,0
VV Puram,0.4254353502487439,0.175,0.4028605147588026,0.22995435721752364,0.0,0.31646762912144943,0
VV Puram,0.2915697157861507,0.175,0.15052640029254336,0.4884083187428758,0.0,0.2579159283950928,0
VV Puram,0.4636307324744685,0.175,0.5970450002015953,0.5595154365326795,0.0,0.41810707188628493,0
VV Puram,0.45769420625373786,0.175,0.14628596678502054,0.5891587676111786,0.0,0.33032398068748914,0
VV Puram,0.4694791945322322,0.175,0.2219189498826351,0.1689926524407298,0.0,0.2865504059289178,0
VV Puram,0.15326474083513664,0.175,0.3428391244981266,0.18704700342522276,0.0,0.20276753470570655,0
VV Puram,0.6557503404153194,0.175,0.5486677680363522,0.550786221667433,0.0,0.4743641060027472,0
VV Puram,0.5537116214103098,0.175,0.11994953492263592,0.14722038864615006,0.0,0.29237203277505813,0
VV Puram,0.5240134377705139,0.175,0.4230445477124916,0.4530135113762393,0.0,0.38846563946861407,0
VV Puram,0.4908986836568997,0.175,0.1248787659425266,0.07477288604096617,0.0,0.26050622537456514,0
VV Puram,0.34955744058098864,0.175,0.37062649675185944,0.5368771334408003,0.0,0.32950197356983796,0
VV Puram,0.3750544514299312,0.175,0.19376103191594796,0.2479479324099389,0.0,0.25971345424515635,0
VV Puram,0.3167213802470378,0.175,0.20307161488627296,0.927123621526745,0.0,0.34303534929272955,0
VV Puram,0.6160825958076432,0.175,0.37240298596700716,0.5572704404094403,0.0,0.42620007178749264,0
VV Puram,0.43468050019056836,0.175,0.5947897098551724,0.2047502211203386,0.0,0.35430865020578417,0
VV Puram,0.42212500652307067,0.175,0.7323980228142379,0.3759216326204417,0.0,0.4031116017389886,0
VV Puram,0.4769322566552825,0.175,0.22412373059306173,0.13707429466478196,0.0,0.2848121801476785,0
VV Puram,0.4369225621133884,0.175,0.35264267040663266,0.5499613145647294,0.0,0.3584456280057219,0
VV Puram,0.39925606003371505,0.175,0.35692374527683185,0.28647588608491203,0.0,0.3065957529799035,0
VV Puram,0.2336275437544814,0.175,0.18729742870285732,0.6806578942592316,0.0,0.2738278101935247,0
VV Puram,0.28164904538605606,0.175,0.5434127382242394,0.1528948566336986,0.0,0.2826939420250223,0
VV Puram,0.6391581684190536,0.175,0.6540400785779593,0.6035320679461951,0.0,0.49754318485418986,0
VV Puram,0.3800393976100183,0.175,0.3188967828367249,0.3291230951606191,0.0,0.29866161000494423,0
VV Puram,0.7074636619327777,0.175,0.07613668692971834,0.2780663950253877,0.0,0.357049578316224,0
VV Puram,0.37894299913659396,0.175,0.15184954156652405,0.6404420436784773,0.0,0.3115662645628843,0
VV Puram,0.35225942405324784,0.175,0.16881449676628218,0.23740710409555787,0.0,0.24516476338622684,0
Chikkajala,0.3579415867538942,0.175,0.26086489438467564,0.22548220330467295,0.0,0.263774864736499,0
Chikkajala,0.3447496574797227,0.175,0.5812978801316884,0.411712208979067,0.0,0.35117878749110065,0
Chikkajala,0.35067796575449584,0.175,0.2775031766039158,0.3525450258070574,0.0,0.2836196772059153,0
Chikkajala,0.07718147585558421,0.175,0.17884490656186475,0.40222339124590323,0.0,0.1756160065487129,0
Chikkajala,0.6883465854524635,0.175,0.18040133389273982,0.26257842343605314,0.0,0.3688883352023182,0
Chikkajala,0.16835806473844855,0.175,0.26039404350394774,0.5045465903949904,0.0,0.2391861199184951,0
Chikkajala,0.5005438555154664,0.175,0.17684300285126303,0.36291749417078595,0.0,0.3174965741262837,0
Chikkajala,0.5921594171467088,0.175,0.3316214755935454,0.22826157281858062,0.0,0.36031932704284425,0
Chikkajala,0.283498662471195,0.175,0.6003561828645916,0.18915711215235337,0.0,0.3001693352606896,0
Chikkajala,0.7266780697467417,0.175,0.22848687629820735,0.6223385347486577,0.0,0.4458854798832997,0
Chikkajala,0.3870588345970669,0.175,0.1822461098476844,0.381879833145002,0.0,0.2817017890502606,0
Chikkajala,0.3029310189831428,0.175,0.22214881793442032,0.21515093266420557,0.0,0.23522826013061485,0
Chikkajala,0.5305915956334214,0.175,0.1714515123071867,0.3839967330183525,0.0,0.3300968708858877,0
Chikkajala,0.3053917152347749,0.175,0.3055356147441976,0.1951260245353921,0.0,0.24976312696131955,0
Chikkajala,0.4657472707123195,0.175,0.35416664081829907,0.281109632781422,0.0,0.3285113178301849,0
Chikkajala,0.5729236811431766,0.175,0.34401279123678563,0.05599069122287396,0.0,0.33022445033090003,0
Chikkajala,0.5889478246764999,0.175,0.2655023145569022,0.3367654001349327,0.0,0.3622470115683953,0
Chikkajala,0.5091948735876206,0.175,0.49491602065599644,0.185438615299164,0.0,0.35751720218174105,0
Chikkajala,0.49836496686464754,0.175,0.5282863354951823,0.2792912334608515,0.0,0.3744786905207908,0
Chikkajala,0.67574596420076,0.175,0.1954220918522689,0.3435888836410117,0.0,0.37963383838687154,0
Chikkajala,0.40593458308866787,0.175,0.33688663865260715,0.10937717176501785,0.0,0.2783610075763079,0
Chikkajala,0.3571306603003899,0.175,0.2349205996636748,0.37116424420549315,0.0,0.2801544876686954,0
Chikkajala,0.6703098680490901,0.175,0.13749747084329933,0.33709185238251743,0.0,0.365171725843219,0
Chikkajala,0.47937314668517306,0.175,0.6722535320828614,0.738405023891307,0.0,0.4654920613400789,0
Chikkajala,0.2609526398065786,0.175,0.40958039889780967,0.7207670625202244,0.0,0.3338645630898981,0
Chikkajala,0.49735392714947224,0.175,0.45964996601329594,0.5239111795193974,0.0,0.39709054463288407,0
Chikkajala,0.23701568233465317,0.175,0.19741145509772218,0.26438709690011125,0.0,0.21459584437168971,0
Chikkajala,0.2571134794924189,0.175,0.3212102192599075,0.3088345599990244,0.0,0.2530569456741818,0
Chikkajala,0.46783028876513455,0.175,0.09991691462426697,0.565147332834107,0.0,0.3209960839177665,0
Chikkajala,0.47854793437378357,0.175,0.26939079314796344,0.3534556773032867,0.0,0.32688828725590996,0
Chikkajala,0.24127840112986443,0.175,0.5183219871611797,0.49824315890990845,0.0,0.31534831166417476,0
Chikkajala,0.5362345748190301,0.175,0.5012938561801152,0.2681439483741319,0.0,0.3806624646788034,0
Chikkajala,0.398069174019858,0.175,0.30325564419266876,0.49751120227151047,0.0,0.3271020200862106,0
Chikkajala,0.518758921580924,0.175,0.06963779384221123,0.30960968730630084,0.0,0.2944346344177107,0
Chikkajala,0.664423960830306,0.175,0.2269816141921845,0.6380399304128785,0.0,0.42615069869097577,0
Chikkajala,0.5237692898106687,0.175,0.4547622383592148,0.3554587343273009,0.0,0.38009050925467214,0
Chikkajala,0.27066176670679937,0.175,0.7011177977030718,0.5272339195834522,0.0,0.36654026582551197,0
Chikkajala,0.21348344351148785,0.175,0.40769637536388925,0.26998898480723793,0.0,0.2492568280228843,0
Chikkajala,0.12564622499948302,0.175,0.34902883099535575,0.13611950014592042,0.0,0.18669986997077825,0
Chikkajala,0.4552094451119657,0.175,0.26705891558544004,0.38758745388007365,0.0,0.32337320698828703,0
Chikkajala,0.07964617329494605,0.175,0.4650338553346888,0.3309440578501986,0.0,0.22302454039769867,0
Chikkajala,0.8518604271092918,0.175,0.21025279051369278,0.17866530704244057,0.0,0.4195015036473567,0
Chikkajala,0.6120032914813457,0.175,0.5751370114427159,0.3511813981694222,0.0,0.43440576403242753,0
Chikkajala,0.15859419215540455,0.175,0.2706338340427785,0.5803102968278391,0.0,0.24918127858712313,0
Chikkajala,0.27987085706791764,0.175,0.3285213982555702,0.6536336628706807,0.0,0.31420412905548734,0
Chikkajala,0.39113482585820303,0.175,0.4842566430995561,0.26856211266853425,0.0,0.32653283457056237,0
Chikkajala,0.3451732289807224,0.175,0.25656677828453117,0.4361671304342003,0.0,0.2900490553652891,0
Chikkajala,0.35533156161754786,0.175,0.5069877425156908,0.0718112294200271,0.0,0.28903527948228397,0
Chikkajala,0.36449471132412997,0.175,0.831576166428445,0.08514442322260332,0.0,0.35916004573252497,0
Chikkajala,0.5332597113955304,0.175,0.27729433280392507,0.36532314558474366,0.0,0.34939823738693215,0
Halasooru,0.2563709994751083,0.175,0.07546079634757773,0.6483687216003068,0.0,0.25457731732584943,0
Halasooru,0.4454601114234445,0.175,0.21024074148229377,0.33919884125942645,0.0,0.3013390134835783,0
Halasooru,0.31306644362016156,0.175,0.44771139819018424,0.53461481467541,0.0,0.33180775710640487,0
Halasooru,0.7212430950383459,0.175,0.408515556968275,0.7574765750721203,0.0,0.5002596809178941,0
Halasooru,0.4447746430618775,0.175,0.47322985641681276,0.6750237828276541,0.0,0.4040706637791677,0
Halasooru,0.3541064178151483,0.175,0.720058020230542,0.45786859425932236,0.0,0.38912913942030863,0
Halasooru,0.6200293958529479,0.175,0.3889919753861132,0.12368046031991253,0.0,0.3658607526737413,0
Halasooru,0.363422082659483,0.175,0.43067741683678823,0.29591616355174366,0.0,0.31022063683093826,0
Halasooru,0.593499747904199,0.175,0.5430955415337074,0.8827880449817112,0.0,0.5012622268204678,0
Halasooru,0.5038076506845834,0.175,0.4728677821643971,0.14975909217193564,0.0,0.34587009799827395,0
Halasooru,0.688190675817831,0.175,0.23178112328891792,0.28302846279686134,0.0,0.38217723061355363,0
Halasooru,0.5494885537053243,0.175,0.5711577279238708,0.2729762791876682,0.0,0.3999989812597879,0
Halasooru,0.427485219836033,0.175,0.28601724754219626,0.5319616002055425,0.0,0.33911751648188215,0
Halasooru,0.40478745303049996,0.175,0.40673407361714264,0.062484847198089145,0.0,0.28489515036381685,0
Halasooru,0.45862109094922604,0.175,0.3374880893693533,0.2345952675481715,0.0,0.3157042898383255,0
Halasooru,0.4811333838459726,0.175,0.6138085671672803,0.574397285093808,0.0,0.42981799054361763,0
Halasooru,0.08529895026494388,0.175,0.4337980494507864,0.616196269108872,0.0,0.2615436828492185,0
Halasooru,0.40208171575978324,0.175,0.5317651219812457,0.5882988386572933,0.0,0.38782645071076727,0
Halasooru,0.47010838838287283,0.175,0.41242968007832453,0.33734534884883444,0.0,0.35012567427699554,0
Halasooru,0.25458762289358233,0.175,0.5448361747617892,0.23352049021890448,0.0,0.28560097649794736,0
Halasooru,0.49540594287638684,0.175,0.629547383494669,0.33276837647330587,0.0,0.401716813176665,0
Halasooru,0.343222176860999,0.175,0.2604475705408402,0.19573696798601795,0.0,0.2540778212074204,0
Halasooru,0.4368700178474363,0.175,0.4760207693479569,0.21958593000267682,0.0,0.3335465496165956,0
Halasooru,0.2278775693421653,0.175,0.3244818425183819,0.3611537153434302,0.0,0.25132657507494877,0
Halasooru,0.32852801519740943,0.175,0.5558146684947604,0.31232012309906787,0.0,0.3254957574829056,0
Halasooru,0.5185039825609148,0.175,0.7047484448448975,0.3029691277871904,0.0,0.4203714520333782,0
Halasooru,0.26393771049545234,0.175,0.5502447545390035,0.3498882454343476,0.0,0.30741038639636115,0
Halasooru,0.20320763893370328,0.175,0.2276596122368419,0.5149845227026171,0.0,0.24640227447955704,0
Halasooru,0.0357745678184242,0.175,0.448798932380635,0.6155057355686304,0.0,0.24710674554787004,0
Halasooru,0.41927812847486756,0.175,0.5436529726261319,0.5126685776184812,0.0,0.3848782261342022,0
Halasooru,0.22268506674259964,0.175,0.2563706270654818,0.4912265211267102,0.0,0.25539787694201277,0
Halasooru,0.4977418718633546,0.175,0.36990204152889306,0.5981725931797649,0.0,0.39041595243491745,0
Halasooru,0.2310774711391604,0.175,0.32482415790804964,0.36597692449249963,0.0,0.253238485154191,0
Halasooru,0.4424134679875391,0.175,0.15064034304992152,0.3187222114887244,0.0,0.28528111412893165,0
Halasooru,0.2983256737630145,0.175,0.25695135832718385,0.6902753803347589,0.0,0.3118455645327057,0
Halasooru,0.4439601580175333,0.175,0.3202960810140239,0.3963776775842014,0.0,0.33140192314657163,0
Halasooru,0.39754330123381026,0.175,0.4978636559283636,0.16224215350594517,0.0,0.3155492096433981,0
Halasooru,0.4659390685923766,0.175,0.5348782747628145,0.7617898944471847,0.0,0.43682281312697235,0
Halasooru,0.5942976589884088,0.175,0.5466133666811787,0.7504783114737391,0.0,0.48239860070323964,0
Halasooru,0.2103297160812085,0.175,0.48610714739446825,0.27788623237414073,0.0,0.26501976496343777,0
Halasooru,0.3534032901364672,0.175,0.1836076603893077,0.1705225425416515,0.0,0.23849106500687278,0
Halasooru,0.38024949955783677,0.175,0.46599202958107755,0.18190661627231866,0.0,0.30607172320230613,0
Halasooru,0.10459018213432525,0.175,0.5617092037570511,0.2654691120544054,0.0,0.2412687713065849,0
Halasooru,0.4201122404499214,0.175,0.3632154906991536,0.6205109958134217,0.0,0.36525903166931645,0
Halasooru,0.5376845104893602,0.175,0.4601862450569898,0.29137764994641413,0.0,0.37643347517463616,0
Halasooru,0.5708676009965968,0.175,0.14786641244502285,0.7427295545199599,0.0,0.3932863760158075,0
Halasooru,0.3441495032170186,0.175,0.275195132381651,0.2649844794396318,0.0,0.26773902451823145,0
Halasooru,0.49365962001033353,0.175,0.42890532529475356,0.5087912512550795,0.0,0.3873806197508294,0
Halasooru,0.39254635578551367,0.175,0.5890945387437014,0.30277025019545756,0.0,0.3531256698029887,0
Halasooru,0.36369188438501815,0.175,0.27284821935683184,0.2234058135219669,0.0,0.26787267543441773,0
Thalagattapura,0.3373455584850101,0.175,0.5842862557760273,0.34466682370266366,0.0,0.33912822018035854,0
Thalagattapura,0.6802745505017135,0.175,0.4425515175538629,0.5527312029637592,0.0,0.4620160766309362,0
Thalagattapura,0.31541698677017177,0.175,0.4244551981529396,0.2871478876710992,0.0,0.2908591681508129,0
Thalagattapura,0.3073372181486767,0.175,0.3655684482271639,0.5112414347804796,0.0,0.30986793121454154,0
Thalagattapura,0.263926934868723,0.175,0.3097877504219923,0.28277142017107726,0.0,0.24924769031411306,0
Thalagattapura,0.08723851172484076,0.175,0.2904382979444748,0.16817275622332262,0.0,0.16634705212608764,0
Thalagattapura,0.6464082424292722,0.175,0.23862708706334024,0.523611661425107,0.0,0.40501005147667934,0
Thalagattapura,0.4629628916889423,0.175,0.28765320089814905,0.058111800210168124,0.0,0.2807844223022848,0
Thalagattapura,0.5273599840355077,0.175,0.32871509535508553,0.7222259615445427,0.0,0.41115290771512614,0
Thalagattapura,0.3412053229082767,0.175,0.1549787020952963,0.2549988941069818,0.0,0.24116743755300335,0
Thalagattapura,0.36215786299369646,0.175,0.33584684582607255,0.29046661782589067,0.0,0.28999461388689185,0
Thalagattapura,0.5735330535684424,0.175,0.6021891985289013,0.33149315356243403,0.0,0.4233983814891002,0
Thalagattapura,0.8005835595500268,0.175,0.35287531248497256,0.5465561802646277,0.0,0.485262735379198,0
Thalagattapura,0.7774083182038899,0.175,0.24420757166120322,0.33369111614607694,0.0,0.4234880931255136,0
Thalagattapura,0.5020311298147349,0.175,0.5114898378656524,0.3846453009006487,0.0,0.3882056581433849,0
Thalagattapura,0.2803319649011824,0.175,0.16753792268084855,0.37190004950192057,0.0,0.23990877967687163,0
Thalagattapura,0.44341627405875783,0.175,0.3323850611664806,0.39454971029707453,0.0,0.3333551646984225,0
Thalagattapura,0.15058928882886174,0.175,0.1918145293830662,0.40582063851024586,0.0,0.20444225274325173,0
Thalagattapura,0.5969707083943223,0.175,0.4570297571109004,0.617840634992788,0.0,0.445521794609111,0
Thalagattapura,0.4377003647943146,0.175,0.3842367914570769,0.10226209133047881,0.0,0.2978817996689973,0
Thalagattapura,0.2533203039585653,0.175,0.2444313456197903,0.09940788891133123,0.0,0.2049595588461556,0
Thalagattapura,0.5191894673372103,0.175,0.31110664647940317,0.4874906780598171,0.0,0.36956124457287676,0
Thalagattapura,0.44957206662294996,0.175,0.3226010960969513,0.4191276581396221,0.0,0.337239591258366,0
Thalagattapura,0.5537918936813662,0.175,0.29323157642539605,0.17735730085580653,0.0,0.3315770732019283,0
Thalagattapura,0.3562219002565987,0.175,0.3063598374486985,0.3245442853872094,0.0,0.28713127538763067,0
Thalagattapura,0.769053955001203,0.175,0.36876897931446556,0.36684065625298895,0.0,0.4504487785512624,0
Thalagattapura,0.34234612807848397,0.175,0.11999939004902224,0.7380627751679144,0.0,0.307030439112461,0
Thalagattapura,0.3180371854032041,0.175,0.51661410203546,0.20310230501673643,0.0,0.29760118105072386,0
Thalagattapura,0.36452458866985027,0.175,0.19053190849848067,0.4996463896588478,0.0,0.29313694618297087,0
Thalagattapura,0.6595554071626555,0.175,0.10408294205941691,0.3327264354408955,0.0,0.3540699462349471,0
Thalagattapura,0.703372070391541,0.175,0.4901202807548878,0.8395371276869183,0.0,0.5226348499410547,0
Thalagattapura,0.4532434327742106,0.175,0.23029409722874877,0.5314542034715876,0.0,0.33691215143746156,0
Thalagattapura,0.6120752516070289,0.175,0.518396785720141,0.5596462350913188,0.0,0.45435263047018615,0
Thalagattapura,0.5560549531532502,0.175,0.19746961795453905,0.17732315789582,0.0,0.31321163087891835,0
Thalagattapura,0.27867826217996444,0.175,0.10701830899821883,0.556384554746321,0.0,0.25489873677457947,0
Thalagattapura,0.42742088156749536,0.175,0.5223218905210387,0.42176222610385083,0.0,0.36982602056840874,0
Thalagattapura,0.3506194311542732,0.175,0.21703428510137612,0.4041572361862186,0.0,0.27924724335220363,0
Thalagattapura,0.1788505866015621,0.175,0.4627450173865596,0.16318267718188686,0.0,0.2321241103651417,0
Thalagattapura,0.0,0.175,0.4045825564973032,0.5871671737040186,0.0,0.2214915873550634,0
Thalagattapura,0.2059522458203187,0.175,0.21575800249831728,0.6340707431372249,0.0,0.26284549800735874,0
Thalagattapura,0.365180063235759,0.175,0.2695737536553725,0.40973088184842305,0.0,0.2956874051408536,0
Thalagattapura,0.40193357669011565,0.175,0.5591383961915234,0.31491467953612334,0.0,0.3522416330102637,0
Thalagattapura,0.5455025000253595,0.175,0.25403358611142607,0.30376866289677296,0.0,0.339797891665677,0
Thalagattapura,0.2262914261951577,0.175,0.3607930519574111,0.17006035006625916,0.0,0.22936966206972628,0
Thalagattapura,0.5878772917332973,0.175,0.3071076071663518,0.12792271929164115,0.0,0.3388669814336706,0
Thalagattapura,0.6739503645922116,0.175,0.20771349680480933,0.34235226926681617,0.0,0.38127816735825837,0
Thalagattapura,0.5405385540167815,0.175,0.15452916525861757,0.3369105490498049,0.0,0.32313090931506777,0
Thalagattapura,0.4164835632142387,0.175,0.44849383570099477,0.3651645138504963,0.0,0.3427426913427569,0
Thalagattapura,0.37425320320498145,0.175,0.28212093681740874,0.5759111270476297,0.0,0.3262994775423697,0
Thalagattapura,0.5165150371766066,0.175,0.2149427283646354,0.14366285196579892,0.0,0.2978182364796092,0
Mahadevapura,0.4330420995099545,0.175,0.5311739808543671,0.5945770032577281,0.0,0.3994860814880167,0
Mahadevapura,0.6672094680398968,0.175,0.47457685475395034,0.2274227225800871,0.0,0.41505209315176694,0
Mahadevapura,0.5901943807980803,0.175,0.3795546086980163,0.20094386658893448,0.0,0.36512053500727154,0
Mahadevapura,0.5171714133252332,0.175,0.11946252026392254,0.7901230373112574,0.0,0.37592095431330474,0
Mahadevapura,0.9212875172007773,0.175,0.8149316437521437,0.3194462727730198,0.0,0.5858539006866538,1
Mahadevapura,0.3134991272448217,0.175,0.3884369060517187,0.15181592214606232,0.0,0.26268446406794066,0
Mahadevapura,0.3704835020151954,0.175,0.2288824683606565,0.298490605451098,0.0,0.27271931019511436,0
Mahadevapura,0.35496007642350513,0.175,0.20642539739517396,0.36484493837365156,0.0,0.2727478469833093,0
Mahadevapura,0.6319774399879425,0.175,0.2528293372392022,0.10355927838976534,0.0,0.33979186320208515,0
Mahadevapura,0.6470667362846213,0.175,0.541352160870904,0.4219632111687319,0.0,0.450538271549108,0
Mahadevapura,0.49893651690835816,0.175,0.2887302459278121,0.3211913289104481,0.0,0.333052529440055,0
Mahadevapura,0.45159504428746367,0.175,0.12390224206357227,0.47265533376538627,0.0,0.30623701397813463,0
Mahadevapura,0.6635537685907374,0.175,0.3147433283897011,0.5720685638787987,0.0,0.4335027692665181,0
Mahadevapura,0.31070732562129216,0.175,0.3193368216969384,0.2747283577759552,0.0,0.2663241819732332,0
Mahadevapura,0.7610907791636012,0.175,0.14783287079691904,0.42551527563815655,0.0,0.4122756382123677,0
Mahadevapura,0.6088095507164621,0.175,0.2551387512983635,0.08334238228462315,0.0,0.3291124503531279,0
Mahadevapura,0.759305581132623,0.175,0.13114855438244177,0.25171225214804477,0.0,0.3822435020951131,0
Mahadevapura,0.5962782223798105,0.175,0.3365515031786543,0.4562197488858554,0.0,0.39694064080154284,0
Mahadevapura,0.023199925825752254,0.175,0.4976183712389085,0.49830690108840164,0.0,0.23488968345005523,0
Mahadevapura,0.6385918560758599,0.175,0.370331925140984,0.23593975381671892,0.0,0.38546449772725555,0
Mahadevapura,0.5191810311591185,0.175,0.6536741979972981,0.26341046296889536,0.0,0.4044597699504854,0
Mahadevapura,0.862812850899798,0.175,0.2569244622881834,0.4976739162030894,0.0,0.4805204777030293,0
Mahadevapura,0.6350404243220319,0.175,0.24093899236845007,0.4932522577691336,0.0,0.39693978565177124,0
Mahadevapura,0.11262467997617492,0.175,0.12400556958297357,0.3579583181648161,0.0,0.17041349963297836,0
Mahadevapura,0.38216326703060965,0.175,0.3098872529524018,0.4282330880120793,0.0,0.3124695572530056,0
Mahadevapura,0.36857920877688843,0.175,0.6040120105633023,0.22739656567554264,0.0,0.33641461003590284,0
Mahadevapura,0.5046056219672892,0.175,0.22578775220886604,0.3521411497780371,0.0,0.32709069059703,0
Mahadevapura,0.3218999086952906,0.175,0.11717376519085804,0.47840286781519437,0.0,0.26036015125380246,0
Mahadevapura,0.3470871869129251,0.175,0.6025209868779324,0.2918597125013888,0.0,0.33826366967031857,0
Mahadevapura,0.5827395319304642,0.175,0.24624641277390696,0.6666445324160017,0.0,0.4057047985928441,0
Mahadevapura,0.673466040539138,0.175,0.23473655580052405,0.17013306927142013,0.0,0.3606803857395161,0
Mahadevapura,0.637455017135306,0.175,0.10731496646798999,0.517347591455566,0.0,0.37467438800929,0
Mahadevapura,0.1807253089149278,0.175,0.14303943919676004,0.2125893758517394,0.0,0.17625015233733765,0
Mahadevapura,0.3982477861568935,0.175,0.33833945270003885,0.4797336846323388,0.0,0.3315146683897713,0
Mahadevapura,0.5216763921041128,0.175,0.2843501302667404,0.384464807721896,0.0,0.34962648444807193,0
Mahadevapura,0.2957281437395395,0.175,0.48540510020698446,0.4609080607187267,0.0,0.3222220794580447,0
Mahadevapura,0.45409513460575973,0.175,0.6201290647705795,0.7162497769280564,0.0,0.44289657660534026,0
Mahadevapura,0.454694624337613,0.175,0.094529671284317,0.2439224387354714,0.0,0.2671374185853487,0
Mahadevapura,0.3135384747859341,0.175,0.1035025858105438,0.16867859944351452,0.0,0.20824077325371287,0
Mahadevapura,0.6601567801040406,0.175,0.27969478523293423,0.1606494039264327,0.0,0.36359124067196597,0
Mahadevapura,0.5488940537961269,0.175,0.1679402860898738,0.5245269617615267,0.0,0.35688002031084815,0
Mahadevapura,0.47346414619704,0.175,0.21624151001292852,0.7594003313340244,0.0,0.37537080287165336,0
Mahadevapura,0.4708024749654747,0.175,0.57700919508567,0.5660866565549086,0.0,0.4175957037382865,0
Mahadevapura,0.41096320281916593,0.175,0.2486238228043936,0.28905512199043937,0.0,0.2894201538461527,0
Mahadevapura,0.6114380115570558,0.175,0.32961071136456804,0.29623024876426446,0.0,0.37685998363252277,0
Mahadevapura,0.6555224305650655,0.175,0.1262067418245051,0.4227474825645859,0.0,0.3705863214473618,0
Mahadevapura,0.5827501750709951,0.175,0.10345372400947289,0.360814650250409,0.0,0.33127550361430425,0
Mahadevapura,0.4231483313271833,0.175,0.4336363955936283,0.6201521964657456,0.0,0.3803520245531017,0
Mahadevapura,0.06494583053253727,0.175,0.37999544443768735,0.8163499343487552,0.0,0.2736826197262388,0
Mahadevapura,0.2679527074683188,0.175,0.08944030948245837,0.18585956730549638,0.0,0.1920504446062277,0
Hulimavu,0.47902262082778685,0.175,0.2181391809994217,0.2875672636625741,0.0,0.30692084303899586,0
Hulimavu,0.3432741740895482,0.175,0.30841214714291637,0.2932936875346899,0.0,0.27832244349012863,0
Hulimavu,0.43796544953384997,0.175,0.04992046845042661,0.5557269634762608,0.0,0.2991310455483719,0
Hulimavu,0.5233550443736124,0.175,0.4214446646161951,0.37391489139521483,0.0,0.37605043216328554,0
Hulimavu,0.26747588919305926,0.175,0.22446778330488482,0.5877455999512612,0.0,0.2791719578712369,0
Hulimavu,0.2894085000189192,0.175,0.4455283525427725,0.519560475385834,0.0,0.32083271682305137,0
Hulimavu,0.3404109493487619,0.175,0.354045662354581,0.4865291229239549,0.0,0.31543233318157615,0
Hulimavu,0.514674922809193,0.175,0.39739335356189603,0.33435080236224496,0.0,0.3622675140499335,0
Hulimavu,0.26300531860961907,0.175,0.692770749232658,0.3945952407739003,0.0,0.3422952974759833,0
Hulimavu,0.35248720194759137,0.175,0.07917747285068095,0.3744151665471472,0.0,0.24786829023386522,0
Hulimavu,0.6427046634122517,0.175,0.587628780434972,0.21158085566687687,0.0,0.426709516631314,0
Hulimavu,0.49464793539614416,0.175,0.19387294413990636,0.15273526459965223,0.0,0.2873116559065796,0
Hulimavu,0.14652795493309445,0.175,0.13482626876895576,0.1604918211127079,0.0,0.1548238111472804,0
Hulimavu,0.5760133182839169,0.175,0.23180625115965353,0.20653865847225228,0.0,0.33144671040213947,0
Hulimavu,0.3834048100307902,0.175,0.35424324536847346,0.5343715721769356,0.0,0.3376960684110116,0
Hulimavu,0.46953024706369595,0.175,0.2782993414385884,0.5279690290402045,0.0,0.3516908091160419,0
Hulimavu,0.4352314479200121,0.175,0.22000892290890012,0.551239436860642,0.0,0.33151870688288054,0
Hulimavu,0.1113364095390671,0.175,0.15217828535300132,0.23264875582646688,0.0,0.15680071378324376,0
Hulimavu,0.7046440626969632,0.175,0.13222710671132748,0.3775848162451678,0.0,0.3822085657229778,0
Hulimavu,0.26098638638290367,0.175,0.5987522035734855,0.31508868922089084,0.0,0.310858979331847,0
Hulimavu,0.4884238368481234,0.175,0.05115161932555289,0.1432390816627693,0.0,0.25516452901136916,0
Hulimavu,0.61882359685353,0.175,0.3226609739333057,0.11408309184782162,0.0,0.35073291746256985,0
Hulimavu,0.46145944178728776,0.175,0.32891016029960096,0.31151918199195305,0.0,0.32652071398426386,0
Hulimavu,0.31822318412255013,0.175,0.44642362544816144,0.3366832637909285,0.0,0.3036653291011641,0
Hulimavu,0.49789226847278545,0.175,0.19627977901062982,0.21408201717702421,0.0,0.2981305523441545,0
Hulimavu,0.3438723158976471,0.175,0.3138973627469741,0.47286190174558135,0.0,0.3065640683754085,0
Hulimavu,0.40332916863902823,0.175,0.41560910195431017,0.43358962375139154,0.0,0.3418254729772306,0
Hulimavu,0.8172257220755742,0.175,0.2109981409610594,0.40175514341857826,0.0,0.4409919024314496,0
Hulimavu,0.47097770915385584,0.175,0.29422533094393244,0.06415774766912709,0.0,0.2858109265430051,0
Hulimavu,0.8194981404331202,0.175,0.32257007557573336,0.07868516357382799,0.0,0.4156411388028129,0
Hulimavu,0.5125599057786414,0.175,0.55455954171431,0.19264049596517596,0.0,0.37170394976016286,0
Hulimavu,0.7465825661284347,0.175,0.3671761325303118,0.36867064750684053,0.0,0.4425397217770406,0
Hulimavu,0.27858684609728895,0.175,0.08849703682699415,0.2427675860657965,0.0,0.2041199414093194,0
Hulimavu,0.2790777657633298,0.175,0.3546624535848073,0.1444049977294755,0.0,0.24277045839354822,0
Hulimavu,0.31931467880020076,0.175,0.22429282144514723,0.4168235837150741,0.0,0.2716422394263608,0
Hulimavu,0.3738942738058546,0.175,0.25777973834417073,0.5803455041188561,0.0,0.32197076911871164,0
Hulimavu,0.9275143778959318,0.175,0.34996613610925226,0.21042294658416366,0.0,0.47868670147305115,0
Hulimavu,0.4459199280434756,0.175,0.202873964985974,0.3211618620369406,0.0,0.2973210471179523,0
Hulimavu,0.6510541329085076,0.175,0.20707168183785363,0.6913543827898826,0.0,0.42548644030403077,0
Hulimavu,0.25367479836703755,0.175,0.12411141901627779,0.23625014062405583,0.0,0.20154598432532705,0
Hulimavu,0.6223144096344676,0.175,0.3510419870426839,0.8746482429147839,0.0,0.47171567721781804,0
Hulimavu,0.30092580418352766,0.175,0.17690342466591963,0.4719984826829848,0.0,0.2640044887998663,0
Hulimavu,0.0,0.175,0.3281918897235052,0.2720068142066608,0.0,0.15893940007570018,0
Hulimavu,0.5164560024572529,0.175,0.15690372614326079,0.4413125917095656,0.0,0.3308372348451255,0
Hulimavu,0.1296873439490116,0.175,0.2830892467306934,0.40460207390034375,0.0,0.21519873081334429,0
Hulimavu,0.2886500109762157,0.175,0.29277361870087415,0.330943795087194,0.0,0.2617237968449294,0
Hulimavu,0.6522476150691187,0.175,0.1189047550058887,0.7315286884597304,0.0,0.4142969195443288,0
Hulimavu,0.4665400331493242,0.175,0.3564649592301099,0.18289608174197572,0.0,0.3145164157095818,0
Hulimavu,0.45419966671990303,0.175,0.2822073479665895,0.6117384302590019,0.0,0.35967211748413425,0
Hulimavu,0.5719276131509288,0.175,0.2090775980384762,0.11430708614469112,0.0,0.311636247132224,0
Sheshadripuram/Chickpet,0.520596543445348,0.175,0.4198986621155483,0.3306067922536563,0.0,0.3682795414670299,0
Sheshadripuram/Chickpet,0.2788206205436648,0.175,0.10695616039548995,0.5429032371477852,0.0,0.25291393484154845,0
Sheshadripuram/Chickpet,0.48458707109213633,0.175,0.3269990782906914,0.17497727823450102,0.0,0.3137518822755611,0
Sheshadripuram/Chickpet,0.10503209793361673,0.175,0.4809351603446203,0.38990071223907935,0.0,0.24393337318155184,0
Sheshadripuram/Chickpet,0.5645927267670345,0.175,0.26199193652535746,0.506813417806158,0.0,0.3785278543444573,0
Sheshadripuram/Chickpet,0.4733300561280101,0.175,0.7011202927458787,0.44957167256771347,0.0,0.4258253290791363,0
Sheshadripuram/Chickpet,0.5526131875847463,0.175,0.16768538671306338,0.1278796387516015,0.0,0.2986336388100141,0
Sheshadripuram/Chickpet,0.5956360821905996,0.175,0.2405649146085465,0.4644090980848826,0.0,0.3787469764011515,0
Sheshadripuram/Chickpet,0.34018358081781946,0.175,0.23804672255124532,0.24789918282583565,0.0,0.2563584752203612,0
Sheshadripuram/Chickpet,0.26239321978043884,0.175,0.36012776470030616,0.554521665578552,0.0,0.2995414296999976,0
Sheshadripuram/Chickpet,0.3398779095561342,0.175,0.6993977746527705,0.14777114003886105,0.0,0.33350249428103024,0
Sheshadripuram/Chickpet,0.4809632666120544,0.175,0.2529445186748322,0.2543413748769679,0.0,0.30957725328073066,0
Sheshadripuram/Chickpet,0.6278318790080185,0.175,0.6624676205883105,0.39569446938986,0.0,0.4640888521789476,0
Sheshadripuram/Chickpet,0.7749601943040905,0.175,0.16036258278789006,0.41369140710585006,0.0,0.4178622956298872,0
Sheshadripuram/Chickpet,0.32887864477545103,0.175,0.12689564254456137,0.518630212499691,0.0,0.2707811860552738,0
Sheshadripuram/Chickpet,0.3074257568652198,0.175,0.22115503947382342,0.2913568646755104,0.0,0.24803355249891818,0
Sheshadripuram/Chickpet,0.35978380890510775,0.175,0.4940999477760207,0.49555955300186477,0.0,0.3515782556222715,0
Sheshadripuram/Chickpet,0.7076186299940257,0.175,0.6705133280578798,0.07215580434008091,0.0,0.4450925567604971,0
Sheshadripuram/Chickpet,0.4808198872164723,0.175,0.5375219152954098,0.1098382459589749,0.0,0.3447670804786935,0
Sheshadripuram/Chickpet,0.3195220785717477,0.175,0.7839249509749484,0.4153614473936821,0.0,0.3834219348041537,0
Sheshadripuram/Chickpet,0.1705986543458497,0.175,0.18420051895044193,0.7373060695370833,0.0,0.2596455432416983,0
Sheshadripuram/Chickpet,0.6230399019391413,0.175,0.29550388487613444,0.7099197029892309,0.0,0.43615269810231094,0
Sheshadripuram/Chickpet,0.0,0.175,0.37498282313845593,0.5211540954696234,0.0,0.2056696789481347,0
Sheshadripuram/Chickpet,0.4153599205995328,0.175,0.1725503365387761,0.4864014041299915,0.0,0.3053462501370904,0
Sheshadripuram/Chickpet,0.4936397566939458,0.175,0.05461218293681033,0.3927644175137095,0.0,0.2951110140572995,0
Sheshadripuram/Chickpet,0.49113726290635246,0.175,0.17084904856307176,0.8782994535874941,0.0,0.3903127697679618,0
Sheshadripuram/Chickpet,0.8727456693999294,0.175,0.12475143175845427,0.4751289459158854,0.0,0.4541806125290489,0
Sheshadripuram/Chickpet,0.5070075546481182,0.175,0.16538416064786282,0.6314854566606909,0.0,0.35775229475551756,0
Sheshadripuram/Chickpet,0.8103240310289167,0.175,0.23224614872719934,0.5713378050475351,0.0,0.46826331136269095,0
Sheshadripuram/Chickpet,0.3748575693195539,0.175,0.46503948186529037,0.6772905641134893,0.0,0.3783016302519253,0
Sheshadripuram/Chickpet,0.7814000890955537,0.175,0.19190217777305918,0.15999123199399673,0.0,0.3883691515371551,0
Sheshadripuram/Chickpet,0.3972242826936304,0.175,0.12392496137382594,0.302903626890201,0.0,0.26174903525106596,0
Sheshadripuram/Chickpet,0.22947770437527204,0.175,0.5294070471671479,0.4029186771044151,0.0,0.2991364075304371,0
Sheshadripuram/Chickpet,0.5235004385800076,0.175,0.2925185060350459,0.23811233493927847,0.0,0.3299457049509036,0
Sheshadripuram/Chickpet,0.4688033605526997,0.175,0.39594646214783524,0.25404461817988994,0.0,0.3338771613499954,0
Sheshadripuram/Chickpet,0.8341897363403254,0.175,0.3206235706736616,0.2639011895626155,0.0,0.44817630028823846,0
Sheshadripuram/Chickpet,0.3838829345470737,0.175,0.4363834386842666,0.5425684147381835,0.0,0.3555209770390566,0
Sheshadripuram/Chickpet,0.7734569633959012,0.175,0.35054777636461815,0.20999187108612075,0.0,0.4248182731244071,0
Sheshadripuram/Chickpet,0.47135091058259604,0.175,0.17451924168951616,0.34297319875074656,0.0,0.30382264685442384,0
Sheshadripuram/Chickpet,0.572386151398499,0.175,0.4060829562140743,0.2757488274234132,0.0,0.37541406834580154,0
Sheshadripuram/Chickpet,0.6241552782602702,0.175,0.5097430403092656,0.11093486211711212,0.0,0.3895431847705145,0
Sheshadripuram/Chickpet,0.4182825274549786,0.175,0.11050998823706099,0.27159914757547077,0.0,0.2617407543929753,0
Sheshadripuram/Chickpet,0.9337061686585575,0.175,0.3552136261371112,0.7942063049134562,0.0,0.5694708299949358,1
Sheshadripuram/Chickpet,0.5815974844087279,0.175,0.6503789795421033,0.1042271579321655,0.0,0.40176898914130027,0
Sheshadripuram/Chickpet,0.4121201420358367,0.175,0.329341343172326,0.153790779853247,0.0,0.2856789353249951,0
Sheshadripuram/Chickpet,0.2806977267996934,0.175,0.42509536249741364,0.23874205427674747,0.0,0.27157458502088755,0
Sheshadripuram/Chickpet,0.2111152938243109,0.175,0.8379315381326545,0.6357858069645457,0.0,0.3893445315097216,0
Sheshadripuram/Chickpet,0.569338793981985,0.175,0.5847216134436812,0.2862424992188075,0.0,0.41164927546525215,0
Sheshadripuram/Chickpet,0.47555319466762114,0.175,0.17349824962088733,0.4217686924579183,0.0,0.3169085719265326,0
Sheshadripuram/Chickpet,0.29798185891388385,0.175,0.19907095168239108,0.1343921341640987,0.0,0.21676666108095236,0
Int. Aiport,0.18261654739287064,0.175,0.5337907282761635,0.17473944078683296,0.0,0.24938485336076238,0
Int. Aiport,0.5066870350852792,0.175,0.19964883137528794,0.6759889816559248,0.0,0.371168575803294,0
Int. Aiport,0.1538359027231686,0.175,0.31283224103943297,0.11344377599022609,0.0,0.1859255805595295,0
Int. Aiport,0.19197246808078816,0.175,0.44199810344323714,0.40743517402867746,0.0,0.2692052606212249,0
Int. Aiport,0.4078810410852229,0.175,0.5804768340498688,0.5973438498200629,0.0,0.4009553086628112,0
Int. Aiport,0.22677067929233888,0.175,0.0650216844817797,0.31650660192914915,0.0,0.1923500649380469,0
Int. Aiport,0.2539787907642871,0.175,0.10683326445650536,0.32837397544768954,0.0,0.21201532597595496,0
Int. Aiport,0.32597335514188797,0.175,0.3227279014963696,0.8039680087473764,0.0,0.35173145591104116,0
Int. Aiport,0.4230347901082093,0.175,0.4222300673119084,0.4289508086655195,0.0,0.34935081130008283,0
Int. Aiport,0.6889306443866973,0.175,0.10729888202311383,0.5418385467121306,0.0,0.3963612839467864,0
Int. Aiport,0.5958166055150645,0.175,0.2873141230138211,0.17429125012376612,0.0,0.3446423240516017,0
Int. Aiport,0.1726510695104606,0.175,0.44543695584812326,0.7940534908708672,0.0,0.3211232891289159,0
Int. Aiport,0.38150588297472826,0.175,0.2628999365834595,0.6186674267182887,0.0,0.3314071603655901,0
Int. Aiport,0.4747768114833631,0.175,0.47051086380773227,0.31432340518813345,0.0,0.35992256755894353,0
Int. Aiport,0.4310504783053525,0.175,0.08877288571912773,0.42640267017459993,0.0,0.28508264507688885,0
Int. Aiport,0.35026851801418935,0.175,0.5545973406470789,0.27322938819749004,0.0,0.3269978576640055,0
Int. Aiport,0.19229449686952643,0.175,0.2574485494568684,0.32041613999503904,0.0,0.2193552047949638,0
Int. Aiport,0.4040295122660399,0.175,0.1924781252799143,0.30556915868094753,0.0,0.2782413281512389,0
Int. Aiport,0.42239879567574473,0.175,0.2335848181421969,0.4146680577339025,0.0,0.3092567507750354,0
Int. Aiport,0.37025096439741495,0.175,0.07887380947488762,0.25819494284048533,0.0,0.23659184086014556,0
Int. Aiport,0.21891047056350577,0.175,0.20527333834292816,0.23725301145886973,0.0,0.20576128408464311,0
Int. Aiport,0.5652606544034278,0.175,0.366923237409449,0.3618011173204407,0.0,0.37799604412115556,0
Int. Aiport,0.28605106593131857,0.175,0.42545075736642596,0.1573109522833078,0.0,0.26130466739174285,0
Int. Aiport,0.38471245948281185,0.175,0.24469990246833684,0.26734213758946646,0.0,0.27619066195107145,0
Int. Aiport,0.25111934277990583,0.175,0.2279135777282254,0.6162263555516286,0.0,0.2784084388513564,0
Int. Aiport,0.48681606290297347,0.175,0.19149413595546322,0.29833224505209865,0.0,0.30593428596494815,0
Int. Aiport,0.470895669562612,0.175,0.38312256111018766,0.5837551848145881,0.0,0.3815012742911399,0
Int. Aiport,0.6702676222057163,0.175,0.27033961108487503,0.21337836286119016,0.0,0.3731683444181543,0
Int. Aiport,0.5815941620225688,0.175,0.3815569405407903,0.06729437909915276,0.0,0.34246350168093004,0
Int. Aiport,0.49144870715830624,0.175,0.06983665261932578,0.10817884485896659,0.0,0.2547012047581173,0
Int. Aiport,0.3328526050135832,0.175,0.3756056667443295,0.8811180102101575,0.0,0.37628724663514357,0
Int. Aiport,0.5749437406216944,0.175,0.41081901501559126,0.1683056619887634,0.0,0.36113996151902583,0
Int. Aiport,0.268547411870817,0.175,0.3023418156983289,0.6629486256738907,0.0,0.3064022511455353,0
Int. Aiport,0.4101921744663787,0.175,0.15284936484754832,0.5495596760949358,0.0,0.3090710854469826,0
Int. Aiport,0.5713198067865584,0.175,0.2393981728847473,0.4188377428493466,0.0,0.3631672283796469,0
Int. Aiport,0.3302230484984463,0.175,0.23426842364717038,0.3269973479047907,0.0,0.26398135388960886,0
Int. Aiport,0.3743207056244537,0.175,0.2895453391616505,0.514837224136766,0.0,0.3186468984214038,0
Int. Aiport,0.6695321589819352,0.175,0.42844755985563,0.24752358085596116,0.0,0.40965430474319753,0
Int. Aiport,0.17483208172316522,0.175,0.2383962002068537,0.720791730967818,0.0,0.2694892282896513,0
Int. Aiport,0.3560956439103303,0.175,0.7578903381421365,0.4503489434327616,0.0,0.3962638845119571,0
Int. Aiport,0.39569780544160005,0.175,0.3532655047433212,0.5143358271081521,0.0,0.33879770691944705,0
Int. Aiport,0.3591454137299449,0.175,0.35171309947064605,0.26642960406917165,0.0,0.2885079553099857,0
Int. Aiport,0.5952947253321501,0.175,0.35501061779745247,0.4250459595098619,0.0,0.39561217135222226,0
Int. Aiport,0.23959518157962756,0.175,0.23628060030346876,0.3298448672813765,0.0,0.23309116370576988,0
Int. Aiport,0.22405757321651668,0.175,0.14728562886259816,0.4637727931656328,0.0,0.2299431953731454,0
Int. Aiport,0.7227729250914148,0.175,0.05025108276104026,0.19484004755033024,0.0,0.3447467474667527,0
Int. Aiport,0.39193537532724365,0.175,0.49683118142210936,0.21816618807543448,0.0,0.3217685458602723,0
Int. Aiport,0.6226053888365012,0.175,0.11284141506235182,0.15027276759573016,0.0,0.3155210842446053,0
Int. Aiport,0.4496076708862209,0.175,0.5502451248217816,0.18687679822889458,0.0,0.3479432295088678,0
Int. Aiport,0.4883957254076039,0.175,0.33316889522627313,0.0840647148884451,0.0,0.30268199017118275,0
JP Nagar,0.4050490832355527,0.175,0.19503993901239075,0.19314372415757253,0.0,0.2622467255585575,0
JP Nagar,0.5605375801743979,0.175,0.18029417715820106,0.8506855447258798,0.0,0.4123498202015614,0
JP Nagar,0.25956173805427973,0.175,0.27761358620742876,0.4497308997830068,0.0,0.26632896052793464,0
JP Nagar,0.3620392902576814,0.175,0.2601166005852743,0.08883453849102341,0.0,0.24456225248089686,0
JP Nagar,0.43854798563215835,0.175,0.6039288201862368,0.2200185025184711,0.0,0.3597803343862735,0
JP Nagar,0.1389101684506921,0.175,0.4441967756604496,0.3716844484215348,0.0,0.24571058135306237,0
JP Nagar,0.2789546491448254,0.175,0.3837331772390941,0.39139925833646677,0.0,0.2855906513989777,0
JP Nagar,0.3167609115089905,0.175,0.10864886514249276,0.3387002007847045,0.0,0.23590112217435089,0
JP Nagar,0.48054489615839424,0.175,0.570142599545226,0.5835865196580128,0.0,0.42225721151318507,0
JP Nagar,0.810328361637511,0.175,0.35229112832522785,0.1373154927352697,0.0,0.4271704761484648,0
JP Nagar,0.0,0.175,0.43236280107734554,0.315139649653424,0.0,0.18624350766348272,0
JP Nagar,0.3800362391226216,0.175,0.2423849757671162,0.6962176947345305,0.0,0.33842233305652036,0
JP Nagar,0.3962722648276076,0.175,0.4681647147938427,0.30407446726859155,0.0,0.33043940573871994,0
JP Nagar,0.7025619281262303,0.175,0.4147876061310813,0.145547522554256,0.0,0.40318632445353525,0
JP Nagar,0.6925754701610171,0.175,0.1309282620034946,0.3355800562437197,0.0,0.37142407539361283,0
JP Nagar,0.6800950673320387,0.175,0.312691314087185,0.18801704334623745,0.0,0.38127409288558617,0
JP Nagar,0.22728632102305202,0.175,0.539034294240808,0.3757584025608525,0.0,0.29622083159035767,0
JP Nagar,0.3960999490137247,0.175,0.307969514354851,0.6106482580866835,0.0,0.34432612373877636,0
JP Nagar,0.3604030797653385,0.175,0.2631512583849658,0.18101247279617447,0.0,0.2584232005142878,0
JP Nagar,0.8058041027636879,0.175,0.3536897628800886,0.4622308954289346,0.0,0.47460402285764863,0
JP Nagar,0.5336432836377133,0.175,0.4616218360594414,0.20992201543427294,0.0,0.36308781880022883,0
JP Nagar,0.47154390325594703,0.175,0.40374977082315316,0.2040993445162043,0.0,0.32890522198164274,0
JP Nagar,0.32600499102013464,0.175,0.31240285016209157,0.5069429442622164,0.0,0.3051237585287979,0
JP Nagar,0.4269321904880209,0.175,0.5960846037185097,0.3874289770248172,0.0,0.3792575339682318,0
JP Nagar,0.19241968938478263,0.175,0.2559019901036322,0.4925311051314165,0.0,0.24490695507511281,0
JP Nagar,0.42730306880011226,0.175,0.16877698630361754,0.24822426636764422,0.0,0.2730451112959094,0
JP Nagar,0.31292097885982484,0.175,0.2937888587967738,0.8385498372619828,0.0,0.3465625899495909,0
JP Nagar,0.08423893980731118,0.175,0.09956487160821029,0.5780961629409858,0.0,0.18861102769534882,0
JP Nagar,0.7373793126178925,0.175,0.19647932732613027,0.14485517712597748,0.0,0.37160690145038505,0
JP Nagar,0.34852834158873847,0.175,0.1417123698717921,0.39791107121428876,0.0,0.2625140542125602,0
JP Nagar,0.3901205623023687,0.175,0.22583133602829752,0.4384948922204136,0.0,0.29998269784455056,0
JP Nagar,0.3641890931384115,0.175,0.4901585218169952,0.5312376149791734,0.0,0.3576835292087191,0
JP Nagar,0.26728386998470754,0.175,0.4128728209657663,0.27344681782686936,0.0,0.26964094136183125,0
JP Nagar,0.48786686457161643,0.175,0.13756454055459832,0.8152877297448066,0.0,0.3730594701727064,0
JP Nagar,0.9490415839519364,0.175,0.3745211783633268,0.686869811243601,0.0,0.5625992617423832,1
JP Nagar,0.19956621974353164,0.175,0.14090532608813916,0.5649135223717592,0.0,0.23526627048362775,0
JP Nagar,0.5263553812711461,0.175,0.10747271843798009,0.43102385964511075,0.0,0.32287250607926377,0
JP Nagar,0.3114520631939457,0.175,0.2955791496059143,0.21730273052849453,0.0,0.253219461618338,0
JP Nagar,0.32184939490777287,0.175,0.5480914728842186,0.4656269623736967,0.0,0.3446096271506187,0
JP Nagar,0.6406276062364702,0.175,0.3946842266219359,0.25947454053814006,0.0,0.39457768858787273,0
JP Nagar,0.21650656685669378,0.175,0.19949864328758882,0.54479896386304,0.0,0.24989687163681656,0
JP Nagar,0.0,0.175,0.344216662614397,0.09148450950856454,0.0,0.1350660089491641,0
JP Nagar,0.45048262174281445,0.175,0.3489045428081286,0.3396732231589044,0.0,0.33090080964544644,0
JP Nagar,0.29746845843457903,0.175,0.6923479355807753,0.42717809974379145,0.0,0.35916026252982647,0
JP Nagar,0.4306391643672854,0.175,0.4348167831118103,0.11466457333128402,0.0,0.30738675015060457,0
JP Nagar,0.3852635754060716,0.175,0.7252732794367206,0.44876923715677314,0.0,0.3997122928529851,0
JP Nagar,0.5571535502382969,0.175,0.10685256126065203,0.12066660572972226,0.0,0.28697424569499264,0
JP Nagar,0.727686316045961,0.175,0.2341962321586799,0.3113901132717565,0.0,0.40073797403858574,0
JP Nagar,0.35299586338213357,0.175,0.2096008931678368,0.3554801468770709,0.0,0.2712907528488747,0
JP Nagar,0.15803936104941502,0.175,0.45136193297825306,0.17562506570361364,0.0,0.22442992281848792,0
Jnanabharathi,0.5079114836262624,0.175,0.10577670005583018,0.14551393398166015,0.0,0.27325144937760687,0
Jnanabharathi,0.8846883535869444,0.175,0.2866203279324351,0.5956525853834852,0.0,0.5088128771494402,0
Jnanabharathi,0.6463405463061276,0.175,0.593601040660979,0.2039243927126901,0.0,0.428028058246244,0
Jnanabharathi,0.7699523979877964,0.175,0.38207721266383726,0.5736364489578664,0.0,0.4844442491721761,0
Jnanabharathi,0.2535513429512111,0.175,0.45887336638985304,0.20250142994080167,0.0,0.26339285780201477,0
Jnanabharathi,0.44751645551336117,0.175,0.17093186102419733,0.4509873194131018,0.0,0.3109652295464811,0
Jnanabharathi,0.4347920152091027,0.175,0.5257270433274259,0.5022595726012347,0.0,0.3851615498788563,0
Jnanabharathi,0.3236512093461781,0.175,0.22778719370669176,0.39953811469925965,0.0,0.2712660792173896,0
Jnanabharathi,0.4411516928540728,0.175,0.30966001710613084,0.1874523802525849,0.0,0.29695295295803936,0
Jnanabharathi,0.223766065959973,0.175,0.10181549407488015,0.09938605325964317,0.0,0.16608912988991306,0
Jnanabharathi,0.35295618341112817,0.175,0.22278771899043742,0.08660334955626506,0.0,0.2335827104254221,0
Jnanabharathi,0.6393163372509105,0.175,0.2287081511951583,0.3374260860176017,0.0,0.3726162611794906,0
Jnanabharathi,0.16955820481904577,0.175,0.16199984658572525,0.1733519934638982,0.0,0.17024814002339578,0
Jnanabharathi,0.3904227880433502,0.175,0.3020777650049145,0.09070822604344342,0.0,0.26316976272267195,0
Jnanabharathi,0.7728801272915315,0.175,0.2881506348309168,0.34153395656633506,0.0,0.43186826500316966,0
Jnanabharathi,0.08270446655471259,0.175,0.6690505513443914,0.39037236946772697,0.0,0.27381252898318675,0
Jnanabharathi,0.35667758345973016,0.175,0.09630891300982372,0.3412615509107354,0.0,0.24778816944948057,0
Jnanabharathi,0.1918046858521171,0.175,0.5793014206155594,0.6402618455416721,0.0,0.3315312010026037,0
Jnanabharathi,0.3728969283383933,0.175,0.10008069590661127,0.33503489053832075,0.0,0.253285297680508,0
Jnanabharathi,0.2894770587539518,0.175,0.2648664432197349,0.2943946786283946,0.0,0.2509494610020893,0
Jnanabharathi,0.4827334622560965,0.175,0.29216687795716506,0.46218483403742816,0.0,0.34921781248668093,0
Jnanabharathi,0.47807374543040415,0.175,0.4539161436050356,0.500673125224857,0.0,0.38571000840537706,0
Jnanabharathi,0.5659246458880874,0.175,0.39152762036405325,0.37895353622696837,0.0,0.38572218056768653,0
Jnanabharathi,0.39524911522195627,0.175,0.5556366408475911,0.5770891618915791,0.0,0.3885278927809398,0
Jnanabharathi,0.40106929800835833,0.175,0.2571325788991799,0.30635851585238794,0.0,0.29025454746061957,0
Jnanabharathi,0.31654319250145546,0.175,0.42379301402429975,0.13613311881152357,0.0,0.26846868800209794,0
Jnanabharathi,0.5996643249177762,0.175,0.5621126096887034,0.5922902300651904,0.0,0.4636485701687409,0
Jnanabharathi,0.9191072349258411,0.175,0.21132386489489258,0.49483439510755617,0.0,0.49067746446915633,0
Jnanabharathi,0.3483885545180393,0.175,0.08203769266983063,0.287722831110569,0.0,0.2340019572818652,0
Jnanabharathi,0.3540068976778451,0.175,0.2613911999994474,0.3219172274970647,0.0,0.276968238311695,0
Jnanabharathi,0.4096638634670028,0.175,0.29693701302564385,0.5997719680199635,0.0,0.34523555002157424,0
Jnanabharathi,0.5501329351219868,0.175,0.3192130015247663,0.27786562520301333,0.0,0.3505689713781006,0
Jnanabharathi,0.31804598442562326,0.175,0.5396685248981622,0.1444300603151845,0.0,0.29341430857587825,0
Jnanabharathi,0.7544439167183594,0.175,0.3057390418175513,0.3159837082042422,0.0,0.42510073544557236,0
Jnanabharathi,0.700581107897686,0.175,0.3550513953807217,0.2829461645683522,0.0,0.4111555915255873,0
Jnanabharathi,0.4924377978430666,0.175,0.07023122852209443,0.3888668034830407,0.0,0.2972294954719483,0
Jnanabharathi,0.2853356555663915,0.175,0.3854271506262451,0.3480989192030268,0.0,0.2816677474539401,0
Jnanabharathi,0.5729886812739616,0.175,0.48843645694762294,0.5176862400182239,0.0,0.42838626583814476,0
Jnanabharathi,0.5422775208464505,0.175,0.2988085491851161,0.5056532384435634,0.0,0.3779068278998154,0
Jnanabharathi,0.46020909487510286,0.175,0.13446975096261138,0.5933389098353448,0.0,0.32946796987411,0
Jnanabharathi,0.2930540483278866,0.175,0.5757381493683492,0.20193670250977855,0.0,0.3005070521648969,0
Jnanabharathi,0.45032819678273894,0.175,0.5346805638538236,0.23383392462584235,0.0,0.35212607033859966,0
Jnanabharathi,0.24434548830705705,0.175,0.17247617011671318,0.5465828574066931,0.0,0.25450358354181657,0
Jnanabharathi,0.27316644686530617,0.175,0.17187099639109105,0.7444148279751052,0.0,0.29414467987734116,0
Jnanabharathi,0.5017537775604443,0.175,0.15863655677488087,0.3441086806660436,0.0,0.31145743560103817,0
Jnanabharathi,0.0,0.175,0.10268435637530451,0.08549786892666722,0.0,0.08586155161406098,0
Jnanabharathi,0.4180167663299898,0.175,0.0971892798238139,0.07191021945489279,0.0,0.22903025709849312,0
Jnanabharathi,0.39527511053654696,0.175,0.2033002273899665,0.5443391061839595,0.0,0.3131572000933786,0
Jnanabharathi,0.7077413524091782,0.175,0.42347800358693505,0.6223639665488924,0.0,0.4782596690429332,0
Jnanabharathi,0.5377061652018882,0.175,0.3492507182459868,0.2309335838074436,0.0,0.34518733904097476,0
R T Nagar,0.1313190552258926,0.175,0.22028620349473887,0.5225606320426919,0.0,0.22090300483441394,0
R T Nagar,0.4082321674065375,0.175,0.5663964319792897,0.241551983552568,0.0,0.34489334252103127,0
R T Nagar,0.44662885290774335,0.175,0.17151142829681332,0.6292777961567381,0.0,0.3375140536005835,0
R T Nagar,0.5678943646873204,0.175,0.4275614239631411,0.19384376921145685,0.0,0.3658518778149089,0
R T Nagar,0.11714653024264593,0.175,0.3287424218555934,0.49184733238744766,0.0,0.23302686981416187,0
R T Nagar,0.3611754182987891,0.175,0.23578324456287464,0.4311668728526778,0.0,0.29074307624505275,0
R T Nagar,0.20005021346105947,0.175,0.2919502683866544,0.21830783279067761,0.0,0.21365380330730332,0
R T Nagar,0.6401966934571639,0.175,0.1466903292244015,0.32429901223445323,0.0,0.35455176039005565,0
R T Nagar,0.41083887301129174,0.175,0.25742109430611065,0.7430729359870434,0.0,0.3592387648132307,0
R T Nagar,0.15268414233294397,0.175,0.8212158676646231,0.6228952954379591,0.0,0.3636169176651488,0
R T Nagar,0.37711749594673416,0.175,0.24804628107056237,0.6444095317279407,0.0,0.3307618095546605,0
R T Nagar,0.3526099756759249,0.175,0.2645220109392586,0.7650617058979257,0.0,0.3435771495591143,0
R T Nagar,0.7231916374967713,0.175,0.3411501219166738,0.3086295952896528,0.0,0.4201415368006526,0
R T Nagar,0.2661583187016047,0.175,0.07978124670494953,0.18336575284636344,0.0,0.18911652381350605,0
R T Nagar,0.6221775977743853,0.175,0.17950310610675896,0.34735693688257313,0.0,0.3582663209747726,0
R T Nagar,0.03162742708560362,0.175,0.33290655041112077,0.29184628980089355,0.0,0.17392785303231947,0
R T Nagar,0.5080032898546962,0.175,0.503193746502321,0.2863802887658405,0.0,0.3738969440644839,0
R T Nagar,0.3272039332454943,0.175,0.26542681168925897,0.34463230186095317,0.0,0.2718015842529178,0
R T Nagar,0.6240266308737555,0.175,0.46728058817582635,0.5010638889765638,0.0,0.4395250217874643,0
R T Nagar,0.33412319082431563,0.175,0.3776275421252474,0.3013237769295856,0.0,0.29016719175299777,0
R T Nagar,0.24052694522662382,0.175,0.2909149183960632,0.24144858851869147,0.0,0.2310847027863347,0
R T Nagar,0.6283125967242901,0.175,0.10762988700503874,0.3051133982776287,0.0,0.3397023959961536,0
R T Nagar,0.44617383112448983,0.175,0.2920200435534801,0.36155499855215195,0.0,0.32129809938709025,0
R T Nagar,0.3392975408320337,0.175,0.5776187655328967,0.7482285083471715,0.0,0.3990121686498668,0
R T Nagar,0.18124578080004283,0.175,0.3619026876564194,0.5268531930016513,0.0,0.2673445397615466,0
R T Nagar,0.6246616520065358,0.175,0.3570898529515139,0.13759651674735182,0.0,0.3631890263046931,0
R T Nagar,0.3183019378928366,0.175,0.4174903775843317,0.07488052976206343,0.0,0.2586358332436687,0
R T Nagar,0.5239906032898851,0.175,0.37598661568007496,0.3573969326325367,0.0,0.3647035741823553,0
R T Nagar,0.3829295421384093,0.175,0.1974383844002403,0.3932131884058382,0.0,0.284994994889367,0
R T Nagar,0.6178391726003623,0.175,0.39777348053108535,0.15503752827394515,0.0,0.3715540357574356,0
R T Nagar,0.2887976703514191,0.175,0.21145063411844522,0.31460707186638087,0.0,0.24306037222664287,0
R T Nagar,0.16832737507714862,0.175,0.30031328517864564,0.3426909914457253,0.0,0.22288088702958994,0
R T Nagar,0.4249682503141278,0.175,0.4580896467230916,0.4602260522540914,0.0,0.3618907247926767,0
R T Nagar,0.3555035694393749,0.175,0.2619008599246279,0.22204301538893068,0.0,0.2626128735970464,0
R T Nagar,0.3088277677706425,0.175,0.6303552807195382,0.6132340463687312,0.0,0.3786458818189422,0
R T Nagar,0.6375443481324884,0.175,0.403587426491343,0.1898651733419811,0.0,0.3848377831459367,0
R T Nagar,0.5713088021234495,0.175,0.4848093939272618,0.1579451047640074,0.0,0.3731117252432608,0
R T Nagar,0.4216993664143367,0.175,0.20777990046335665,0.4036900893779377,0.0,0.3022042717443798,0
R T Nagar,0.36629582982859643,0.175,0.1775838703912268,0.2747545545589471,0.0,0.25743349770209617,0
R T Nagar,0.3879206445741735,0.175,0.16159144432687478,0.2911883104025751,0.0,0.2642687610267219,0
R T Nagar,0.247066455531389,0.175,0.5804685281034799,0.26000775541798804,0.0,0.29406812836938034,0
R T Nagar,0.4832983814987799,0.175,0.13274012063947904,0.2922071701822575,0.0,0.2920335331798074,0
R T Nagar,0.4253713046212062,0.175,0.5249054021986664,0.4952566898812684,0.0,0.38064954053934574,0
R T Nagar,0.4810435027880194,0.175,0.4352976377937689,0.5972323870471694,0.0,0.39750961159163595,0
R T Nagar,0.4465478770698429,0.175,0.4892840021338696,0.46649612915185057,0.0,0.3766229767739965,0
R T Nagar,0.3826083555607469,0.175,0.2093116161315166,0.25245255618838547,0.0,0.26614313110082255,0
R T Nagar,0.1762233317889953,0.175,0.48927437537242163,0.36071843383866525,0.0,0.26614080627643244,0
R T Nagar,0.3743484111633346,0.175,0.47580970209928736,0.5065582967319534,0.0,0.3546676288368176,0
R T Nagar,0.5248333815831225,0.175,0.5238988388748037,0.29563248076264176,0.0,0.38531632344344985,0
R T Nagar,0.5244186284190423,0.175,0.35281545613241394,0.41703985248999975,0.0,0.36916558904664754,0
Pulikeshinagar,0.4345556149220177,0.175,0.31143300043782707,0.18421103018363516,0.0,0.2945127198378169,0
Pulikeshinagar,0.4425667964425305,0.175,0.19113694436192258,0.5908723570292984,0.0,0.33425662118166494,0
Pulikeshinagar,0.5445850154688187,0.175,0.2985945631976882,0.39396312972999376,0.0,0.3619181375131232,0
Pulikeshinagar,0.23078767188375826,0.175,0.18227296518303998,0.30873934246378826,0.0,0.21604117956549163,0
Pulikeshinagar,0.21680185815367903,0.175,0.23723105488737817,0.5317621023916059,0.0,0.2555911766900042,0
Pulikeshinagar,0.5959963246938544,0.175,0.2997610761223224,0.28002494068886835,0.0,0.3630546699706438,0
Pulikeshinagar,0.39959444631312513,0.175,0.2146274255293572,0.4684870084794354,0.0,0.30555659258738055,0
Pulikeshinagar,0.30141930758608776,0.175,0.13697989067085045,0.3101516457526438,0.0,0.23191548265219739,0
Pulikeshinagar,0.4305580461153029,0.175,0.15756297666828373,0.134382955732887,0.0,0.2548653548339458,0
Pulikeshinagar,0.6390074602886031,0.175,0.09449164294082785,0.0907813961452476,0.0,0.3086681491109638,0
Pulikeshinagar,0.363971646419879,0.175,0.413317831670589,0.26743685164241976,0.0,0.3026691703274384,0
Pulikeshinagar,0.42496277225143425,0.175,0.6210749484414445,0.31110198137113976,0.0,0.37211725718196187,0
Pulikeshinagar,0.18045111103906764,0.175,0.1804214504078458,0.24250375921267733,0.0,0.18811774282714444,0
Pulikeshinagar,0.13857822818566445,0.175,0.43066968833738944,0.6042071486764721,0.0,0.2777673898339313,0
Pulikeshinagar,0.2496677415547283,0.175,0.44483600374072535,0.7171262735206801,0.0,0.336419851320402,0
Pulikeshinagar,0.28940885920512427,0.175,0.5171628953993801,0.16506156460587174,0.0,0.28198491449255025,0
Pulikeshinagar,0.9043225604811627,0.175,0.2507493617974859,0.4265907052857225,0.0,0.48315137432076244,0
Pulikeshinagar,0.4350803267349433,0.175,0.4333807939644331,0.5268697699915105,0.0,0.3704847386488433,0
Pulikeshinagar,0.4677994344052266,0.175,0.2588730019411912,0.6347575899138344,0.0,0.36321804091714266,0
Pulikeshinagar,0.2063066654771259,0.175,0.13393193356307503,0.4270250316464506,0.0,0.21554747437657668,0
Pulikeshinagar,0.4601166266464373,0.175,0.35124435457174213,0.826556892391511,0.0,0.4077732240993281,0
Pulikeshinagar,0.4192049944598341,0.175,0.22268454730443416,0.19373735876844536,0.0,0.27281926133709555,0
Pulikeshinagar,0.4693829508116361,0.175,0.4136470613917605,0.40761767901284035,0.0,0.36065609691435074,0
Pulikeshinagar,0.37423561894635926,0.175,0.18259816863726674,0.29362864771137515,0.0,0.26404639751538533,0
Pulikeshinagar,0.483284572207416,0.175,0.14941916762324964,0.43284509405673915,0.0,0.3164601979057564,0
Pulikeshinagar,0.5382358141880204,0.175,0.3628524538952591,0.3685383756335822,0.0,0.36873378208989627,0
Pulikeshinagar,0.23116822917575638,0.175,0.20561762593550342,0.16064021713735538,0.0,0.19862843796921872,0
Pulikeshinagar,0.6193132417604698,0.175,0.24060973886863984,0.49334272666611106,0.0,0.39138299138980903,0
Pulikeshinagar,0.5584110520991494,0.175,0.26722230945585207,0.3417094595356839,0.0,0.3526447490562253,0
Pulikeshinagar,0.6861421739681242,0.175,0.1695775912681748,0.20983813661158163,0.0,0.35804099963421565,0
Pulikeshinagar,0.2944289043833882,0.175,0.3418996219894502,0.22172009902409479,0.0,0.2571880557856901,0
Pulikeshinagar,0.3318528874559661,0.175,0.3704668000187067,0.32572004220911954,0.0,0.2915998769446974,0
Pulikeshinagar,0.34824816583709645,0.175,0.3878228887764275,0.5189520515762536,0.0,0.32979424353470727,0
Pulikeshinagar,0.5193008684574725,0.175,0.5487785761812737,0.610619910156935,0.0,0.43560400571991037,0
Pulikeshinagar,0.6396119087790686,0.175,0.4684708263855128,0.3725635263005222,0.0,0.4259428622948549,0
Pulikeshinagar,0.3065379270647939,0.175,0.3947030111501852,0.37294126761604474,0.0,0.2946700668451216,0
Pulikeshinagar,0.34234055266912317,0.175,0.42120079828931917,0.25239711964650696,0.0,0.294418921039033,0
Pulikeshinagar,0.406712395365969,0.175,0.32350475667572715,0.1008112514949312,0.0,0.27467197743747424,0
Pulikeshinagar,0.2895817577196803,0.175,0.09883365492917634,0.21571041490427353,0.0,0.2059769084233644,0
Pulikeshinagar,0.43098235006739216,0.175,0.6563638985051754,0.6010075181391414,0.0,0.4247677299454935,0
Pulikeshinagar,0.30863078984725345,0.175,0.22174835091134476,0.7766407057806753,0.0,0.32136655249590895,0
Pulikeshinagar,0.40059819087200865,0.175,0.05955773230455058,0.4912719577023976,0.0,0.2783117069214728,0
Pulikeshinagar,0.3825248451906345,0.175,0.3909244003336697,0.3091477769408758,0.0,0.31094074242458736,0
Pulikeshinagar,0.5123053714554955,0.175,0.05905804707886324,0.219735568966259,0.0,0.2765788247701349,0
Pulikeshinagar,0.39511702323340026,0.175,0.13406918654693842,0.37639063316374766,0.0,0.2740633904156399,0
Pulikeshinagar,0.5563058451128045,0.175,0.15885521806971425,0.10166676071989786,0.0,0.29422810351140904,0
Pulikeshinagar,0.6314764127076823,0.175,0.4963084474566539,0.3413245122766393,0.0,0.4239771107805155,0
Pulikeshinagar,0.3793936763205836,0.175,0.5562134257677109,0.6575772811861025,0.0,0.3951670640436618,0
Pulikeshinagar,0.584276742108209,0.175,0.1820543047950295,0.5990534123579798,0.0,0.38326573255057605,0
Pulikeshinagar,0.44324448343971773,0.175,0.34011024205084034,0.5081531319023525,0.0,0.35188058739942213,0
K S Layout,0.4636338251285203,0.175,0.41933111860307926,0.14659332462842734,0.0,0.32062706120986206,0
K S Layout,0.8004741499514314,0.175,0.12716928579111397,0.1836446491895689,0.0,0.3856465070196591,0
K S Layout,0.6877901504936534,0.175,0.4278963124425124,0.2638344770045989,0.0,0.41838098671197105,0
K S Layout,0.2764946381387222,0.175,0.157264750547472,0.1338592069041961,0.0,0.20080495449367658,0
K S Layout,0.654815034544468,0.175,0.07467197983775554,0.5667005286344999,0.0,0.38162473735328983,0
K S Layout,0.5085369025287054,0.175,0.6776183164825456,0.5875006108643194,0.0,0.4541366708112039,0
K S Layout,0.6061823171796954,0.175,0.24179757491092252,0.06738421945580952,0.0,0.3231309589134493,0
K S Layout,0.7757900575517818,0.175,0.15251284585921415,0.3737540244401084,0.0,0.4105921929809827,0
K S Layout,0.5141240916515691,0.175,0.22036511657187663,0.13778115668176555,0.0,0.29718362889468936,0
K S Layout,0.35856472141414636,0.175,0.34052117708592444,0.2692900861059246,0.0,0.28649540082802477,0
K S Layout,0.5851723269106426,0.175,0.28640986450841804,0.29014422206516816,0.0,0.3581139206301837,0
K S Layout,0.4931586236282645,0.175,0.5372990597730205,0.43714935175944575,0.0,0.3981377329884135,0
K S Layout,0.2938491231719079,0.175,0.4722439170768485,0.1989069488423209,0.0,0.2796320188518856,0
K S Layout,0.641584351718152,0.175,0.2139341836796994,0.4505466412398094,0.0,0.3874233560232645,0
K S Layout,0.275044174163635,0.175,0.7813929566111216,0.13199689337958753,0.0,0.3248435862864347,0
K S Layout,0.528588962597464,0.175,0.47830951989335774,0.1648372702237838,0.0,0.35789363142135155,0
K S Layout,0.6559304768297249,0.175,0.20429550157222598,0.5342420548861877,0.0,0.4030710754377771,0
K S Layout,0.7884904203923384,0.175,0.40489482982373876,0.33565110769304846,0.0,0.4597982792560234,0
K S Layout,0.4710900770968074,0.175,0.30910164492047254,0.11356569659337445,0.0,0.29623671045698324,0
K S Layout,0.4114859918302364,0.175,0.295105340928746,0.3735291323719039,0.0,0.3115705351821175,0
K S Layout,0.44615887423527434,0.175,0.3920979419422395,0.6298644373953263,0.0,0.38155485998009286,0
K S Layout,0.46457551862890567,0.175,0.4526478310884533,0.15352576349234537,0.0,0.32865986226165944,0
K S Layout,0.4778277777856549,0.175,0.34873925259908406,0.41296970559104684,0.0,0.35143302858345304,0
K S Layout,0.18254678587312975,0.175,0.16367878982979206,0.566666823629972,0.0,0.23412715656604965,0
K S Layout,0.1892653652248071,0.175,0.38540740378350036,0.30348701542934997,0.0,0.24134741089978504,0
K S Layout,0.2719002304467627,0.175,0.4842997066882063,0.10498044925694694,0.0,0.26027208938255025,0
K S Layout,0.256039389908029,0.175,0.13226631800825006,0.23948087252009925,0.0,0.20448918094747504,0
K S Layout,0.23437974021013278,0.175,0.35603937456589396,0.24962632509852845,0.0,0.2431847327515045,0
K S Layout,0.4003073865037002,0.175,0.35071594297563335,0.2679206468017128,0.0,0.30293887089167865,0
K S Layout,0.2662355163322171,0.175,0.35013207608310754,0.16264920229105018,0.0,0.240106226276555,0
K S Layout,0.23157544631573018,0.175,0.4185384967061776,0.8402468848343174,0.0,0.3432961382768887,0
K S Layout,0.7343147302936515,0.175,0.08148416465525399,0.06686716272963412,0.0,0.3358370629432739,0
K S Layout,0.412803567256724,0.175,0.22403308723084542,0.2724576164497983,0.0,0.2826565084534922,0
K S Layout,0.5489941225938717,0.175,0.444241651478368,0.38225079151146085,0.0,0.3908338919302478,0
K S Layout,0.4590192687104852,0.175,0.4093822293589629,0.12965368685295256,0.0,0.3144812429484053,0
K S Layout,0.3490257482481095,0.175,0.3924149921344573,0.34927173135177286,0.0,0.3055327700164957,0
K S Layout,0.37310741857101015,0.175,0.18250310120453817,0.2674064990640806,0.0,0.25969919160037325,0
K S Layout,0.47370358980190136,0.175,0.3106523829246036,0.28880374672962894,0.0,0.3237472950250305,0
K S Layout,0.4632832673597896,0.175,0.2805437316925872,0.7070967930524514,0.0,0.3768224088723115,0
K S Layout,0.5269764602600668,0.175,0.1436732404347748,0.6287036590824393,0.0,0.3599819580403443,0
K S Layout,0.494339690458709,0.175,0.6313842181921099,0.580128447451794,0.0,0.4388150024167392,0
K S Layout,0.6233771617317727,0.175,0.5270743640672916,0.10402284219865315,0.0,0.3917003057493768,0
K S Layout,0.09848399713914135,0.175,0.302729318922589,0.32068770447659967,0.0,0.1956184184547072,0
K S Layout,0.6357865781764396,0.175,0.4881681609440117,0.1761057131457776,0.0,0.3990747915224228,0
K S Layout,0.21345086660925414,0.175,0.5548402513121662,0.5144227434959244,0.0,0.31533926510006083,0
K S Layout,0.3334457069084791,0.175,0.11490074109367397,0.6312733042441054,0.0,0.28687714127331826,0
K S Layout,0.637556461891335,0.175,0.42312739479053496,0.1966420117426749,0.0,0.38976654238147546,0
K S Layout,0.4785998852322361,0.175,0.5562936429520409,0.29518515352779234,0.0,0.3755464614508597,0
K S Layout,0.25957666722259964,0.175,0.3961029259684902,0.3984970418717004,0.0,0.282346975002363,0
K S Layout,0.5769649525356505,0.175,0.4243600086595719,0.6342367523315892,0.0,0.4344452479691304,0
Micolayout,0.4222211021911028,0.175,0.20916798779960538,0.1667515561648157,0.0,0.2671237167515294,0
Micolayout,0.24355537417283515,0.175,0.14125519522712665,0.349427289833864,0.0,0.21840951348099724,0
Micolayout,0.5781944893329598,0.175,0.485206881163947,0.43198606442028936,0.0,0.41670735716236873,0
Micolayout,0.16893835806581708,0.175,0.18361353924146545,0.17493859831960085,0.0,0.17459192291926917,0
Micolayout,0.5185366205086327,0.175,0.3021570480479735,0.19998774930848584,0.0,0.324417389183889,0
Micolayout,0.5988040462761807,0.175,0.20038657492489909,0.09845410351688139,0.0,0.31692684670917526,0
Micolayout,0.3706135787427525,0.175,0.21833547641560486,0.3506012122449352,0.0,0.27847202967982465,0
Micolayout,0.756040686544343,0.175,0.23876032520628554,0.30226710608365115,0.0,0.4102063712443248,0
Micolayout,0.4587387840836297,0.175,0.13180152556318459,0.257924664697344,0.0,0.2781075792465089,0
Micolayout,0.4349672416405633,0.175,0.4166329902477747,0.31948414754707977,0.0,0.33598775475581405,0
Micolayout,0.265939880743831,0.175,0.16596185468567576,0.39044903289280036,0.0,0.23733868413139603,0
Micolayout,0.5135242721808916,0.175,0.196055639182397,0.6952740498215986,0.0,0.3757357305730312,0
Micolayout,0.5516307286275615,0.175,0.6710867596045988,0.24485165049846652,0.0,0.41651585451533624,0
Micolayout,0.0,0.175,0.20999103422632592,0.27937471413949383,0.0,0.13640441396618927,0
Micolayout,0.5084466913312204,0.175,0.44306197343852183,0.4598910330914928,0.0,0.38805239161735544,0
Micolayout,0.3253038280714834,0.175,0.2114590883112722,0.34758915510847876,0.0,0.2607865307535454,0
Micolayout,0.3174142127996667,0.175,0.08113592523210553,0.5189508813578511,0.0,0.2576647917299821,0
Micolayout,0.6709637589685955,0.175,0.40602508555026195,0.41768250477707736,0.0,0.43119470846562247,0
Micolayout,0.20714363097935062,0.175,0.4528136349735874,0.3920816765855459,0.0,0.2743752493253221,0
Micolayout,0.463584829519377,0.175,0.7949477987968764,0.457016005935102,0.0,0.44229665098142246,0
Micolayout,0.5626984739317981,0.175,0.5019173265457699,0.5546038664672012,0.0,0.4330185111553635,0
Micolayout,0.23830881690201142,0.175,0.5190578107234223,0.5371884357555662,0.0,0.3202979134237234,0
Micolayout,0.4335263508116578,0.175,0.27407637176357863,0.4549710650300841,0.0,0.32729515689130856,0
Micolayout,0.18127763806312286,0.175,0.24772924883250574,0.06873464710390748,0.0,0.17580322015418026,0
Micolayout,0.6666595280400457,0.175,0.17385524838928307,0.22255765184727552,0.0,0.3539855322689639,0
Micolayout,0.2882051370108596,0.175,0.2683656157487626,0.24229933562672562,0.0,0.24338982144756222,0
Micolayout,0.0,0.175,0.12252691578642601,0.6503660810237036,0.0,0.17456029531084072,0
Micolayout,0.3810246180187428,0.175,0.11462049098850015,0.42552829495438926,0.0,0.2726119587474184,0
Micolayout,0.7867240399266999,0.175,0.27961477255931444,0.11198069458766297,0.0,0.4005734726743573,0
Micolayout,0.5708018590832548,0.175,0.055872952264492265,0.29968572219828515,0.0,0.30840809946178044,0
Micolayout,0.633490150532005,0.175,0.06755426294086,0.4885499997580385,0.0,0.3610149052380795,0
Micolayout,0.3081880972687562,0.175,0.19780365393769206,0.3700612559310478,0.0,0.2554357532212602,0
Micolayout,0.5831041447672907,0.175,0.5053534350079584,0.4768352082856441,0.0,0.42918241891299,0
Micolayout,0.56575825741642,0.175,0.1530214403648333,0.31566626052007807,0.0,0.3284696172467254,0
Micolayout,0.7435435233781225,0.175,0.29612221033901465,0.2167639043385531,0.0,0.4044792609009287,0
Micolayout,0.31088436592961366,0.175,0.09939242340164248,0.21663128304183946,0.0,0.2136827052119692,0
Micolayout,0.34074951862650393,0.175,0.35516308480105874,0.5022614731694701,0.0,0.31813416945490863,0
Micolayout,0.5011996611596304,0.175,0.19767933241000646,0.6821071928607618,0.0,0.36977182681698617,0
Micolayout,0.4142359097251717,0.175,0.2050332914046082,0.2484027517301261,0.0,0.2757496394442507,0
Micolayout,0.6872029491673954,0.175,0.1545038467933177,0.24679102389618668,0.0,0.36094045515167994,0
Micolayout,0.42629454887867513,0.175,0.5318972884579201,0.3773042475032082,0.0,0.3646781869246015,0
Micolayout,0.19784532255322573,0.175,0.7612730692214168,0.6123586454207665,0.0,0.36585427355102734,0
Micolayout,0.576990072862662,0.175,0.41243718807342006,0.47273737160157686,0.0,0.4078445688568523,0
Micolayout,0.477730443275885,0.175,0.3368353139180766,0.27699447015070655,0.0,0.32862188845278106,0
Micolayout,0.44274538048487794,0.175,0.2272051565832327,0.11074389903364379,0.0,0.26951349934140034,0
Micolayout,0.23922209676366654,0.175,0.26168986519591814,0.21390434121661003,0.0,0.22065135808895842,0
Micolayout,0.7355847651554355,0.175,0.3776067736120542,0.2732014410227361,0.0,0.42645623868022364,0
Micolayout,0.6083804082716405,0.175,0.607766264299257,0.42172862983748166,0.0,0.45024569023054783,0
Micolayout,0.4415609155369653,0.175,0.38463499062919876,0.4385189982867434,0.0,0.3497511683067891,0
Micolayout,0.34906311946473,0.175,0.4269174620567291,0.3388536453702952,0.0,0.3108836310295456,0
Kodigehalli,0.4866868409165529,0.175,0.17944366157471725,0.18632303491411978,0.0,0.2866775818728549,0
Kodigehalli,0.7757654766288798,0.175,0.6107616445134705,0.6185864086588333,0.0,0.538958207021627,0
Kodigehalli,0.5685666594336103,0.175,0.22624485561796115,0.5819144083121938,0.0,0.38403446317218487,0
Kodigehalli,0.43988045957388217,0.175,0.39540566301808094,0.5769715325409167,0.0,0.37208502333561244,0
Kodigehalli,0.6632921049803985,0.175,0.24931278198238416,0.3679643005931317,0.0,0.38970943822858606,0
Kodigehalli,0.717282837969441,0.175,0.5095117190869746,0.5949407201104107,0.0,0.4946924451232609,0
Kodigehalli,0.7984966030599161,0.175,0.34562672416656204,0.21459899689077427,0.0,0.43328900543789917,0
Kodigehalli,0.6734262342696814,0.175,0.20338123840494254,0.20719116256122358,0.0,0.3599541040595605,0
Kodigehalli,0.6536571180062329,0.175,0.25371215236091804,0.4957401511276003,0.0,0.40638344444350516,0
Kodigehalli,0.6297173665526938,0.175,0.3477885894778037,0.09131683029297455,0.0,0.3561563207329498,0
Kodigehalli,0.16417555768200426,0.175,0.15948375228285644,0.4170042739855836,0.0,0.2044088367431103,0
Kodigehalli,0.29300159343544535,0.175,0.2571646032880808,0.32459337437582797,0.0,0.2551724845163962,0
Kodigehalli,0.39606933849882586,0.175,0.39953337287540147,0.5395283168868866,0.0,0.35196019058270234,0
Kodigehalli,0.4287900163155345,0.175,0.21466246878956963,0.5520724547046622,0.0,0.3283198676740503,0
Kodigehalli,0.1407362757817761,0.175,0.41936565004508636,0.17164956896203817,0.0,0.21137826187694464,0
Kodigehalli,0.3746435634859657,0.175,0.4531394516972136,0.5690892770263526,0.0,0.35961652911348363,0
Kodigehalli,0.2058615328092803,0.175,0.12414053247099492,0.2590920096726908,0.0,0.1882434444283507,0
Kodigehalli,0.5940882312247404,0.175,0.17588121319898603,0.3566273806986769,0.0,0.3491012306732578,0
Kodigehalli,0.8201517773376934,0.175,0.35223931180373524,0.7239140151763914,0.0,0.5185880867053985,0
Kodigehalli,0.6027812971191622,0.175,0.4972578942692737,0.41810812318182666,0.0,0.4256412513228355,0
Kodigehalli,0.4589900169437299,0.175,0.25969145740391836,0.15884215941626834,0.0,0.28891112132352936,0
Kodigehalli,0.1927436776040848,0.175,0.31552614175279514,0.5469541020391046,0.0,0.26510863081785435,0
Kodigehalli,0.46331215860233815,0.175,0.5075841223449726,0.35475798320598545,0.0,0.36938977746071067,0
Kodigehalli,0.397190017495173,0.175,0.16565832953770515,0.5145437277031022,0.0,0.3018297311863169,0
Kodigehalli,0.0,0.175,0.5138321000699199,0.5499238843888091,0.0,0.23775500267230532,0
Kodigehalli,0.5001378209449284,0.175,0.347767409738269,0.45128317337249785,0.0,0.36479419528425344,0
Kodigehalli,0.0,0.175,0.45262650744582067,0.24952405113696996,0.0,0.18045390915970963,0
Kodigehalli,0.4477725969160319,0.175,0.4600883757948865,0.446437418317026,0.0,0.3682036968271423,0
Kodigehalli,0.45895240322698083,0.175,0.18017082543910617,0.2035147533776867,0.0,0.2796947192239175,0
Kodigehalli,0.44658397141437955,0.175,0.28464615269267657,0.34110556435645184,0.0,0.3168994551870359,0
Kodigehalli,0.35482589729219566,0.175,0.14296739533630815,0.5498574046634837,0.0,0.28776115381905265,0
Kodigehalli,0.27899126280042524,0.175,0.6097023416384656,0.3325694023384896,0.0,0.3219728206586154,0
Kodigehalli,0.39133511565186,0.175,0.2750526399401435,0.3534767061403165,0.0,0.2974993243872272,0
Kodigehalli,0.4682549045624411,0.175,0.697647171740491,0.21773170447900175,0.0,0.3885784066168028,0
Kodigehalli,0.41785582789705755,0.175,0.6150790995676847,0.32923978102719015,0.0,0.3711513268315856,0
Kodigehalli,0.5186887945929791,0.175,0.22393577227390232,0.14088116413924476,0.0,0.2999604071832099,0
Kodigehalli,0.6010786827271377,0.175,0.28537356098374267,0.33350126219201875,0.0,0.3699774404800495,0
Kodigehalli,0.11931094703652628,0.175,0.13723143064760412,0.6103564896813272,0.0,0.21325859104450406,0
Kodigehalli,0.5527516507938164,0.175,0.4478050053594342,0.2850390945738483,0.0,0.3782799430357998,0
Kodigehalli,0.2418673755038627,0.175,0.7021827304889608,0.6753372599820818,0.0,0.3788907165214564,0
Kodigehalli,0.3759765120066465,0.175,0.34089247463866784,0.3139380529328298,0.0,0.2993609820699843,0
Kodigehalli,0.6340727296345925,0.175,0.17101839379425138,0.5782466845251368,0.0,0.3953661368097282,0
Kodigehalli,0.707259514339556,0.175,0.32583072562537024,0.8425257061187701,0.0,0.49158583106173415,0
Kodigehalli,0.6004402848864521,0.175,0.39921800600350826,0.3153689396480379,0.0,0.38980304185816556,0
Kodigehalli,0.6454023892582627,0.175,0.2589431801894276,0.14363583595999133,0.0,0.35172484767227613,0
Kodigehalli,0.5953152559186495,0.175,0.46856828061156297,0.38643124149592245,0.0,0.4125386819182283,0
Kodigehalli,0.15805458577002413,0.175,0.557801649210687,0.23975124128518294,0.0,0.2553421210544233,0
Kodigehalli,0.6001023154993738,0.175,0.4713671077917385,0.09038639842848863,0.0,0.37036719174740185,0
Kodigehalli,0.423687398912505,0.175,0.4833575523272353,0.2562300729578626,0.0,0.3358966110285032,0
Kodigehalli,0.42370305923639945,0.175,0.3925403800639583,0.3753108876231316,0.0,0.33560077988900117,0
K R Puram,0.18627880294143612,0.175,0.09669300362402132,0.31380141664484534,0.0,0.1841063942510337,0
K R Puram,0.02083172420596141,0.175,0.5277014568191761,0.47780809122681,0.0,0.23700260851994326,0
K R Puram,0.24152084894245715,0.175,0.30693433079242927,0.47340504820881135,0.0,0.2694299205196676,0
K R Puram,0.31404524495921626,0.175,0.21032233482685175,0.4725589125909392,0.0,0.27536413958973693,0
K R Puram,0.5082144452115741,0.175,0.050580235484022046,0.6928936004036428,0.0,0.34442514298140176,0
K R Puram,0.6090055812975674,0.175,0.15015113812415382,0.3300643660548957,0.0,0.3451918359872137,0
K R Puram,0.6171520786059808,0.175,0.3259668803152966,0.11583076024796196,0.0,0.3510712176123469,0
K R Puram,0.5335333090157723,0.175,0.49342918214817305,0.7528575770778062,0.0,0.45085113114682585,0
K R Puram,0.567885853117869,0.175,0.5187547118284156,0.23325331790843726,0.0,0.3899989886432028,0
K R Puram,0.5092808651900103,0.175,0.2688185573905038,0.6610846008871084,0.0,0.3836747044276706,0
K R Puram,0.7980072814955524,0.175,0.5045376777448669,0.33824527240715324,0.0,0.4834468749334897,0
K R Puram,0.49217239036890664,0.175,0.20954788543665576,0.14711129777929893,0.0,0.2887366083833433,0
K R Puram,0.4878725732586158,0.175,0.45846077458960216,0.8504221276714888,0.0,0.4425108747091593,0
K R Puram,0.5639375780810785,0.175,0.15158904261129644,0.21870371540287883,0.0,0.3130015181610686,0
K R Puram,0.24238980470944393,0.175,0.3409654786984495,0.3480459082058778,0.0,0.25773641361887695,0
K R Puram,0.4001776638091915,0.175,0.09627735545065427,0.18798384002683852,0.0,0.24001522942737363,0
K R Puram,0.372191206706155,0.175,0.11568175735582839,0.28524913245327493,0.0,0.24869064368631116,0
K R Puram,0.1836176640887625,0.175,0.17559505728794345,0.29919205974934876,0.0,0.19676400285105788,0
K R Puram,0.7533505727851774,0.175,0.639240872067396,0.421704966933691,0.0,0.5072766199283448,0
K R Puram,0.4677791441400044,0.175,0.5831156095695481,0.11997246877807383,0.0,0.35084169267962223,0
K R Puram,0.5027821742996481,0.175,0.07672741194846057,0.39955589805955183,0.0,0.3037526281035017,0
K R Puram,0.6787742732362945,0.175,0.24491773480737566,0.49852796391252396,0.0,0.4138337371810568,0
K R Puram,0.29268099004444836,0.175,0.43536392166401716,0.28939814180232276,0.0,0.28542085211870877,0
K R Puram,0.5292045973130528,0.175,0.11778466389035028,0.43649385374588684,0.0,0.32675261989952153,0
K R Puram,0.6226502792928794,0.175,0.5419310302271853,0.198776827829169,0.0,0.4086303279723202,0
K R Puram,0.4227964545745131,0.175,0.18540530499168723,0.07848105794675707,0.0,0.24933197879143057,0
K R Puram,0.13755225538193006,0.175,0.21475360662811493,0.1393968301103531,0.0,0.16450353522585145,0
K R Puram,0.635482198451649,0.175,0.36182507729426366,0.2686592492528194,0.0,0.3875826723048528,0
K R Puram,0.34973305334330507,0.175,0.418188645033864,0.6374266360562433,0.0,0.35415829308536606,0
K R Puram,0.25319486025683546,0.175,0.11558363693720897,0.8224591725294856,0.0,0.28760380435675703,0
K R Puram,0.13008322658719013,0.175,0.29262315068164146,0.1125574130956715,0.0,0.17343737140619558,0
K R Puram,0.19814623679010263,0.175,0.46442653106017917,0.5245941797044547,0.0,0.29342561604423995,0
K R Puram,0.5385551488955949,0.175,0.25745150590740057,0.38017283173838434,0.0,0.34951052805569593,0
K R Puram,0.2360629477078682,0.175,0.09966874966110062,0.449559175446451,0.0,0.22248965794694164,0
K R Puram,0.32665448131945013,0.175,0.5378652507155333,0.9190284466783468,0.0,0.4122563856066662,0
K R Puram,0.5358382313111218,0.175,0.37589215983602986,0.4126378290947755,0.0,0.37711748729031497,0
K R Puram,0.5106359401640734,0.175,0.3952443829409246,0.5009610969195016,0.0,0.3854156201835359,0
K R Puram,0.3932578524144516,0.175,0.38289932001785554,0.11047277577296655,0.0,0.2832910287145741,0
K R Puram,0.16157286118210357,0.175,0.24412510659679798,0.33667069845332603,0.0,0.20837612750109474,0
K R Puram,0.33286060764101555,0.175,0.5464330463437876,0.4287596901989007,0.0,0.34260177547294807,0
K R Puram,0.3244318551970373,0.175,0.43057485489487574,0.3870319660997215,0.0,0.31022091521289646,0
K R Puram,0.470558480050741,0.175,0.17668879786946828,0.11584693920366654,0.0,0.269910268472203,0
K R Puram,0.6453481801988634,0.175,0.36371904423557,0.26160714509963723,0.0,0.3903567436816618,0
K R Puram,0.18127929650047978,0.175,0.20148093384529425,0.2587218823326167,0.0,0.19505222289411928,0
K R Puram,0.4290243180353396,0.175,0.23616869851457217,0.6387529618054006,0.0,0.3457051952860934,0
K R Puram,0.6940734885410611,0.175,0.30937793333952884,0.6275159448682759,0.0,0.4514286993875185,0
K R Puram,0.621386272165076,0.175,0.6605768095525202,0.22732290180704795,0.0,0.43619899243933785,0
K R Puram,0.30922530684374633,0.175,0.22841734087611953,0.4989323539421425,0.0,0.2812521786618565,0
K R Puram,0.23958636985565415,0.175,0.3287966948863363,0.37390686901872955,0.0,0.2582005987795556,0
K R Puram,0.0,0.175,0.0922801857211844,0.5857246536719435,0.0,0.1588147351950284,0
